date,open,high,low,close
12/20/2019 9:15,32266.85,32395.15,32200,32374.55
12/20/2019 10:15,32372.05,32388.1,32284.55,32368.2
12/20/2019 11:15,32367.3,32406,32336.25,32396.75
12/20/2019 12:15,32395.4,32409.1,32334.9,32343.3
12/20/2019 13:15,32341.4,32405.85,32290.5,32397.75
12/20/2019 14:15,32396.2,32441.9,32347.4,32384.05
12/20/2019 15:15,32382.95,32400.6,32359.45,32381.15
12/23/2019 9:15,32381,32458.35,32313.5,32437.4
12/23/2019 10:15,32441.3,32500.35,32378.35,32393.65
12/23/2019 11:15,32393.55,32453.55,32376.15,32407.8
12/23/2019 12:15,32408.85,32431.8,32335.1,32347.85
12/23/2019 13:15,32347.6,32351.5,32279.65,32307.05
12/23/2019 14:15,32308,32364.85,32198,32347.95
12/23/2019 15:15,32346.15,32372.8,32328.3,32336.3
12/24/2019 9:15,32337.8,32389.05,32289.5,32311.3
12/24/2019 10:15,32311.55,32359,32287.35,32312.5
12/24/2019 11:15,32313.8,32369.85,32305.35,32317.75
12/24/2019 12:15,32319.3,32346.4,32289.3,32324.05
12/24/2019 13:15,32323.6,32358.1,32297.7,32320.45
12/24/2019 14:15,32320.5,32348.95,32248.8,32272.8
12/24/2019 15:15,32269.85,32307.8,32262,32286.8
12/26/2019 9:15,32276.15,32312.5,32229.95,32263.05
12/26/2019 10:15,32263.75,32278.55,32206.1,32211.75
12/26/2019 11:15,32211.45,32219.2,32129,32152.2
12/26/2019 12:15,32150.15,32179.1,32092.4,32099.65
12/26/2019 13:15,32098.15,32124.9,31999.9,32007.65
12/26/2019 14:15,32010.9,32093.25,31974.85,32022.7
12/26/2019 15:15,32021.15,32035.45,31975.55,32020.6
12/27/2019 9:15,32142.5,32270.05,32060.65,32252.4
12/27/2019 10:15,32252.95,32355.3,32215.85,32349.9
12/27/2019 11:15,32355.15,32372.25,32313.95,32349.85
12/27/2019 12:15,32350.15,32384.9,32326.35,32352.25
12/27/2019 13:15,32353,32397.9,32312.8,32339.9
12/27/2019 14:15,32340.1,32420.2,32308.8,32402.05
12/27/2019 15:15,32402.5,32439.5,32401.3,32414.35
12/30/2019 9:15,32486.6,32601.1,32468.8,32572.35
12/30/2019 10:15,32574.25,32611.2,32492.1,32512.7
12/30/2019 11:15,32511.85,32513.5,32296.8,32330.5
12/30/2019 12:15,32329.45,32363.5,32248.95,32345.3
12/30/2019 13:15,32345.45,32360,32292.1,32292.1
12/30/2019 14:15,32289.65,32388.95,32289.6,32347.85
12/30/2019 15:15,32348.1,32383.9,32324.85,32372.1
12/31/2019 9:15,32345.95,32345.95,32188.75,32213.95
12/31/2019 10:15,32213.75,32228.4,32140.25,32169.5
12/31/2019 11:15,32170.7,32327.8,32152.2,32268.2
12/31/2019 12:15,32268.8,32272.35,32206.6,32234.25
12/31/2019 13:15,32231.85,32285.45,32222.75,32250.6
12/31/2019 14:15,32248.5,32265.55,32149.65,32160.25
12/31/2019 15:15,32160.5,32182.3,32112.7,32179.4
1/1/2020 9:15,32237.9,32347.5,32132.3,32139.2
1/1/2020 10:15,32142.55,32188.05,32091.45,32111.7
1/1/2020 11:15,32115.25,32150.85,32075.2,32147.55
1/1/2020 12:15,32147.1,32164.25,32058.55,32095.9
1/1/2020 13:15,32097,32168.25,32080.55,32102.75
1/1/2020 14:15,32102,32120.6,32062.1,32103.8
1/1/2020 15:15,32102.6,32135.55,32086.7,32128.9
1/2/2020 9:15,32133.15,32255.3,32132.95,32172.75
1/2/2020 10:15,32170.1,32234.6,32167.25,32190.3
1/2/2020 11:15,32192.15,32281.05,32191.4,32276.95
1/2/2020 12:15,32275.5,32296.15,32232.2,32272.2
1/2/2020 13:15,32273.1,32359.35,32265.8,32348.35
1/2/2020 14:15,32348.7,32462.05,32348.7,32453.55
1/2/2020 15:15,32455.2,32463.1,32425.95,32432.65
1/3/2020 9:15,32326.95,32326.95,32159.05,32218.95
1/3/2020 10:15,32219.55,32257.65,32102.65,32139.6
1/3/2020 11:15,32137.75,32161,32060.7,32076.3
1/3/2020 12:15,32078.15,32123.8,32035.25,32102.45
1/3/2020 13:15,32101.65,32106.5,32020.95,32023.75
1/3/2020 14:15,32024.55,32082.55,31962.25,32058.55
1/3/2020 15:15,32058.1,32110.55,32058.1,32077.8
1/6/2020 9:15,31910.45,31910.45,31495.75,31586.4
1/6/2020 10:15,31585.45,31598.2,31478.75,31487
1/6/2020 11:15,31485.9,31486.85,31356.7,31392.05
1/6/2020 12:15,31388.55,31428.05,31319.55,31357.45
1/6/2020 13:15,31355.65,31389.9,31254.6,31256.05
1/6/2020 14:15,31256.05,31321.95,31171.95,31240.85
1/6/2020 15:15,31242.2,31260.7,31223.3,31228.7
1/7/2020 9:15,31598.05,31850.05,31586.4,31729.8
1/7/2020 10:15,31728.45,31734.15,31407.25,31435.8
1/7/2020 11:15,31434,31549.1,31400.5,31490.95
1/7/2020 12:15,31491.7,31492.85,31260.15,31298.35
1/7/2020 13:15,31294.6,31392.35,31201.5,31326.9
1/7/2020 14:15,31329.05,31403.9,31289.2,31403.9
1/7/2020 15:15,31402.45,31443.35,31398.8,31400.95
1/8/2020 9:15,30995.5,31350.25,30902.6,31201.4
1/8/2020 10:15,31203.8,31298.05,31106.3,31119.45
1/8/2020 11:15,31116.5,31144.15,31050.5,31094.65
1/8/2020 12:15,31093.9,31282.75,31078.3,31197.1
1/8/2020 13:15,31195.35,31360.85,31152.4,31282.35
1/8/2020 14:15,31284.25,31448.65,31224.95,31372.35
1/8/2020 15:15,31371.25,31397.9,31347.75,31355.3
1/9/2020 9:15,31748.25,31883.3,31706.1,31814.15
1/9/2020 10:15,31808.7,31977.4,31808.65,31953.05
1/9/2020 11:15,31944.75,32061.65,31909.4,32054.2
1/9/2020 12:15,32051.95,32104.35,32000.95,32096.55
1/9/2020 13:15,32094.2,32172.35,32054.5,32080.05
1/9/2020 14:15,32080,32119.85,32049.25,32103.2
1/9/2020 15:15,32103.25,32109.65,32054.75,32071.55
1/10/2020 9:15,32215.7,32253.4,32051.05,32215.7
1/10/2020 10:15,32212.9,32325.1,32203.1,32312.4
1/10/2020 11:15,32312.6,32345.2,32268.65,32301.95
1/10/2020 12:15,32303.4,32314.2,32176.2,32217.75
1/10/2020 13:15,32221.15,32254.6,31997.45,32019.95
1/10/2020 14:15,32019.65,32133.9,31955,32103.7
1/10/2020 15:15,32102.55,32112.2,32069.4,32081.9
1/13/2020 9:15,32139.1,32322.65,32075.6,32215.05
1/13/2020 10:15,32215.8,32272.3,32165.4,32206.65
1/13/2020 11:15,32205.5,32247.3,32187.9,32242.85
1/13/2020 12:15,32243,32265.7,32120.9,32128.35
1/13/2020 13:15,32129.5,32172.2,32082.3,32105.15
1/13/2020 14:15,32103.1,32197.85,32075.95,32167.85
1/13/2020 15:15,32167.55,32215.55,32165.35,32198.2
1/14/2020 9:15,32196.45,32196.45,32029.05,32041.55
1/14/2020 10:15,32042.85,32090,31989.8,32018.75
1/14/2020 11:15,32019.65,32111.95,32005.25,32102.1
1/14/2020 12:15,32102.4,32147.95,32071.9,32079.3
1/14/2020 13:15,32080.6,32162.55,32019.35,32037.4
1/14/2020 14:15,32038.5,32144.55,32006.5,32065.75
1/14/2020 15:15,32066.25,32081.25,32043.8,32061.45
1/15/2020 9:15,31994.75,31997.3,31722,31737.8
1/15/2020 10:15,31736.6,31762.8,31700.65,31748.25
1/15/2020 11:15,31747.15,31792.05,31716.95,31718.55
1/15/2020 12:15,31717.8,31744.25,31693.3,31725.2
1/15/2020 13:15,31726.7,31750.85,31671.5,31720.6
1/15/2020 14:15,31720.6,31826.65,31708.7,31822.9
1/15/2020 15:15,31823.15,31853.7,31822.05,31835.85
1/16/2020 9:15,31810.55,31988.4,31810.55,31922.65
1/16/2020 10:15,31922.75,31928.9,31695.95,31721.15
1/16/2020 11:15,31722.5,31782.25,31716.55,31753.95
1/16/2020 12:15,31756.6,31888.1,31735.7,31873.3
1/16/2020 13:15,31873.55,31937.8,31826.9,31920.9
1/16/2020 14:15,31919.3,31929.4,31822.2,31854.7
1/16/2020 15:15,31857.4,31863.65,31833.2,31849.45
1/17/2020 9:15,31571.65,31700.45,31454.35,31683.75
1/17/2020 10:15,31682.35,31772.5,31633.75,31683.85
1/17/2020 11:15,31682.65,31684.15,31597.25,31640.05
1/17/2020 12:15,31645.6,31713.25,31616.1,31698.5
1/17/2020 13:15,31697.65,31708.15,31626.8,31647.65
1/17/2020 14:15,31648.15,31653.7,31566.75,31601
1/17/2020 15:15,31601.2,31603.3,31549.65,31553.7
1/20/2020 9:15,31923.95,31923.95,31412.85,31455.7
1/20/2020 10:15,31454.25,31484.35,31357.25,31372.75
1/20/2020 11:15,31371.15,31444.25,31362.55,31393.75
1/20/2020 12:15,31392.8,31416.3,31200.3,31200.55
1/20/2020 13:15,31207.05,31309.45,31154.8,31157
1/20/2020 14:15,31162.45,31176,31052.5,31073.55
1/20/2020 15:15,31074.5,31105.95,31059.5,31097.7
1/21/2020 9:15,30978.85,31170.05,30862,31068.05
1/21/2020 10:15,31069.65,31069.9,30879.5,30980.95
1/21/2020 11:15,30976.3,31069.45,30931.8,31016.75
1/21/2020 12:15,31015.6,31024,30943.7,31004.8
1/21/2020 13:15,31003.95,31004.9,30917,30931.55
1/21/2020 14:15,30928.65,31029.2,30872.35,30945.25
1/21/2020 15:15,30948.25,30969.3,30932.65,30955.1
1/22/2020 9:15,31061.6,31147.75,30895.7,30898.75
1/22/2020 10:15,30900.4,30918.5,30725.45,30731.7
1/22/2020 11:15,30728.3,30764.85,30687.7,30707.3
1/22/2020 12:15,30705.05,30804.95,30703.35,30759.6
1/22/2020 13:15,30761.1,30788.1,30615.75,30663.65
1/22/2020 14:15,30660.15,30741.5,30619.7,30705.25
1/22/2020 15:15,30704.65,30716.05,30675.1,30691.85
1/23/2020 9:15,30742.2,30953.5,30624.45,30862.6
1/23/2020 10:15,30862.5,30879.05,30732.25,30744.95
1/23/2020 11:15,30743.65,30853,30715.65,30853
1/23/2020 12:15,30851.1,31068.05,30851.1,31065.15
1/23/2020 13:15,31063.55,31087.25,30960.75,30992.1
1/23/2020 14:15,30993.1,31054.8,30971.55,30999.55
1/23/2020 15:15,31000.4,31014.7,30983.2,31012.75
1/24/2020 9:15,31040.1,31207.1,30882.7,31196.5
1/24/2020 10:15,31194.6,31298.6,31194.6,31253.3
1/24/2020 11:15,31253.75,31277.5,31174.3,31234.85
1/24/2020 12:15,31234.05,31305.6,31201.3,31303.5
1/24/2020 13:15,31302.25,31348.35,31268.75,31338.15
1/24/2020 14:15,31338.65,31374.15,31237.45,31256.45
1/24/2020 15:15,31256.05,31282.85,31221.6,31257
1/27/2020 9:15,31110.55,31187.45,30926.5,31159.65
1/27/2020 10:15,31160.5,31226.75,31070.4,31118.35
1/27/2020 11:15,31118.35,31151.15,31079.3,31114.85
1/27/2020 12:15,31114.6,31145.65,31017.8,31023.35
1/27/2020 13:15,31024.65,31064.8,30936.5,30967.8
1/27/2020 14:15,30969.25,31006.4,30830.1,30834.2
1/27/2020 15:15,30837.95,30844.05,30808.8,30819.2
1/28/2020 9:15,30922,31045.45,30761.4,30913.05
1/28/2020 10:15,30908.75,30991.7,30818.55,30929.3
1/28/2020 11:15,30929.7,30986.65,30917,30978.85
1/28/2020 12:15,30978.2,31048.25,30895.7,31017.45
1/28/2020 13:15,31018.7,31036.6,30856.7,30871.35
1/28/2020 14:15,30868.5,30905.45,30658.1,30794.15
1/28/2020 15:15,30791.25,30803.15,30762.75,30780.7
1/29/2020 9:15,30915.1,31022.95,30866.65,30995.25
1/29/2020 10:15,30994.45,31082.05,30937.8,31034.35
1/29/2020 11:15,31036.55,31067.4,30992.9,31030.75
1/29/2020 12:15,31029.85,31036.2,30955.9,30997.95
1/29/2020 13:15,30999,31036.1,30868.85,30969.05
1/29/2020 14:15,30968.1,31002.5,30839.95,30882.7
1/29/2020 15:15,30883.3,30905.95,30864.8,30872.65
1/30/2020 9:15,30889.25,30894.9,30627.8,30650.25
1/30/2020 10:15,30649.3,30661.75,30559.85,30607.25
1/30/2020 11:15,30607.1,30691.45,30593.75,30629.05
1/30/2020 12:15,30626.65,30643.65,30551.6,30599.55
1/30/2020 13:15,30596.55,30642.35,30528.25,30535.55
1/30/2020 14:15,30536.05,30731.05,30522.05,30648.85
1/30/2020 15:15,30645.35,30653.25,30591.4,30620
1/31/2020 9:15,30950.5,30981.5,30816.75,30893.1
1/31/2020 10:15,30895.85,30954.1,30776.45,30816.45
1/31/2020 11:15,30814.5,30828.6,30692.9,30743.3
1/31/2020 12:15,30743.75,30893.55,30695.05,30817.7
1/31/2020 13:15,30817,30976.95,30808.4,30953.75
1/31/2020 14:15,30955.1,31028.9,30795.8,30829.05
1/31/2020 15:15,30830.6,30840.05,30787.55,30812.75
2/1/2020 9:15,30726.2,30845.15,30437.75,30795
2/1/2020 10:15,30794.4,30918.55,30719.65,30872.85
2/1/2020 11:15,30876,30884.7,30626.25,30638.7
2/1/2020 12:15,30636.65,30811.6,30521.55,30637.95
2/1/2020 13:15,30637.2,30641.8,29929.2,30337.15
2/1/2020 14:15,30336.2,30338.5,29772.05,29812.25
2/1/2020 15:15,29810.85,29850.8,29755.3,29814.75
2/3/2020 9:15,29811.75,29951.95,29615.3,29936.25
2/3/2020 10:15,29938.9,30087.6,29929.2,30024.3
2/3/2020 11:15,30022.35,30022.35,29784.95,29836.85
2/3/2020 12:15,29836.55,30036.95,29798.8,29959.45
2/3/2020 13:15,29960.45,29996.05,29863.05,29925.65
2/3/2020 14:15,29927.3,30105.25,29885.65,30000
2/3/2020 15:15,29999.45,30055.7,29993.85,30046.5
2/4/2020 9:15,30235.3,30381.45,30186.75,30362.95
2/4/2020 10:15,30364.8,30693.7,30361.95,30635.7
2/4/2020 11:15,30637.6,30776.15,30637.6,30701.15
2/4/2020 12:15,30702.25,30718.7,30574.5,30655.45
2/4/2020 13:15,30652.8,30759,30634.25,30666.15
2/4/2020 14:15,30666.55,30723.95,30633.6,30681.55
2/4/2020 15:15,30680.3,30705.45,30653.2,30679.8
2/5/2020 9:15,30761.95,30885,30633.1,30854.1
2/5/2020 10:15,30849.2,30944.7,30817.3,30863.35
2/5/2020 11:15,30863.2,30881.85,30658.7,30719.4
2/5/2020 12:15,30717.55,30823.5,30698.8,30796.95
2/5/2020 13:15,30797.55,30958.8,30775.65,30932.45
2/5/2020 14:15,30932.25,31065.85,30932.25,30987.2
2/5/2020 15:15,30987.15,31037.35,30976.6,31018
2/6/2020 9:15,31070.75,31141.3,30972.9,31001.95
2/6/2020 10:15,30998.45,31049.95,30917.65,30920.1
2/6/2020 11:15,30919.05,31241.7,30919.05,31173.1
2/6/2020 12:15,31174.15,31353.55,31171,31319.8
2/6/2020 13:15,31322.4,31465.3,31245.9,31339.5
2/6/2020 14:15,31339.9,31378.7,31266.9,31301.25
2/6/2020 15:15,31303.5,31310.35,31269.9,31286.7
2/7/2020 9:15,31367.05,31367.05,31129.75,31183.15
2/7/2020 10:15,31183.45,31232.45,31129.85,31165.3
2/7/2020 11:15,31165.55,31207.35,31111.6,31156.85
2/7/2020 12:15,31158.85,31315.05,31137.05,31236.75
2/7/2020 13:15,31236.65,31251.95,31140.55,31196.85
2/7/2020 14:15,31196.1,31259.05,31150.8,31207.15
2/7/2020 15:15,31207.3,31210.25,31154.9,31163.25
2/10/2020 9:15,31248.65,31248.65,31009.65,31041.7
2/10/2020 10:15,31040.95,31068.8,30958.35,31052.45
2/10/2020 11:15,31051.55,31123.55,31011.55,31106.25
2/10/2020 12:15,31105.8,31140.45,31052.3,31057.6
2/10/2020 13:15,31056.3,31107.4,31024.9,31036.15
2/10/2020 14:15,31035.4,31071.35,30972.55,31068.4
2/10/2020 15:15,31069.55,31084.65,31045.5,31066.3
2/11/2020 9:15,31230.2,31504.25,31230.2,31452.4
2/11/2020 10:15,31452.5,31459.15,31383.9,31389.2
2/11/2020 11:15,31388.75,31409.05,31300.1,31319.45
2/11/2020 12:15,31321.5,31358.8,31289.7,31348.75
2/11/2020 13:15,31348.75,31392.35,31302.75,31326.8
2/11/2020 14:15,31326.5,31348.4,31273.6,31319.6
2/11/2020 15:15,31319.25,31324.55,31282,31299.95
2/12/2020 9:15,31441.15,31553.4,31403.45,31533.8
2/12/2020 10:15,31534.3,31588.6,31488.6,31502.8
2/12/2020 11:15,31500.1,31547.4,31455.25,31466.5
2/12/2020 12:15,31466.8,31511.2,31445.55,31467
2/12/2020 13:15,31468.15,31542.55,31430.8,31506.1
2/12/2020 14:15,31504.65,31539.9,31478.45,31480.7
2/12/2020 15:15,31480.65,31492.55,31466.7,31482.65
2/13/2020 9:15,31586.55,31598.55,31284.75,31315.8
2/13/2020 10:15,31319.15,31352.3,31278.3,31328.25
2/13/2020 11:15,31329.55,31345.85,31243.8,31257.1
2/13/2020 12:15,31258.35,31282,31207.8,31262.2
2/13/2020 13:15,31261.1,31261.45,31181.35,31208.75
2/13/2020 14:15,31206.8,31260.65,31184.7,31226.25
2/13/2020 15:15,31225.45,31249.15,31196.9,31197.75
2/14/2020 9:15,31281.85,31435.15,31275.25,31285.25
2/14/2020 10:15,31286.3,31318.6,30780.4,30855.65
2/14/2020 11:15,30857.65,31094.55,30846.5,30976.45
2/14/2020 12:15,30976.5,31007.75,30925.7,30953.1
2/14/2020 13:15,30950.1,30976.9,30878.8,30932.3
2/14/2020 14:15,30933.5,30933.95,30790.7,30833.4
2/14/2020 15:15,30836.9,30861.95,30806.55,30861.95
2/17/2020 9:15,30873.85,30996.5,30650.2,30764.2
2/17/2020 10:15,30772.8,30844.1,30691.95,30793.25
2/17/2020 11:15,30794.05,30866.4,30781.75,30798
2/17/2020 12:15,30796.45,30805.85,30679.4,30725.9
2/17/2020 13:15,30724.35,30758.7,30632,30651.55
2/17/2020 14:15,30655.2,30718.6,30635.25,30669.05
2/17/2020 15:15,30667.85,30717.7,30664.25,30711.55
2/18/2020 9:15,30661.5,30680.7,30439.9,30492.3
2/18/2020 10:15,30491.65,30495.5,30341.5,30367.1
2/18/2020 11:15,30365.85,30401.05,30314.1,30326.8
2/18/2020 12:15,30326.8,30359,30259.45,30313.85
2/18/2020 13:15,30315.2,30362.15,30260.25,30337.35
2/18/2020 14:15,30333.4,30615.2,30332.7,30615.2
2/18/2020 15:15,30613.5,30629.9,30569.25,30618.65
2/19/2020 9:15,30905,30930.35,30650.25,30712.55
2/19/2020 10:15,30708.25,30746,30608.35,30697.6
2/19/2020 11:15,30699.35,30758.15,30683.25,30750.2
2/19/2020 12:15,30745.85,30852.55,30721.85,30828.95
2/19/2020 13:15,30828.1,30839.65,30725.2,30781.05
2/19/2020 14:15,30781.35,30876.3,30750.7,30825.75
2/19/2020 15:15,30826.65,30851.55,30811.25,30841.05
2/20/2020 9:15,30862.3,30940.75,30709.35,30876.6
2/20/2020 10:15,30872.65,31022.5,30872.65,31011.55
2/20/2020 11:15,31012.85,31080.4,30996.15,31041.45
2/20/2020 12:15,31040.95,31082,31004.45,31033.95
2/20/2020 13:15,31035.45,31044.35,30967.85,30988.35
2/20/2020 14:15,30987.15,31050.35,30912.7,30960.7
2/20/2020 15:15,30959.95,30977.05,30914.95,30939.55
2/24/2020 9:15,30666.35,30666.35,30471.65,30577.7
2/24/2020 10:15,30576.4,30628.35,30526.4,30593.15
2/24/2020 11:15,30594.6,30663.55,30569.1,30628.95
2/24/2020 12:15,30629.45,30702.15,30612.85,30634.3
2/24/2020 13:15,30636.1,30647,30551.05,30587.05
2/24/2020 14:15,30587.4,30614.65,30440.5,30460.6
2/24/2020 15:15,30460.55,30499.4,30429.4,30486.35
2/25/2020 9:15,30517,30556.65,30337.65,30505
2/25/2020 10:15,30504.1,30547.25,30451.8,30538.55
2/25/2020 11:15,30538.5,30609.9,30499.65,30583.6
2/25/2020 12:15,30585.25,30592.7,30420.5,30424.1
2/25/2020 13:15,30427.4,30507.35,30347.5,30368.65
2/25/2020 14:15,30367.1,30519.3,30332.05,30443.3
2/25/2020 15:15,30443.95,30481.35,30425.75,30465.25
2/26/2020 9:15,30279.95,30346.25,30198.15,30256
2/26/2020 10:15,30255.45,30308.9,30177.85,30208.95
2/26/2020 11:15,30208.45,30282.75,30208.45,30244.75
2/26/2020 12:15,30244.7,30313.6,30234.45,30302.25
2/26/2020 13:15,30300,30509.05,30300,30328.35
2/26/2020 14:15,30326.2,30344.6,30135.1,30304.75
2/26/2020 15:15,30308.1,30372.9,30295.25,30345.35
2/27/2020 9:15,30270,30270,29918.85,29980.55
2/27/2020 10:15,29979.95,30042.2,29936.2,30003.7
2/27/2020 11:15,30006.85,30051.1,29950.35,29983.9
2/27/2020 12:15,29984.3,30090.85,29959.8,30066.5
2/27/2020 13:15,30069.2,30143.45,29981.05,30038.15
2/27/2020 14:15,30038.75,30230.1,30013.25,30205.45
2/27/2020 15:15,30202.1,30221.85,30149.9,30164.6
2/28/2020 9:15,29501.55,29564.1,29267.35,29347.9
2/28/2020 10:15,29347.9,29414,29325.75,29332.95
2/28/2020 11:15,29333.85,29394.3,29242.05,29264.8
2/28/2020 12:15,29265.1,29449.25,29162.75,29367.85
2/28/2020 13:15,29365.5,29422.5,29270.55,29305.9
2/28/2020 14:15,29307.5,29353.25,29053.4,29139.5
2/28/2020 15:15,29140.3,29222,29140.3,29191.4
3/2/2020 9:15,29701,29778.65,29327.7,29442.9
3/2/2020 10:15,29444.6,29549,29435.55,29494.8
3/2/2020 11:15,29496.5,29565.05,29476.7,29506.35
3/2/2020 12:15,29507.75,29524.1,29376.45,29437.65
3/2/2020 13:15,29436.9,29624.65,29435.75,29576.7
3/2/2020 14:15,29575.75,29587.3,28599.5,28628.05
3/2/2020 15:15,28635.65,28967.1,28573.5,28913.4
3/3/2020 9:15,29012.55,29280.65,29012.55,29106.55
3/3/2020 10:15,29106.2,29129.6,28794.4,28914.45
3/3/2020 11:15,28913.2,28971.15,28755.9,28891.3
3/3/2020 12:15,28886.4,29095,28844.45,28924.7
3/3/2020 13:15,28920.65,29185.85,28879.95,29098.65
3/3/2020 14:15,29097.65,29267.45,28971,29167.6
3/3/2020 15:15,29167.1,29260.85,29164.8,29240.7
3/4/2020 9:15,29252.95,29252.95,28925.1,28925.3
3/4/2020 10:15,28927.35,28927.35,28732.35,28778.65
3/4/2020 11:15,28778.3,28829.9,28724.85,28765.45
3/4/2020 12:15,28763.1,28818.65,28428,28457.9
3/4/2020 13:15,28462.1,28506.55,28125.45,28290.95
3/4/2020 14:15,28290.5,28740.5,28268.65,28703
3/4/2020 15:15,28703.45,28742.8,28610.35,28671.25
3/5/2020 9:15,28830.3,28909.85,28561.05,28615.25
3/5/2020 10:15,28605.9,29028,28538.55,28956.55
3/5/2020 11:15,28959.7,29102.5,28897.5,29060.4
3/5/2020 12:15,29061.55,29132.6,28941.7,29024.7
3/5/2020 13:15,29024.85,29041.2,28797.8,28884
3/5/2020 14:15,28883,28937.6,28736.45,28807.75
3/5/2020 15:15,28808.4,28832.65,28744.15,28787.6
3/6/2020 9:15,27649.95,27807.75,27201.3,27645.35
3/6/2020 10:15,27640.1,27675.45,27453.9,27497.45
3/6/2020 11:15,27500.45,27580.35,27442.5,27533.4
3/6/2020 12:15,27534.25,27864.05,27491.4,27829
3/6/2020 13:15,27832,28042.5,27776.9,27800.3
3/6/2020 14:15,27782.25,27948.45,27698.8,27811.45
3/6/2020 15:15,27811.2,27819.4,27759.6,27780.45
3/9/2020 9:15,27031.45,27039.05,26640.95,26693.6
3/9/2020 10:15,26700.15,26747.35,26525.2,26633.65
3/9/2020 11:15,26629,26738.6,26620.4,26734.2
3/9/2020 12:15,26734.8,26786.65,25940.4,26053.85
3/9/2020 13:15,26051.95,26260.1,25947.8,26244.85
3/9/2020 14:15,26245.7,26625.25,26167.1,26490.7
3/9/2020 15:15,26495.15,26515.25,26364.65,26502.25
3/11/2020 9:15,26272.75,26784.2,26241.5,26420.5
3/11/2020 10:15,26418.35,26461.45,26251.45,26357.85
3/11/2020 11:15,26356.7,26686.55,26320.35,26524.65
3/11/2020 12:15,26525.9,26738.7,26483.5,26647.95
3/11/2020 13:15,26648.65,26742.85,26412.25,26562.8
3/11/2020 14:15,26558.35,26658.85,26451.9,26467.15
3/11/2020 15:15,26468.35,26498.1,26422.8,26458.25
3/12/2020 9:15,25175.9,25215.95,24785.2,24976.1
3/12/2020 10:15,24974.05,24975.05,24025,24358.9
3/12/2020 11:15,24362.9,24545.65,24195.65,24320.3
3/12/2020 12:15,24324.35,24713.7,24324.35,24537.4
3/12/2020 13:15,24545.45,24685.2,24249.5,24249.5
3/12/2020 14:15,24245.3,24307.85,23613.1,23894.35
3/12/2020 15:15,23883.6,24250.05,23880.95,24162.5
3/13/2020 9:15,22720.75,22762,21397.45,21444.75
3/13/2020 10:15,21444.75,24579.05,21444.75,23952.75
3/13/2020 11:15,23951.8,24673.85,23738.75,24543.7
3/13/2020 12:15,24540.45,25654.95,24465.45,25235.25
3/13/2020 13:15,25203.15,25622.1,25012.45,25166.2
3/13/2020 14:15,25163.85,25221.5,24259.95,25217.7
3/13/2020 15:15,25218.7,25368.3,25119.7,25346.35
3/16/2020 9:15,24061.6,24061.6,23360.45,23715.75
3/16/2020 10:15,23714.65,24029.35,23618.45,23787.6
3/16/2020 11:15,23797.5,23899.7,23458.65,23496.35
3/16/2020 12:15,23498.6,23778.75,23320.2,23601.55
3/16/2020 13:15,23602.65,23705.15,23215.75,23221.15
3/16/2020 14:15,23222.1,23442.1,23019.8,23028.55
3/16/2020 15:15,23028.8,23123.55,23012.4,23084.9
3/17/2020 9:15,23348.05,23436.65,22396.5,23268.6
3/17/2020 10:15,23264.2,23448.4,23029.1,23095.6
3/17/2020 11:15,23098.8,23247.1,22848.1,23099.7
3/17/2020 12:15,23101.45,23266.35,22975.8,23125.5
3/17/2020 13:15,23127.8,23225.3,22705.95,22856.85
3/17/2020 14:15,22849.45,22884.25,22006.55,22058.8
3/17/2020 15:15,22054.9,22213.65,22028.85,22103.9
3/18/2020 9:15,22411.85,22531.6,21513.8,21542.95
3/18/2020 10:15,21532.45,21861.2,21184.2,21207.25
3/18/2020 11:15,21213.35,21412.6,20685.35,20732.25
3/18/2020 12:15,20737.25,20932.7,20269.45,20535.4
3/18/2020 13:15,20537.55,20932.2,20431.95,20514.3
3/18/2020 14:15,20519.85,20878.1,20329.3,20413.4
3/18/2020 15:15,20414.55,20958.65,20403.45,20828.65
3/19/2020 9:15,19428.95,19428.95,18680.65,19156.2
3/19/2020 10:15,19157,20333.55,19039.55,20333.55
3/19/2020 11:15,20338.15,20421.95,19613.35,19773.95
3/19/2020 12:15,19786.8,20633.45,19754.35,20299.15
3/19/2020 13:15,20295,21032.75,20094.4,20964.15
3/19/2020 14:15,20961.2,20995.2,20076.3,20123.7
3/19/2020 15:15,20126.05,20126.05,19911.65,20042.7
3/20/2020 9:15,19898.3,20220.1,19265.55,19757.9
3/20/2020 10:15,19756.25,19838.3,19466.15,19527.75
3/20/2020 11:15,19529.15,20205.85,19527.55,20148.6
3/20/2020 12:15,20161.3,20635.05,20137.95,20451.75
3/20/2020 13:15,20446.25,20923.25,19754.9,19875.65
3/20/2020 14:15,19891.4,20451.05,19740.2,20246.3
3/20/2020 15:15,20240.85,20426.55,20221.25,20272.9
3/23/2020 9:15,18311.3,18891.4,17719.55,17729.3
3/23/2020 10:15,17729.3,18058.95,17286.8,17392.6
3/23/2020 11:15,17391.5,17797.1,17229.5,17414.15
3/23/2020 12:15,17413.65,17720.65,17314.9,17426.75
3/23/2020 13:15,17426.15,17511.6,16911.75,16951.8
3/23/2020 14:15,16953.55,17225.7,16837.35,16843.45
3/23/2020 15:15,16842.65,17058.35,16792.2,17015
3/24/2020 9:15,17705.85,17799.4,16342.3,16412.25
3/24/2020 10:15,16420.5,17028.8,16118.1,16874.15
3/24/2020 11:15,16885.8,17283.55,16773.85,16917.7
3/24/2020 12:15,16919.55,17396.65,16805.5,17279.45
3/24/2020 13:15,17283,17635.45,17241.25,17387
3/24/2020 14:15,17383.55,17596.1,16899.3,17192.05
3/24/2020 15:15,17197.55,17283.05,17141.6,17256.15
3/25/2020 9:15,16759.95,17281.85,16637.8,16976.1
3/25/2020 10:15,16972.55,17134.05,16847.25,17025.65
3/25/2020 11:15,17026.35,17323.85,16929.45,17267.9
3/25/2020 12:15,17265.65,18317.15,17219.95,18292.6
3/25/2020 13:15,18293.2,18735.7,18177.25,18304
3/25/2020 14:15,18306.35,18546.3,18255.8,18454.1
3/25/2020 15:15,18459,18580.25,18391.6,18536.9
3/26/2020 9:15,18781.85,19819,18371.4,19819
3/26/2020 10:15,19818.5,20298.2,19673.05,19916.4
3/26/2020 11:15,19914.95,20357.3,19524,20323.45
3/26/2020 12:15,20322.05,20406.05,20121.05,20312.85
3/26/2020 13:15,20312.65,20390.3,19096.4,19384.85
3/26/2020 14:15,19368.1,19747,19209.4,19577.55
3/26/2020 15:15,19576.45,19733.65,19569.6,19660.5
3/27/2020 9:15,20801.6,21450.95,20635.2,20682.75
3/27/2020 10:15,20673,21120.2,19725.85,19747
3/27/2020 11:15,19749.5,20534.8,19718.7,20276.4
3/27/2020 12:15,20280.6,20335.95,19793.4,19894.65
3/27/2020 13:15,19878.95,20364.55,19582.8,20360.1
3/27/2020 14:15,20351.05,20593.25,19861.05,19983.75
3/27/2020 15:15,19988.4,20060.15,19891.75,19931.1
3/30/2020 9:15,19254.45,19682.8,19060.65,19441.9
3/30/2020 10:15,19441.45,19712.05,19336.8,19587.85
3/30/2020 11:15,19588,19631.75,19264.7,19312.5
3/30/2020 12:15,19312.55,19386.2,19032.65,19114
3/30/2020 13:15,19113.5,19184.1,18903.3,19025
3/30/2020 14:15,19016.55,19127.6,18672.2,18843.45
3/30/2020 15:15,18840.6,18851,18711.7,18763.25
3/31/2020 9:15,19307.65,19307.65,18796.75,18992.45
3/31/2020 10:15,18991.35,19172.5,18826.75,18854.25
3/31/2020 11:15,18853.9,19214.5,18846.25,19197.05
3/31/2020 12:15,19198.05,19309.05,19084,19112.85
3/31/2020 13:15,19116.15,19321.85,19074.25,19209.25
3/31/2020 14:15,19207.4,19463.9,19130.65,19139.45
3/31/2020 15:15,19136.05,19136.05,19017.6,19051.4
4/1/2020 9:15,19122.4,19154.75,18445,18485.05
4/1/2020 10:15,18484.9,18540.1,18147.9,18174.45
4/1/2020 11:15,18172.6,18320.9,18168.65,18320.9
4/1/2020 12:15,18320.3,18408.1,18154.2,18232.9
4/1/2020 13:15,18233.95,18260.95,18044.85,18123.95
4/1/2020 14:15,18124.85,18290.5,18092.55,18203.7
4/1/2020 15:15,18206.75,18229.45,18174.75,18207.35
4/3/2020 9:15,18325.05,18325.05,17518.6,17827.05
4/3/2020 10:15,17826.25,17864.55,17529,17568.9
4/3/2020 11:15,17571.3,17681.45,17539,17544.2
4/3/2020 12:15,17546.85,17614.1,17465.25,17579.1
4/3/2020 13:15,17580.15,17673.75,17259.35,17303.15
4/3/2020 14:15,17301.95,17336.2,17149.85,17222.75
4/3/2020 15:15,17223.35,17317.65,17221.65,17317.65
4/7/2020 9:15,18454.55,18465.45,18096.8,18128.2
4/7/2020 10:15,18127.3,18246.75,17957.35,18192.4
4/7/2020 11:15,18193.25,18340.7,18184.45,18269.95
4/7/2020 12:15,18269.2,18727.1,18264.4,18672.35
4/7/2020 13:15,18667.3,18990.75,18595.2,18894.45
4/7/2020 14:15,18891.85,19181.55,18871.2,19172.35
4/7/2020 15:15,19163.4,19169.65,18990.75,19055.45
4/8/2020 9:15,18799.4,19665.55,18489.45,19665.55
4/8/2020 10:15,19663.35,20318,19558.3,19695.1
4/8/2020 11:15,19697.3,19866.95,18997.45,19279.1
4/8/2020 12:15,19282.15,19353.9,18846.15,19185.4
4/8/2020 13:15,19185.55,19215.75,18675.7,18788.45
4/8/2020 14:15,18792.05,19134,18784,18875.35
4/8/2020 15:15,18878.15,18964.2,18875,18936.2
4/9/2020 9:15,19553.15,19810.95,19363.2,19635.05
4/9/2020 10:15,19627.15,19696.45,19211.35,19332.3
4/9/2020 11:15,19333.15,19660.3,19170.65,19533.85
4/9/2020 12:15,19528.6,19823.75,19457.4,19717.9
4/9/2020 13:15,19716.75,19858.7,19522.8,19624.3
4/9/2020 14:15,19622.2,19987.9,19543.5,19948.7
4/9/2020 15:15,19946,19961.65,19859.7,19876.45
4/13/2020 9:15,19854.9,19854.9,19294,19405.55
4/13/2020 10:15,19404.4,19600.55,19321.5,19516.45
4/13/2020 11:15,19517.3,19884.8,19454.05,19743.1
4/13/2020 12:15,19737.9,19758,19487.7,19500.95
4/13/2020 13:15,19498.15,19549,19321.8,19334.3
4/13/2020 14:15,19336.25,19629.65,19304.8,19476.4
4/13/2020 15:15,19473.6,19536.8,19463.75,19531.95
4/15/2020 9:15,20096.35,20114.15,19719.7,20050.7
4/15/2020 10:15,20050,20178.35,19957.5,20068.95
4/15/2020 11:15,20069.2,20117.75,19884.25,19999.95
4/15/2020 12:15,20008.95,20031.75,19730.35,19761.75
4/15/2020 13:15,19764.8,19764.8,19020,19042.9
4/15/2020 14:15,19047.55,19131.75,18777.4,19048.45
4/15/2020 15:15,19044.15,19122.85,19044.15,19120.9
4/16/2020 9:15,18957.15,19142.95,18706.25,18921.15
4/16/2020 10:15,18922.95,19148.3,18888.5,19105.65
4/16/2020 11:15,19105.45,19343.55,19100.2,19311.95
4/16/2020 12:15,19313.95,19394.9,19067.05,19269.75
4/16/2020 13:15,19271,19351.25,19191.95,19267.45
4/16/2020 14:15,19271.9,19456.35,19271.9,19392.9
4/16/2020 15:15,19394.55,19517.1,19389.35,19494.35
4/17/2020 9:15,20394.75,20434.5,20056.1,20153.65
4/17/2020 10:15,20163.45,20274.75,19799.85,20012.5
4/17/2020 11:15,20011,20152,19735.7,19850.15
4/17/2020 12:15,19851.05,19975.9,19778.3,19841.7
4/17/2020 13:15,19843.95,20075.5,19761.35,20024.65
4/17/2020 14:15,20020.3,20748.55,19978.15,20748.55
4/17/2020 15:15,20745.15,20827.95,20709,20749.25
4/20/2020 9:15,21104.7,21113.45,20677.8,20762.5
4/20/2020 10:15,20764.05,21008.35,20711.65,20913.5
4/20/2020 11:15,20913.2,20914.1,20612.65,20809.2
4/20/2020 12:15,20807.2,20873.1,20637.65,20769.85
4/20/2020 13:15,20767.8,20855.2,20707.95,20784.85
4/20/2020 14:15,20783.15,20999.85,20444.7,20529.9
4/20/2020 15:15,20526.95,20577.6,20488.55,20488.55
4/21/2020 9:15,19812.05,19873.3,19586.45,19692.65
4/21/2020 10:15,19694,19723.35,19571.85,19626.85
4/21/2020 11:15,19627.4,19654.95,19501.3,19565.95
4/21/2020 12:15,19565.85,19582.2,19302.05,19375.8
4/21/2020 13:15,19378.2,19380.7,19254.45,19351.2
4/21/2020 14:15,19347.7,19561.7,19340.8,19409.35
4/21/2020 15:15,19408.15,19444.95,19324,19354.25
4/22/2020 9:15,19306.95,19350.1,19053.5,19111.25
4/22/2020 10:15,19108.65,19556.25,19091.15,19550.85
4/22/2020 11:15,19554.25,19621.6,19339.1,19450.15
4/22/2020 12:15,19452.35,19597.4,19439.25,19456.2
4/22/2020 13:15,19455.25,19525.85,19245.35,19506.7
4/22/2020 14:15,19507.05,19804.8,19503.4,19707.95
4/22/2020 15:15,19707.9,19761.25,19683.25,19744.9
4/23/2020 9:15,19871.35,19954.75,19597.75,19924.6
4/23/2020 10:15,19925.15,20053.9,19915.15,19964.05
4/23/2020 11:15,19964.25,20183.8,19911.55,20162.45
4/23/2020 12:15,20164.4,20251.85,20058.05,20128.55
4/23/2020 13:15,20129.4,20225.6,19968.85,20214.2
4/23/2020 14:15,20207,20355.15,20137.05,20285.55
4/23/2020 15:15,20283.95,20284.25,20202.2,20221.7
4/24/2020 9:15,19697.65,19849.15,19555.75,19702.35
4/24/2020 10:15,19704.05,19807.6,19626.45,19689.85
4/24/2020 11:15,19689.9,19741.45,19620.55,19707.6
4/24/2020 12:15,19717.7,19949.45,19694.4,19874.3
4/24/2020 13:15,19879.5,19932.1,19536.75,19600.8
4/24/2020 14:15,19601.3,19658,19517.8,19570.4
4/24/2020 15:15,19569.55,19637.55,19566,19636.6
4/27/2020 9:15,19870.8,20124,19866.45,20077.85
4/27/2020 10:15,20075.15,20214,20050.25,20133.7
4/27/2020 11:15,20132.25,20152.5,20029.65,20103.4
4/27/2020 12:15,20102.55,20224.45,20099.3,20168.3
4/27/2020 13:15,20167.75,20199.55,20020.4,20095.85
4/27/2020 14:15,20095.5,20136.85,19990.9,20078.6
4/27/2020 15:15,20080.25,20094.1,20053.25,20080.8
4/28/2020 9:15,20436.6,20534.1,20262.85,20335.8
4/28/2020 10:15,20339.95,20462.9,20296.5,20411.95
4/28/2020 11:15,20417.15,20486.4,20396.05,20398.85
4/28/2020 12:15,20396.05,20532.6,20357,20514.4
4/28/2020 13:15,20519.6,20640.3,20499.4,20623.7
4/28/2020 14:15,20624.4,20704.45,20547.4,20667.2
4/28/2020 15:15,20667.9,20748.5,20643.45,20739
4/29/2020 9:15,20440.4,20757.95,20417.3,20711.1
4/29/2020 10:15,20712.8,20789.4,20623.9,20785.8
4/29/2020 11:15,20785.55,20838.15,20745.2,20780.5
4/29/2020 12:15,20779.5,20871.35,20736.75,20839
4/29/2020 13:15,20837.05,20908.3,20772.7,20878.15
4/29/2020 14:15,20878.85,21345.5,20863.6,21081.85
4/29/2020 15:15,21083.1,21116.1,20953.5,20982.7
4/30/2020 9:15,21589.2,21935.25,21589.2,21906.6
4/30/2020 10:15,21906.65,21964.2,21824.5,21932.45
4/30/2020 11:15,21931.65,21959.45,21851.55,21931.35
4/30/2020 12:15,21932.5,21966.65,21488.7,21647.6
4/30/2020 13:15,21639.85,21758.6,21562.9,21666.65
4/30/2020 14:15,21668.7,21688,21357.7,21545.3
4/30/2020 15:15,21548.6,21555.1,21462.6,21478.45
5/4/2020 9:15,20514.75,20514.75,19864.25,19954.35
5/4/2020 10:15,19956.7,20060.8,19913.9,19992.45
5/4/2020 11:15,19994.2,20044.55,19888.35,19987
5/4/2020 12:15,19986.85,20029.35,19890.65,19944.1
5/4/2020 13:15,19942.65,20036.6,19806.7,19833.5
5/4/2020 14:15,19832.4,19849.4,19645.65,19708.25
5/4/2020 15:15,19712.9,19817.2,19712.3,19813.25
5/5/2020 9:15,20147.3,20221.75,19754.15,19825.35
5/5/2020 10:15,19824.15,19940.15,19814.35,19843.45
5/5/2020 11:15,19845.1,19845.1,19631.55,19702.1
5/5/2020 12:15,19703.15,19889.35,19573.25,19844.95
5/5/2020 13:15,19845.45,19963.35,19673.65,19730.25
5/5/2020 14:15,19730.5,19731.5,19214.5,19259.15
5/5/2020 15:15,19262.55,19333.35,19257.7,19333.35
5/6/2020 9:15,19302.45,19535.4,18943.95,19524.8
5/6/2020 10:15,19512.15,19762,19439.2,19695.85
5/6/2020 11:15,19698,19744.4,19522.5,19692.25
5/6/2020 12:15,19691.6,19727.7,19579.95,19585.45
5/6/2020 13:15,19587.3,19803.75,19572.6,19657.6
5/6/2020 14:15,19657.2,19727.2,19361.4,19705
5/6/2020 15:15,19703.05,19775.15,19671.1,19762.3
5/7/2020 9:15,19536.05,19754.55,19336.85,19614.15
5/7/2020 10:15,19614.15,19644.8,19427.2,19465
5/7/2020 11:15,19467.95,19577.45,19429.85,19460.3
5/7/2020 12:15,19461.25,19562.45,19370.45,19538.6
5/7/2020 13:15,19537.2,19612.75,19428.15,19476.1
5/7/2020 14:15,19474.85,19578.75,19444.6,19499.8
5/7/2020 15:15,19503.7,19535.7,19465.75,19528.4
5/8/2020 9:15,19844,19967.75,19778.9,19833.6
5/8/2020 10:15,19834.25,19923.3,19777.05,19837.45
5/8/2020 11:15,19835.25,19881.05,19739.95,19788.4
5/8/2020 12:15,19791.85,19816.85,19682.7,19797.05
5/8/2020 13:15,19795.75,19799.5,19538.65,19573.7
5/8/2020 14:15,19570.6,19594.85,19287.2,19335.35
5/8/2020 15:15,19335.45,19441,19329.8,19360.7
5/11/2020 9:15,19610.45,19729.6,19418.85,19426.6
5/11/2020 10:15,19423.95,19445.45,19298.5,19352.05
5/11/2020 11:15,19350.95,19378.5,19187.8,19306.7
5/11/2020 12:15,19306.15,19373.3,19211.65,19341
5/11/2020 13:15,19343.5,19362.35,19086.4,19088.6
5/11/2020 14:15,19086.9,19132.15,18903.65,18970.15
5/11/2020 15:15,18971.35,18993,18934.6,18974.8
5/12/2020 9:15,18751.4,18751.4,18307.55,18425.15
5/12/2020 10:15,18423.4,18499.1,18370,18410.1
5/12/2020 11:15,18410.45,18425.95,18291.15,18398.3
5/12/2020 12:15,18396.7,18548,18294.85,18461.65
5/12/2020 13:15,18465.4,18532.3,18342.85,18495.05
5/12/2020 14:15,18491.25,18989.85,18491.25,18764.6
5/12/2020 15:15,18765.05,18937.4,18763.2,18888.85
5/13/2020 9:15,20017.75,20088.2,19509.15,19679.6
5/13/2020 10:15,19681.2,19829.15,19634.85,19783.2
5/13/2020 11:15,19782.2,19802.85,19683.15,19737.9
5/13/2020 12:15,19739.65,19754.45,19481.6,19503.35
5/13/2020 13:15,19504.6,19793.45,19430.95,19645.15
5/13/2020 14:15,19644,19729.1,19557.05,19631.1
5/13/2020 15:15,19630.15,19660.05,19606.65,19643.35
5/14/2020 9:15,19197.7,19377.85,19144.3,19246.15
5/14/2020 10:15,19243,19274.45,19136.95,19186.3
5/14/2020 11:15,19184.75,19255.55,19128.3,19232
5/14/2020 12:15,19231.65,19354.85,19193.6,19311.7
5/14/2020 13:15,19309.25,19311,19072.1,19099.8
5/14/2020 14:15,19100,19194.9,19026,19054.15
5/14/2020 15:15,19051.25,19103.25,19032.6,19092.15
5/15/2020 9:15,19098.8,19104.1,18735.9,18779.25
5/15/2020 10:15,18779,18824.6,18685.6,18740
5/15/2020 11:15,18741,18798.45,18700.9,18733.8
5/15/2020 12:15,18733.65,18858.4,18732.55,18770
5/15/2020 13:15,18768.45,18883.5,18713.5,18867.85
5/15/2020 14:15,18866.9,18944.6,18804.35,18831.15
5/15/2020 15:15,18831.3,18841.9,18806.45,18818.2
5/18/2020 9:15,18795.1,18795.1,17855.5,17918.25
5/18/2020 10:15,17914.5,17930.1,17601.35,17650
5/18/2020 11:15,17650.45,17725.1,17518.6,17634.75
5/18/2020 12:15,17637,17773.95,17617.35,17702
5/18/2020 13:15,17702.95,17819.45,17599,17762.5
5/18/2020 14:15,17762.15,17781.2,17542.8,17573.1
5/18/2020 15:15,17572.65,17651.8,17525.9,17638.45
5/19/2020 9:15,18037.15,18037.15,17555.5,17891.55
5/19/2020 10:15,17891.65,18172.8,17886.5,17967.2
5/19/2020 11:15,17967.1,18044.7,17889.5,17973.9
5/19/2020 12:15,17972.75,18005.05,17678.65,17750.1
5/19/2020 13:15,17751.1,17791.65,17394.95,17443.35
5/19/2020 14:15,17439.3,17599.25,17429.75,17489.15
5/19/2020 15:15,17487.55,17547.55,17484.65,17520.55
5/20/2020 9:15,17486.5,17736.65,17415.05,17613
5/20/2020 10:15,17613.8,17615.65,17448.9,17460.6
5/20/2020 11:15,17460.55,17636.9,17458.7,17559.65
5/20/2020 12:15,17564.15,17642.3,17528.1,17539.8
5/20/2020 13:15,17542.1,17742.9,17471.95,17681.2
5/20/2020 14:15,17682.95,17999.55,17679.1,17813.6
5/20/2020 15:15,17813.15,17941.85,17810.6,17939.7
5/21/2020 9:15,17901.95,18142.35,17853.7,18090.3
5/21/2020 10:15,18091.7,18199.8,18084.95,18102.95
5/21/2020 11:15,18103.1,18146.4,17999.15,18075.1
5/21/2020 12:15,18072.25,18157.3,17977.4,18134.35
5/21/2020 13:15,18137.5,18142.25,17886.05,17927.4
5/21/2020 14:15,17930.35,17930.5,17659.15,17744.8
5/21/2020 15:15,17742.75,17755.35,17708.8,17740.15
5/22/2020 9:15,17554.25,17948.85,17438.95,17602.1
5/22/2020 10:15,17603.95,17696.55,17118.6,17226.15
5/22/2020 11:15,17221.7,17391.6,17206.6,17244.2
5/22/2020 12:15,17242.15,17298.1,17180.85,17206.55
5/22/2020 13:15,17202.8,17329.45,17108.35,17306.4
5/22/2020 14:15,17306.85,17339.4,17154.6,17253.05
5/22/2020 15:15,17252.35,17359.5,17252.35,17359.5
5/26/2020 9:15,17537.65,17677.85,17501.4,17564.2
5/26/2020 10:15,17560.05,17619.85,17514.7,17539.05
5/26/2020 11:15,17539,17615.75,17489.95,17603.55
5/26/2020 12:15,17602.35,17660.6,17520.3,17522.7
5/26/2020 13:15,17523.3,17523.3,17357.25,17373.35
5/26/2020 14:15,17377.3,17495.05,17313.25,17420.85
5/26/2020 15:15,17421.65,17512.65,17415.45,17506.5
5/27/2020 9:15,17603.4,17675.45,17561.5,17626.05
5/27/2020 10:15,17625.8,17904.05,17625.6,17859.25
5/27/2020 11:15,17857.7,17896.3,17788.6,17884.3
5/27/2020 12:15,17884.85,18087.2,17884.6,18077.25
5/27/2020 13:15,18076.6,18871.95,18043.05,18553.55
5/27/2020 14:15,18549.15,18774.05,18399.4,18733.8
5/27/2020 15:15,18734.1,18786.3,18673.5,18711.95
5/28/2020 9:15,18924.45,19299.95,18828.4,19246.15
5/28/2020 10:15,19242,19450.5,19210.4,19418.05
5/28/2020 11:15,19416.2,19422.9,19219.2,19302.35
5/28/2020 12:15,19307.3,19329.6,19052.2,19074.1
5/28/2020 13:15,19076.4,19302.9,19034.1,19076.1
5/28/2020 14:15,19073.45,19188.45,19065,19154.65
5/28/2020 15:15,19155.8,19208.35,19138.6,19156.3
5/29/2020 9:15,18962,19007.65,18732.05,18889.95
5/29/2020 10:15,18895.1,19217.95,18856.15,19087.75
5/29/2020 11:15,19088.75,19175.25,18925.05,19011.05
5/29/2020 12:15,19009.25,19109.4,18976.25,19020.45
5/29/2020 13:15,19019,19254.7,18993.25,19222.25
5/29/2020 14:15,19222.45,19356.9,19104.5,19337.6
5/29/2020 15:15,19337.35,19338.8,19198.9,19212.45
6/1/2020 9:15,19728.9,20163.55,19668.7,20089.7
6/1/2020 10:15,20088,20105.8,19996.95,20050.65
6/1/2020 11:15,20051.85,20153.05,20034.15,20132.95
6/1/2020 12:15,20138.7,20222.85,20058.85,20132.85
6/1/2020 13:15,20131.55,20137.95,19801.2,19878.5
6/1/2020 14:15,19882.4,20039,19836.1,19968.2
6/1/2020 15:15,19969.05,19981.5,19917.7,19917.7
6/2/2020 9:15,20120.6,20273.25,19856.8,20099.9
6/2/2020 10:15,20097,20133.95,20006.85,20078.3
6/2/2020 11:15,20077.6,20212.6,20040.9,20187.3
6/2/2020 12:15,20190.35,20437.6,20152.15,20372.8
6/2/2020 13:15,20373,20486.8,20312.85,20425.45
6/2/2020 14:15,20425.7,20580.4,20364.45,20527.75
6/2/2020 15:15,20528.15,20612.95,20508.95,20612.95
6/3/2020 9:15,20966.6,21241.6,20966.6,21035.1
6/3/2020 10:15,21037.5,21165.55,21030.4,21087.8
6/3/2020 11:15,21084.85,21246.65,21084.85,21207.15
6/3/2020 12:15,21206.1,21226.95,21124.2,21178.9
6/3/2020 13:15,21179.9,21474,21172.3,21449.2
6/3/2020 14:15,21445.55,21613.25,20848.05,20862.1
6/3/2020 15:15,20863.4,20934,20823.45,20918.5
6/4/2020 9:15,20932.35,21140.6,20774,20866.15
6/4/2020 10:15,20866.75,20990.4,20789.8,20839.8
6/4/2020 11:15,20838.8,20860.15,20506.65,20529.6
6/4/2020 12:15,20528.45,20553.4,20317.35,20359.45
6/4/2020 13:15,20364.1,20609.2,20342.95,20428.2
6/4/2020 14:15,20422.5,20518.55,20353.05,20391.35
6/4/2020 15:15,20392.85,20421.05,20356,20379.35
6/5/2020 9:15,20516.4,20834.2,20516.4,20629.6
6/5/2020 10:15,20628.75,20632.9,20426.55,20576
6/5/2020 11:15,20576.3,20737.85,20532.2,20724.15
6/5/2020 12:15,20723.75,20757.45,20620.55,20728.1
6/5/2020 13:15,20729.75,20939.55,20677.85,20891.85
6/5/2020 14:15,20894.65,21050.95,20744.7,21001.1
6/5/2020 15:15,20997.5,21196.35,20992.95,21177.4
6/8/2020 9:15,21636.1,21805.3,21537.8,21621.6
6/8/2020 10:15,21624.3,21705.85,21530.7,21701.55
6/8/2020 11:15,21699.95,21740.85,21556.3,21577.3
6/8/2020 12:15,21578,21598.65,21174,21307.7
6/8/2020 13:15,21307.85,21317.5,21041.25,21113.55
6/8/2020 14:15,21109.9,21242.75,20916.45,21179.4
6/8/2020 15:15,21180,21246.45,21147.85,21223.75
6/9/2020 9:15,21295.5,21455.4,20983.65,21390.85
6/9/2020 10:15,21392.8,21507.5,21332.25,21422.65
6/9/2020 11:15,21425.9,21566.95,21380.95,21497.4
6/9/2020 12:15,21495.65,21518.9,21203.65,21235
6/9/2020 13:15,21241.85,21287.5,20870.9,20896.85
6/9/2020 14:15,20896.05,20996.15,20644.3,20735.45
6/9/2020 15:15,20736.35,20763.15,20631.35,20653.85
6/10/2020 9:15,20760.95,20977.55,20673.95,20784.35
6/10/2020 10:15,20782.75,21025.3,20782.75,20932.9
6/10/2020 11:15,20932.1,20967.6,20749.25,20841.1
6/10/2020 12:15,20842.3,21051.15,20784.15,20948.25
6/10/2020 13:15,20947,21000.25,20830.7,20922.05
6/10/2020 14:15,20930.75,21169.4,20733.6,21169.25
6/10/2020 15:15,21165.4,21250.6,21152.75,21240.25
6/11/2020 9:15,21084.7,21238.45,20903.25,21163.4
6/11/2020 10:15,21162.6,21172.65,20880.25,20891.3
6/11/2020 11:15,20887.95,20980.5,20817.9,20866.35
6/11/2020 12:15,20866.9,20972.55,20715.7,20826.9
6/11/2020 13:15,20828.7,20845.85,20565.5,20610.45
6/11/2020 14:15,20609.9,20651.35,20462.25,20497.3
6/11/2020 15:15,20495.25,20552.65,20460.05,20534.4
6/12/2020 9:15,19529.3,19940.25,19529.3,19799.7
6/12/2020 10:15,19797.95,19982.35,19782.85,19894.7
6/12/2020 11:15,19893.05,20378.2,19865.1,20031.55
6/12/2020 12:15,20032.55,20142.65,19872.6,19992.45
6/12/2020 13:15,19992.8,20490.05,19974.1,20327.8
6/12/2020 14:15,20326.7,20742.5,20314.8,20658.65
6/12/2020 15:15,20656.75,20683.5,20577.7,20600.05
6/15/2020 9:15,20457.15,20457.15,20105.8,20126
6/15/2020 10:15,20124.8,20127.9,19839.15,19862.7
6/15/2020 11:15,19862.95,19942.85,19752,19781.6
6/15/2020 12:15,19783.25,19919.7,19741.95,19862.4
6/15/2020 13:15,19859.5,20015.4,19767.8,19972.55
6/15/2020 14:15,19973.15,20128.85,19862.35,19908.9
6/15/2020 15:15,19914.95,19932.35,19859.2,19924.2
6/16/2020 9:15,20500.65,20634.55,20377.1,20415.1
6/16/2020 10:15,20413.05,20545.05,20337.8,20437.25
6/16/2020 11:15,20435.45,20498.85,20251.7,20275.7
6/16/2020 12:15,20275.95,20286.45,19913.2,19925.15
6/16/2020 13:15,19925.75,20035.5,19510.35,19965.3
6/16/2020 14:15,19962.95,20342.05,19932.75,20289.4
6/16/2020 15:15,20286.75,20325.75,20241.35,20251.8
6/17/2020 9:15,20137.45,20441.55,19981.6,20373.15
6/17/2020 10:15,20377.05,20387.75,20138.5,20236.95
6/17/2020 11:15,20238.25,20484.5,20115.9,20444.8
6/17/2020 12:15,20445.25,20570.25,20410.9,20529.7
6/17/2020 13:15,20531.75,20624.8,20377.05,20411.55
6/17/2020 14:15,20404.8,20482.2,20132.4,20207.75
6/17/2020 15:15,20210.35,20217.9,20153.55,20197.1
6/18/2020 9:15,20137.6,20223.3,20033.3,20223.3
6/18/2020 10:15,20219.95,20307.2,20146.45,20228.8
6/18/2020 11:15,20226,20369.1,20195.1,20354.95
6/18/2020 12:15,20353.95,20406.2,20268.9,20314.6
6/18/2020 13:15,20314.9,20730.1,20311.5,20727.2
6/18/2020 14:15,20727.6,20995.3,20725.9,20936.3
6/18/2020 15:15,20936.4,21026.2,20908.8,20922.2
6/19/2020 9:15,20970.1,21213.3,20878.25,21102.15
6/19/2020 10:15,21102.6,21181.5,20956.95,21163.75
6/19/2020 11:15,21166.35,21466.65,21143.85,21401.75
6/19/2020 12:15,21398.3,21413.75,21134.35,21238.5
6/19/2020 13:15,21236.85,21365.4,21022.8,21119.9
6/19/2020 14:15,21119.75,21390.1,21086.7,21371.1
6/19/2020 15:15,21370.4,21373.35,21293.75,21332.95
6/22/2020 9:15,21491.55,21812.25,21464.65,21690.2
6/22/2020 10:15,21689.85,21846.05,21581.95,21668.05
6/22/2020 11:15,21668.75,21734.2,21580,21694.15
6/22/2020 12:15,21692.85,21931.55,21691.65,21831.45
6/22/2020 13:15,21832.3,22068.35,21814.75,22023.7
6/22/2020 14:15,22025.1,22077.3,21611.75,21714.3
6/22/2020 15:15,21717.45,21758,21685.55,21742.3
6/23/2020 9:15,21859.25,21955.45,21650.5,21861.15
6/23/2020 10:15,21857.3,21942.25,21803.2,21826.05
6/23/2020 11:15,21826.65,21927.9,21774.1,21863.55
6/23/2020 12:15,21862.3,21993.1,21805.95,21965.5
6/23/2020 13:15,21965.1,22013.7,21865.8,21957.95
6/23/2020 14:15,21957.75,22278.7,21917.95,22250.75
6/23/2020 15:15,22249.65,22321,22228.45,22315.1
6/24/2020 9:15,22479.35,22479.35,22226.55,22351.75
6/24/2020 10:15,22349.7,22380.7,22043.2,22093.45
6/24/2020 11:15,22094.2,22133.9,21943.35,22047.3
6/24/2020 12:15,22046.4,22295.5,21906.2,21924.15
6/24/2020 13:15,21923.45,22011.25,21738.8,21761.5
6/24/2020 14:15,21758.55,21884,21355.2,21414.9
6/24/2020 15:15,21412.1,21471.3,21340.25,21449.55
6/25/2020 9:15,21218.05,21317.55,20928.7,21197.9
6/25/2020 10:15,21198.95,21603.9,21195.25,21488.2
6/25/2020 11:15,21486.45,21553.45,21249,21275.7
6/25/2020 12:15,21273.75,21367.45,21085.95,21218.35
6/25/2020 13:15,21219.05,21679.85,21137.85,21660.35
6/25/2020 14:15,21659.3,21700.65,21435,21489.4
6/25/2020 15:15,21486.3,21543.4,21459.85,21504.75
6/26/2020 9:15,21735.05,21784.6,21578,21631.65
6/26/2020 10:15,21632.65,21632.65,21375.15,21538.25
6/26/2020 11:15,21536.3,21574.95,21404.6,21553.85
6/26/2020 12:15,21554.35,21594.25,21326.2,21427.3
6/26/2020 13:15,21425.3,21524.85,21347.85,21456
6/26/2020 14:15,21457.25,21604.4,21406.05,21549.45
6/26/2020 15:15,21549,21688.35,21548,21661.75
6/29/2020 9:15,21291.55,21291.55,21026.6,21064.45
6/29/2020 10:15,21063.7,21215,21027.1,21166.85
6/29/2020 11:15,21165.75,21181.45,21075.2,21137.8
6/29/2020 12:15,21137,21315.9,21121.45,21186.55
6/29/2020 13:15,21185.05,21233.25,21076.4,21176.1
6/29/2020 14:15,21177.6,21401.05,21146.1,21397.3
6/29/2020 15:15,21397.3,21436.1,21354.5,21370.25
6/30/2020 9:15,21524.3,21649.9,21504.55,21578.5
6/30/2020 10:15,21579.65,21603.1,21468.3,21511.85
6/30/2020 11:15,21511.5,21547.1,21423.7,21470.55
6/30/2020 12:15,21473.3,21533.15,21375.25,21461.55
6/30/2020 13:15,21461.65,21506.1,21391.95,21432.75
6/30/2020 14:15,21433.1,21434.65,21214.9,21374.15
6/30/2020 15:15,21375.65,21406.25,21352.6,21378.25
7/1/2020 9:15,21354.1,21592.85,21284.35,21555.35
7/1/2020 10:15,21557.7,21575.6,21476.6,21549.45
7/1/2020 11:15,21546.65,21765,21526.05,21747.7
7/1/2020 12:15,21745.15,21863,21677.85,21830.1
7/1/2020 13:15,21831.9,21929.65,21749.6,21903.65
7/1/2020 14:15,21904.25,22060.75,21843.45,22005.05
7/1/2020 15:15,22004.65,22007.2,21883.35,21892.55
7/2/2020 9:15,22133.8,22344.7,22133.8,22238.1
7/2/2020 10:15,22241.3,22249,21912.45,21951
7/2/2020 11:15,21948.85,22159.2,21890.6,22155.1
7/2/2020 12:15,22152.35,22170.25,22022.8,22080
7/2/2020 13:15,22083.9,22245.3,22050.75,22216.65
7/2/2020 14:15,22214.45,22231.05,21929.5,21929.5
7/2/2020 15:15,21930.6,21997.65,21900.7,21992.6
7/3/2020 9:15,22101.75,22126.8,21816.4,21884.15
7/3/2020 10:15,21883.35,21989.55,21833.55,21895.8
7/3/2020 11:15,21890.5,22036.1,21871.5,21970.95
7/3/2020 12:15,21972.3,22051.9,21872.5,21879.35
7/3/2020 13:15,21878.7,21926.75,21769.35,21867.35
7/3/2020 14:15,21866.8,21890.2,21799.6,21848.7
7/3/2020 15:15,21849.15,21891.15,21833.45,21854
7/6/2020 9:15,22270.95,22343,22189.1,22264.75
7/6/2020 10:15,22261,22273.6,22186.05,22265.05
7/6/2020 11:15,22262.6,22298.95,22242.2,22268.4
7/6/2020 12:15,22269.5,22352.3,22241.9,22306.95
7/6/2020 13:15,22307.85,22394.65,22222.35,22264.4
7/6/2020 14:15,22265.05,22288.7,22171.75,22202.15
7/6/2020 15:15,22199.15,22241.35,22182.3,22204.4
7/7/2020 9:15,22254.3,22254.3,22040.55,22148.85
7/7/2020 10:15,22147.85,22194.75,22098.9,22143.6
7/7/2020 11:15,22142,22170.8,22055.5,22165.5
7/7/2020 12:15,22166.1,22422.3,22150.5,22412.45
7/7/2020 13:15,22405.9,22577,22374.4,22483.75
7/7/2020 14:15,22484.15,22659.55,22476.45,22624.75
7/7/2020 15:15,22626.7,22671.6,22556.5,22570.55
7/8/2020 9:15,22700.9,22832.5,22659.35,22762.1
7/8/2020 10:15,22761.05,22903.65,22761.05,22863.85
7/8/2020 11:15,22864.25,22918.45,22730.25,22860
7/8/2020 12:15,22863.05,22993.65,22819.55,22993.65
7/8/2020 13:15,22993.7,23078.9,22905.2,23031.2
7/8/2020 14:15,23029.9,23058.3,22553.5,22588.4
7/8/2020 15:15,22588,22588,22501.4,22568.2
7/9/2020 9:15,22753.15,22837.2,22692.35,22805.85
7/9/2020 10:15,22806.25,22863.5,22699.55,22846.3
7/9/2020 11:15,22845.3,22877.85,22770.05,22825.6
7/9/2020 12:15,22829.6,22891.35,22691.25,22747.4
7/9/2020 13:15,22746.25,22869.9,22740.85,22812.25
7/9/2020 14:15,22813.05,22944.25,22761.85,22887.75
7/9/2020 15:15,22889.75,22994.5,22884.25,22954.9
7/10/2020 9:15,22720.95,22834.25,22669.4,22804.8
7/10/2020 10:15,22802.9,22805.55,22592.05,22599.45
7/10/2020 11:15,22599.65,22638.75,22500.05,22545.45
7/10/2020 12:15,22545.2,22546.8,22392.8,22459.45
7/10/2020 13:15,22454.25,22552.65,22349.05,22373.6
7/10/2020 14:15,22373.3,22481.9,22323.35,22376.65
7/10/2020 15:15,22374.05,22410.5,22346.15,22401.7
7/13/2020 9:15,22613.25,22650.05,22411.25,22411.25
7/13/2020 10:15,22412.7,22479.3,22190.7,22241.5
7/13/2020 11:15,22241.7,22276.5,22079.7,22080.9
7/13/2020 12:15,22080.3,22200.15,21999.65,22121.1
7/13/2020 13:15,22117.85,22130.55,21982.65,22087.3
7/13/2020 14:15,22083.45,22169.6,22028.6,22071.35
7/13/2020 15:15,22071.1,22126.25,22059.65,22113.85
7/14/2020 9:15,21877.6,21877.6,21642.5,21694.65
7/14/2020 10:15,21691.75,21691.75,21408.05,21451.35
7/14/2020 11:15,21455.4,21560.05,21427.15,21477.6
7/14/2020 12:15,21477.45,21524.1,21225.55,21239.45
7/14/2020 13:15,21237.85,21405.5,21231.3,21397.1
7/14/2020 14:15,21398.75,21436.15,21301.8,21397
7/14/2020 15:15,21399.8,21434.4,21398.4,21420
7/15/2020 9:15,21634.25,21788.55,21497.5,21731.95
7/15/2020 10:15,21734.2,21878.4,21730.95,21839.55
7/15/2020 11:15,21842.05,21934.75,21731.6,21745.05
7/15/2020 12:15,21742.1,21769.2,21644.15,21732.1
7/15/2020 13:15,21732.7,21852.8,21663.75,21675.55
7/15/2020 14:15,21674.05,21687.65,21233.95,21321.9
7/15/2020 15:15,21320.55,21428.65,21285.55,21414.05
7/16/2020 9:15,21453.25,21453.25,21028,21176.3
7/16/2020 10:15,21175,21266.3,21123.6,21222
7/16/2020 11:15,21219.4,21425.4,21209.7,21265
7/16/2020 12:15,21264.45,21342.45,21171.15,21197.05
7/16/2020 13:15,21199.05,21375.95,21182.35,21338.2
7/16/2020 14:15,21338.25,21668.1,21335.2,21607.95
7/16/2020 15:15,21607.25,21608.6,21527.35,21542.45
7/17/2020 9:15,21608.05,21829.9,21608.05,21820.35
7/17/2020 10:15,21821.1,21842,21553.45,21601.95
7/17/2020 11:15,21605.2,21712.4,21570.45,21697.8
7/17/2020 12:15,21699.3,21770.25,21589.35,21637.95
7/17/2020 13:15,21636.75,21714.5,21560.75,21656.9
7/17/2020 14:15,21656.1,21973.3,21615.65,21970.45
7/17/2020 15:15,21975.65,22060.85,21973.6,22057.45
7/20/2020 9:15,22307.3,22516.9,22199.5,22461.5
7/20/2020 10:15,22456.65,22494.7,22311.65,22401.35
7/20/2020 11:15,22401.7,22406.4,22274.75,22371.25
7/20/2020 12:15,22370.1,22438.15,22323.8,22418.3
7/20/2020 13:15,22417.2,22471.2,22215.05,22438.45
7/20/2020 14:15,22438.75,22458.45,22307.3,22344.35
7/20/2020 15:15,22348.35,22348.35,22258.45,22281.7
7/21/2020 9:15,22639.85,22754.8,22600.55,22639.9
7/21/2020 10:15,22639.35,22691.2,22604.15,22662.65
7/21/2020 11:15,22665.85,22737.3,22639.9,22705.4
7/21/2020 12:15,22706.4,22756.35,22655.9,22694.75
7/21/2020 13:15,22697.4,22729.7,22631.55,22661.85
7/21/2020 14:15,22664.25,22860.9,22664.25,22801.55
7/21/2020 15:15,22797.05,22805.8,22753,22802.95
7/22/2020 9:15,23159,23208.4,22667.65,22759.15
7/22/2020 10:15,22760.35,22896.15,22729.15,22894.25
7/22/2020 11:15,22892.85,22922.7,22830.25,22869.55
7/22/2020 12:15,22869,23011.15,22824.8,22854.2
7/22/2020 13:15,22853.35,22859.35,22704.2,22732.9
7/22/2020 14:15,22729.1,22943.8,22658.75,22882.85
7/22/2020 15:15,22886.85,22938.7,22868.7,22881.8
7/23/2020 9:15,22854.85,22937.65,22743.5,22804.45
7/23/2020 10:15,22807.9,22973.15,22807.15,22970.55
7/23/2020 11:15,22970,23012.25,22914.15,22999.9
7/23/2020 12:15,22997.55,23079.6,22948.75,22985.85
7/23/2020 13:15,22984.3,23112.55,22974.6,23087.3
7/23/2020 14:15,23086.65,23112,22944.4,23073.2
7/23/2020 15:15,23069.9,23117.1,23055.75,23109.2
7/24/2020 9:15,22853.2,22853.2,22630.4,22672.45
7/24/2020 10:15,22670.45,22675.3,22420,22493.35
7/24/2020 11:15,22497.15,22561.8,22466.05,22493.95
7/24/2020 12:15,22496.45,22551.1,22418.6,22477.55
7/24/2020 13:15,22477.7,22722.55,22477.7,22697
7/24/2020 14:15,22697.4,22759.3,22590.2,22671.25
7/24/2020 15:15,22675.05,22681.1,22646.8,22676.1
7/27/2020 9:15,22664.6,22664.6,22051.9,22107.8
7/27/2020 10:15,22107.55,22175.1,22077.45,22090.85
7/27/2020 11:15,22090.25,22111.1,22012.45,22092.95
7/27/2020 12:15,22090.1,22158.2,22043.4,22082.1
7/27/2020 13:15,22081.15,22112.85,21900.55,21938.95
7/27/2020 14:15,21935.95,21970,21803.6,21840.65
7/27/2020 15:15,21840.2,21871.95,21816,21854.8
7/28/2020 9:15,21940.15,22089.7,21687.8,21691.65
7/28/2020 10:15,21694.4,21809.2,21615,21746.2
7/28/2020 11:15,21746.8,21904,21745.15,21897.2
7/28/2020 12:15,21894.3,21997.65,21853.6,21896.8
7/28/2020 13:15,21899.45,22052.9,21873.8,22000.35
7/28/2020 14:15,22001,22232.65,21994.5,22112.15
7/28/2020 15:15,22109.05,22115.55,22042.15,22084.1
7/29/2020 9:15,22075,22291.5,22042.5,22152.4
7/29/2020 10:15,22157.75,22209.65,22045.1,22167.3
7/29/2020 11:15,22168.1,22336.15,22160.35,22273.5
7/29/2020 12:15,22272.25,22333.55,22248.75,22302.95
7/29/2020 13:15,22302.45,22340.4,22064.15,22070.45
7/29/2020 14:15,22066.85,22191.35,21906.8,22089.8
7/29/2020 15:15,22087.9,22116.75,22047.7,22067.4
7/30/2020 9:15,22195.05,22251.65,22083.25,22176.1
7/30/2020 10:15,22175.05,22237.35,22107.65,22217.3
7/30/2020 11:15,22216.25,22239.3,22152.5,22180.95
7/30/2020 12:15,22181.2,22198.1,21877,21911.15
7/30/2020 13:15,21912.65,21955.7,21738.1,21739.45
7/30/2020 14:15,21737.5,21797.7,21580.85,21671.25
7/30/2020 15:15,21673.35,21679.8,21601.35,21652.95
7/31/2020 9:15,21730.55,21799.9,21378.35,21558.85
7/31/2020 10:15,21560.65,21703.2,21493.6,21527.4
7/31/2020 11:15,21528.35,21609.1,21434.5,21570.05
7/31/2020 12:15,21569.9,21636.25,21508.5,21615.25
7/31/2020 13:15,21612.15,21732.7,21464.3,21694.65
7/31/2020 14:15,21697.55,21720.55,21522.1,21630.7
7/31/2020 15:15,21630.2,21666.2,21605.35,21656
8/3/2020 9:15,21543.8,21543.8,21245.3,21324.85
8/3/2020 10:15,21323.55,21397.85,21273.95,21309.15
8/3/2020 11:15,21310.4,21325.45,21227.85,21256.15
8/3/2020 12:15,21255.55,21271.35,21085.1,21112.4
8/3/2020 13:15,21113.95,21184.15,21083.45,21133.75
8/3/2020 14:15,21134.2,21173.8,21034,21080.8
8/3/2020 15:15,21080.1,21138.35,21065,21132.6
8/4/2020 9:15,21248.25,21375.15,21059.25,21353.5
8/4/2020 10:15,21356.8,21443.2,21325.55,21376.15
8/4/2020 11:15,21378.6,21470.15,21377.25,21450
8/4/2020 12:15,21450.25,21459.75,21333.9,21428.15
8/4/2020 13:15,21430.15,21531.1,21387.45,21426.05
8/4/2020 14:15,21424.6,21574.3,21423,21496.45
8/4/2020 15:15,21498.1,21501.15,21462.65,21487.2
8/5/2020 9:15,21686.85,21933.45,21664.5,21863.15
8/5/2020 10:15,21862.9,21929,21821.2,21891.35
8/5/2020 11:15,21893.25,21893.25,21449.45,21614.25
8/5/2020 12:15,21612.95,21697.75,21526.75,21598.45
8/5/2020 13:15,21599.55,21651.55,21493.25,21575.55
8/5/2020 14:15,21580.9,21620.7,21449.15,21508.65
8/5/2020 15:15,21508,21563.75,21499.55,21556.3
8/6/2020 9:15,21644.25,21644.25,21515.1,21590
8/6/2020 10:15,21587.9,21671.7,21466.95,21530.45
8/6/2020 11:15,21526.9,21646.25,21389.5,21474.95
8/6/2020 12:15,21475.95,21888.7,21470.3,21855.5
8/6/2020 13:15,21853.95,21924.5,21661.55,21705.9
8/6/2020 14:15,21706.1,21707.25,21496.05,21653.1
8/6/2020 15:15,21653.5,21667.05,21615.05,21666.75
8/7/2020 9:15,21620.25,21660.9,21459.2,21600.9
8/7/2020 10:15,21600.65,21622.9,21533.25,21562.35
8/7/2020 11:15,21561.85,21731.25,21551.55,21682.35
8/7/2020 12:15,21685.35,21743.9,21593.85,21650
8/7/2020 13:15,21652,21714.55,21602.3,21683.25
8/7/2020 14:15,21679.6,21784.8,21630.5,21755.6
8/7/2020 15:15,21753.5,21782.4,21743.85,21762
8/10/2020 9:15,21824.9,22067.6,21824.9,21958.35
8/10/2020 10:15,21960.45,22003.6,21909.8,21987
8/10/2020 11:15,21983.3,22013.4,21948.8,21964.55
8/10/2020 12:15,21964.7,22004.3,21919.2,21973.55
8/10/2020 13:15,21970.9,22037.55,21804.45,21837.7
8/10/2020 14:15,21839.5,21972.7,21828.85,21888.6
8/10/2020 15:15,21887.45,21935.5,21871.05,21927.15
8/11/2020 9:15,22050.2,22236.8,22050.2,22111.4
8/11/2020 10:15,22111.7,22166.05,22066.45,22086.4
8/11/2020 11:15,22087.55,22130.1,22043.15,22084.6
8/11/2020 12:15,22085.5,22134.75,22046.5,22118.35
8/11/2020 13:15,22117,22177.8,22092.1,22153.05
8/11/2020 14:15,22151.6,22276,22128.45,22220.4
8/11/2020 15:15,22221.7,22256.05,22217.1,22244.7
8/12/2020 9:15,22135.95,22205.85,21997.15,22156.05
8/12/2020 10:15,22157.6,22204,22111.35,22181.65
8/12/2020 11:15,22182.55,22242.45,22156,22202.7
8/12/2020 12:15,22203.25,22324.3,22199.95,22297.3
8/12/2020 13:15,22296.25,22310.55,22184.35,22282.4
8/12/2020 14:15,22283.3,22310.65,22240.45,22275.6
8/12/2020 15:15,22276.7,22280.9,22224.75,22244.45
8/13/2020 9:15,22395.2,22438.15,22358.15,22386.05
8/13/2020 10:15,22385.85,22423.3,22348,22412.95
8/13/2020 11:15,22411.5,22432.2,22218.35,22280.8
8/13/2020 12:15,22281.85,22289.2,22178.85,22272.15
8/13/2020 13:15,22271.55,22309.5,22206.7,22280.05
8/13/2020 14:15,22280.9,22317.4,22142.1,22187.55
8/13/2020 15:15,22187.7,22229.45,22186.05,22225.65
8/14/2020 9:15,22334.95,22334.95,22162.7,22178.55
8/14/2020 10:15,22179.3,22193.6,22084.6,22167.1
8/14/2020 11:15,22166.4,22245.55,22150.8,22234.7
8/14/2020 12:15,22232.85,22245.65,22139.3,22142.05
8/14/2020 13:15,22143.4,22159.65,21629.15,21690.35
8/14/2020 14:15,21692.65,21694,21461.35,21691.85
8/14/2020 15:15,21692.95,21732.9,21671.25,21695.65
8/17/2020 9:15,21906.95,21906.95,21486.85,21612.3
8/17/2020 10:15,21612.5,21673.6,21567.15,21583.95
8/17/2020 11:15,21582.95,21631.6,21538.8,21625.1
8/17/2020 12:15,21625.65,21643.7,21552.1,21588.65
8/17/2020 13:15,21586.9,21631.55,21431.85,21476.45
8/17/2020 14:15,21478,21731.8,21404.05,21695.8
8/17/2020 15:15,21695.6,21760.6,21694.1,21755.2
8/18/2020 9:15,21702,21807.25,21629.75,21740.65
8/18/2020 10:15,21743.4,21854.25,21743.4,21809.3
8/18/2020 11:15,21809.2,21849.4,21767.75,21807.1
8/18/2020 12:15,21807.65,21847.85,21792.45,21818.55
8/18/2020 13:15,21818.65,22103.8,21798.05,22055.85
8/18/2020 14:15,22055.75,22225.65,22055.75,22171.3
8/18/2020 15:15,22170.95,22188.9,22149.05,22159.7
8/19/2020 9:15,22315.4,22385.45,22280.3,22363.05
8/19/2020 10:15,22365.2,22409.35,22329.95,22331.4
8/19/2020 11:15,22332.3,22381.5,22265.85,22325.15
8/19/2020 12:15,22324.2,22387.05,22293.6,22355.05
8/19/2020 13:15,22354.3,22418.8,22248.4,22370.3
8/19/2020 14:15,22372.4,22390.95,22236.5,22270.05
8/19/2020 15:15,22274.8,22313.1,22264.55,22295.7
8/20/2020 9:15,21989.9,22059,21932.15,21997.4
8/20/2020 10:15,21997.1,22050.7,21983.7,22013.9
8/20/2020 11:15,22014.15,22078.15,22012.45,22036.95
8/20/2020 12:15,22036.1,22048.55,21887.3,21955.25
8/20/2020 13:15,21959.6,22056.6,21901.6,21946.5
8/20/2020 14:15,21945.75,22050.8,21925.5,21991
8/20/2020 15:15,21989.3,21999.55,21968.3,21980.65
8/21/2020 9:15,22190.7,22338.5,22169.55,22299.9
8/21/2020 10:15,22298.8,22305.45,22254.75,22265.1
8/21/2020 11:15,22264.85,22309.75,22220.4,22260.95
8/21/2020 12:15,22260.65,22292.75,22246.7,22267.4
8/21/2020 13:15,22267.75,22341.5,22257.15,22317.65
8/21/2020 14:15,22318,22338.15,22257.75,22304.2
8/21/2020 15:15,22304.3,22340.05,22293.5,22318.6
8/24/2020 9:15,22436.85,22672.75,22436.1,22652.85
8/24/2020 10:15,22650.5,22713.4,22610.55,22678.35
8/24/2020 11:15,22678.35,22798.5,22663.4,22767.6
8/24/2020 12:15,22766.6,22847.3,22762.8,22831.2
8/24/2020 13:15,22833.95,22843.25,22763.3,22826.5
8/24/2020 14:15,22825.4,22897,22824.3,22848.35
8/24/2020 15:15,22848.15,22848.15,22794.9,22811.2
8/25/2020 9:15,22973.4,23123.3,22916.85,23091.7
8/25/2020 10:15,23092.2,23104.7,22859.05,23003.1
8/25/2020 11:15,23000.4,23088.9,22963.25,23082.4
8/25/2020 12:15,23081.7,23089.55,23008.5,23063.9
8/25/2020 13:15,23063.2,23178.1,22971.25,22977.8
8/25/2020 14:15,22978.75,23111.65,22906.1,23087.85
8/25/2020 15:15,23085.9,23128.35,23085.45,23102.9
8/26/2020 9:15,23175.55,23311.8,23112.5,23246.15
8/26/2020 10:15,23243.05,23319.95,23226.3,23268.6
8/26/2020 11:15,23267,23286.85,23198.45,23220.4
8/26/2020 12:15,23219.25,23267.95,23172.45,23240
8/26/2020 13:15,23241.8,23328.05,23198.4,23275.85
8/26/2020 14:15,23275.8,23424.05,23249.75,23391.6
8/26/2020 15:15,23390.65,23451.55,23390.1,23437.8
8/27/2020 9:15,23511.45,23649.9,23497.1,23593.45
8/27/2020 10:15,23592.6,23625.05,23560,23602.95
8/27/2020 11:15,23602.55,23676,23589.2,23663.65
8/27/2020 12:15,23663.95,23700.7,23626.75,23660.55
8/27/2020 13:15,23660.75,23673.8,23574,23644.5
8/27/2020 14:15,23643.75,23684.25,23554.5,23591.45
8/27/2020 15:15,23590.05,23640.75,23568.1,23635.8
8/28/2020 9:15,23635.3,24000.25,23604.5,23962.3
8/28/2020 10:15,23964.9,24205.8,23929.95,24186.7
8/28/2020 11:15,24187.85,24435.55,24187.85,24379.15
8/28/2020 12:15,24383.05,24383.95,24169.05,24227.5
8/28/2020 13:15,24227.2,24384.6,24210.2,24363.95
8/28/2020 14:15,24363.5,24541.4,24359.85,24510.8
8/28/2020 15:15,24507.9,24608.7,24493.15,24577
8/31/2020 9:15,25038.8,25228.5,24629.9,24676.9
8/31/2020 10:15,24679.25,24679.25,24305.7,24311.8
8/31/2020 11:15,24310.35,24348.85,23950.2,24186.25
8/31/2020 12:15,24183.05,24289.45,23843,23906.8
8/31/2020 13:15,23901.05,23903.25,23658.45,23669.5
8/31/2020 14:15,23671.75,23855.05,23387.3,23795.95
8/31/2020 15:15,23788.9,23912.85,23646.25,23668.75
9/1/2020 9:15,23893.8,24198.85,23581.95,23848.45
9/1/2020 10:15,23857.6,23864.05,23584.45,23586.1
9/1/2020 11:15,23583.65,23895.7,23477.7,23653.35
9/1/2020 12:15,23656.05,24112.05,23580.95,24057.85
9/1/2020 13:15,24055.4,24094.95,23718.15,23799.3
9/1/2020 14:15,23799.2,23878.55,23531.65,23878.55
9/1/2020 15:15,23881.6,23893.75,23832.05,23847.4
9/2/2020 9:15,23769,23863.6,23616,23629.95
9/2/2020 10:15,23627.4,23662.35,23507.65,23621.95
9/2/2020 11:15,23619.8,23737,23596.9,23630.15
9/2/2020 12:15,23628,23660.95,23507.95,23588.9
9/2/2020 13:15,23586.6,23739.45,23486.3,23734.05
9/2/2020 14:15,23749.15,23925.75,23749.15,23861.2
9/2/2020 15:15,23862.25,23914,23843.05,23879.4
9/3/2020 9:15,23986.15,24050.25,23722.15,23769.85
9/3/2020 10:15,23770.65,23839.65,23753.95,23766.4
9/3/2020 11:15,23766.85,23781.35,23602.6,23616.05
9/3/2020 12:15,23614.75,23771.75,23599.7,23708.1
9/3/2020 13:15,23709.65,23755,23647.7,23672.4
9/3/2020 14:15,23674.2,23743.95,23505.8,23512.15
9/3/2020 15:15,23509.9,23580.1,23452.95,23576.25
9/4/2020 9:15,23119.15,23244.8,22878.05,23132.1
9/4/2020 10:15,23132.65,23149.8,23052.55,23105.95
9/4/2020 11:15,23106.5,23144.6,23061.25,23118.9
9/4/2020 12:15,23118.75,23372.55,23112.5,23329.85
9/4/2020 13:15,23328.05,23387.85,23149.15,23167.1
9/4/2020 14:15,23165.55,23229.15,22881.1,23039.8
9/4/2020 15:15,23045.05,23084.2,22999.05,23084.2
9/7/2020 9:15,23036.25,23107.45,22794.25,23044.6
9/7/2020 10:15,23045.55,23070.25,22895.65,22987.95
9/7/2020 11:15,22989,23056.55,22936.2,22962.35
9/7/2020 12:15,22962.55,23011.2,22916.25,22996
9/7/2020 13:15,22994.5,23066.3,22925.9,22983.85
9/7/2020 14:15,22984.4,23008.3,22726.7,22961.9
9/7/2020 15:15,22959.75,23020.65,22944.75,22979.8
9/8/2020 9:15,22971.2,22971.2,22824.2,22904.7
9/8/2020 10:15,22906.9,23041.65,22897.1,22975.35
9/8/2020 11:15,22974.4,23001.8,22911.55,22953
9/8/2020 12:15,22952.15,23060.45,22949.5,22961.95
9/8/2020 13:15,22961.75,23018.6,22884.25,22937.25
9/8/2020 14:15,22937.9,22938.25,22717.7,22774.15
9/8/2020 15:15,22777.05,22793.2,22650.1,22664.5
9/9/2020 9:15,22486.7,22550.15,22269.2,22350.95
9/9/2020 10:15,22354.15,22363.05,22229.35,22270.45
9/9/2020 11:15,22271.2,22302.2,22154.1,22172.1
9/9/2020 12:15,22175.05,22241.5,22097.65,22182.7
9/9/2020 13:15,22183.25,22245.35,22109.95,22134.7
9/9/2020 14:15,22134.7,22304.95,22085.65,22284.45
9/9/2020 15:15,22287.3,22323.45,22273.85,22293.85
9/10/2020 9:15,22466.55,22530.1,22372.7,22409.25
9/10/2020 10:15,22409.4,22626.55,22393.7,22581.85
9/10/2020 11:15,22583.45,22677.8,22553.15,22618.75
9/10/2020 12:15,22618.95,22635.15,22434,22435.85
9/10/2020 13:15,22418.6,22425.7,22226.8,22295.2
9/10/2020 14:15,22296.9,22507,22288.3,22488.05
9/10/2020 15:15,22486.25,22501.5,22453.55,22490.7
9/11/2020 9:15,22509.95,22667.6,22369.7,22441.5
9/11/2020 10:15,22444.35,22486.15,22328.7,22410.7
9/11/2020 11:15,22411,22437.7,22321.75,22383.35
9/11/2020 12:15,22383.05,22421.65,22234.9,22261.45
9/11/2020 13:15,22257.45,22332.55,22209.3,22313.9
9/11/2020 14:15,22315.75,22512.1,22255.35,22492
9/11/2020 15:15,22494.6,22518.85,22462.35,22509.35
9/14/2020 9:15,22683.35,22746.6,22548.85,22575.9
9/14/2020 10:15,22578.7,22633.75,22534.6,22584.1
9/14/2020 11:15,22582.75,22640.95,22543.5,22559.65
9/14/2020 12:15,22558.05,22582.15,22434.8,22457.1
9/14/2020 13:15,22458.35,22459.25,22163.25,22205.5
9/14/2020 14:15,22206.85,22229.9,22037.2,22110.4
9/14/2020 15:15,22110.9,22118.9,22034.75,22091.15
9/15/2020 9:15,22202.8,22334.9,22065.65,22217.05
9/15/2020 10:15,22215.8,22262.5,22106.1,22164.8
9/15/2020 11:15,22164.45,22324.6,22148,22184.55
9/15/2020 12:15,22184.3,22297.65,22161.6,22188.05
9/15/2020 13:15,22188,22256.05,22114.35,22230.25
9/15/2020 14:15,22229.8,22501.8,22196.95,22454.8
9/15/2020 15:15,22453.25,22512.85,22431.5,22512.35
9/16/2020 9:15,22476.3,22503.4,22370.45,22431.4
9/16/2020 10:15,22433.75,22446.5,22318.1,22332.15
9/16/2020 11:15,22331.3,22357.55,22217.6,22296.8
9/16/2020 12:15,22297.05,22435.4,22262.4,22396.95
9/16/2020 13:15,22396.95,22549.65,22348.5,22539.8
9/16/2020 14:15,22538.6,22659.3,22538.6,22571.1
9/16/2020 15:15,22569.65,22582.25,22539.25,22545.15
9/17/2020 9:15,22352,22424.9,22297.65,22406.9
9/17/2020 10:15,22409.3,22503.3,22378.85,22452.2
9/17/2020 11:15,22452.05,22452.45,22306.85,22383.1
9/17/2020 12:15,22381.25,22428.3,22334.55,22337.55
9/17/2020 13:15,22340.2,22390.15,22311.3,22340.85
9/17/2020 14:15,22339.45,22449.5,22268.55,22328.65
9/17/2020 15:15,22328.6,22344.9,22313.05,22324.45
9/18/2020 9:15,22439.35,22465.1,22320.25,22373.5
9/18/2020 10:15,22370.55,22379.55,22270.75,22288.3
9/18/2020 11:15,22285.05,22358.3,22279.15,22303.35
9/18/2020 12:15,22305.4,22339.55,22256.8,22317.7
9/18/2020 13:15,22315.25,22365.05,22253.45,22300.95
9/18/2020 14:15,22300.05,22301.05,21791.2,22051.05
9/18/2020 15:15,22052.3,22099.05,22012.7,22063.4
9/21/2020 9:15,21983.4,22061.75,21866.65,21888.9
9/21/2020 10:15,21888.25,22094.2,21862.8,21935.2
9/21/2020 11:15,21934.9,21990.3,21889.1,21956.1
9/21/2020 12:15,21955.25,22008,21816.1,21835.2
9/21/2020 13:15,21833.7,21857.65,21483.7,21524.3
9/21/2020 14:15,21526.05,21540.4,21359.8,21409.55
9/21/2020 15:15,21409,21424.45,21278.1,21292.75
9/22/2020 9:15,21445.25,21461.35,21142,21374.85
9/22/2020 10:15,21373.3,21457.6,21234.65,21247
9/22/2020 11:15,21251.6,21347.5,21214.75,21263.95
9/22/2020 12:15,21265.7,21377.75,21152.45,21259.55
9/22/2020 13:15,21261.45,21412.35,21074.75,21088.55
9/22/2020 14:15,21087.15,21187.15,20959.35,21174.05
9/22/2020 15:15,21175.6,21212.8,21128.05,21188.35
9/23/2020 9:15,21350.8,21358.3,21131.05,21204.3
9/23/2020 10:15,21203.7,21274.35,21173.95,21234.3
9/23/2020 11:15,21235.9,21281.45,21109.9,21127.3
9/23/2020 12:15,21124.5,21199.85,21045.9,21119.8
9/23/2020 13:15,21119.55,21137.85,20826.4,20895.2
9/23/2020 14:15,20897.4,21222,20881.65,21191.75
9/23/2020 15:15,21189.65,21248.6,21163.25,21247.3
9/24/2020 9:15,20898.8,20955.3,20819.15,20857.7
9/24/2020 10:15,20859.1,20878.9,20765.9,20794.7
9/24/2020 11:15,20794.7,20840.5,20739.9,20780.4
9/24/2020 12:15,20780.3,20817.7,20699.3,20807
9/24/2020 13:15,20805.8,20834.35,20602.8,20671.25
9/24/2020 14:15,20668.55,20751.65,20444.9,20451.35
9/24/2020 15:15,20452.7,20480,20407.45,20475.15
9/25/2020 9:15,20740.8,20740.8,20452.7,20481.7
9/25/2020 10:15,20482.05,20593.5,20433.85,20583.7
9/25/2020 11:15,20583.45,20695.25,20507.75,20693.15
9/25/2020 12:15,20689,20905.2,20672.15,20797.9
9/25/2020 13:15,20794.5,20906.55,20705.4,20900.3
9/25/2020 14:15,20898.5,21061.3,20870.1,21002.55
9/25/2020 15:15,21004,21009.95,20933.7,20934.25
9/28/2020 9:15,21152.05,21410.65,21055.1,21325.45
9/28/2020 10:15,21326.4,21525.25,21253.3,21494.65
9/28/2020 11:15,21495.45,21574.65,21440.45,21522.7
9/28/2020 12:15,21520.2,21622.05,21419.65,21607.1
9/28/2020 13:15,21609.5,21684.8,21567.45,21630.2
9/28/2020 14:15,21629.9,21684.45,21571,21654.9
9/28/2020 15:15,21650.95,21708.55,21633.3,21694.45
9/29/2020 9:15,21770.9,21811.5,21384.1,21435.5
9/29/2020 10:15,21434.45,21507.65,21296.9,21330.4
9/29/2020 11:15,21332.4,21469.9,21319.55,21377.85
9/29/2020 12:15,21377.4,21442.9,21299.35,21343.15
9/29/2020 13:15,21347.85,21446.05,21283,21408.45
9/29/2020 14:15,21409.85,21580.8,21320.8,21425.95
9/29/2020 15:15,21423.8,21468.35,21412.7,21436.15
9/30/2020 9:15,21405.25,21415.75,21129.25,21175.95
9/30/2020 10:15,21176.45,21467.45,21173.4,21382.2
9/30/2020 11:15,21382.85,21401.6,21218,21273.6
9/30/2020 12:15,21267.55,21413.9,21237.9,21339.5
9/30/2020 13:15,21339.5,21505.95,21277.85,21505.95
9/30/2020 14:15,21500.55,21548.8,21402.8,21459.4
9/30/2020 15:15,21459.05,21486.65,21407.5,21416.85
10/1/2020 9:15,21685.25,21989.15,21685.25,21956.55
10/1/2020 10:15,21954.75,22095,21931.6,22051.45
10/1/2020 11:15,22051.5,22100.95,22027.25,22066.7
10/1/2020 12:15,22067.5,22127.25,22023.6,22057.05
10/1/2020 13:15,22056.8,22219.5,22015.75,22214.4
10/1/2020 14:15,22213.9,22292.55,22169.8,22288.7
10/1/2020 15:15,22286.95,22288.15,22215.4,22234.55
10/5/2020 9:15,22352.1,22766.5,22352.1,22710.25
10/5/2020 10:15,22708.15,22760.85,22598.2,22710.5
10/5/2020 11:15,22710.8,22752.95,22481.9,22576
10/5/2020 12:15,22575.5,22609.5,22381.2,22404.85
10/5/2020 13:15,22409.05,22506.45,22248.85,22458.3
10/5/2020 14:15,22461.6,22498.7,22338.9,22374.2
10/5/2020 15:15,22373.2,22394.35,22354.3,22370.6
10/6/2020 9:15,22673.05,22785.3,22524.6,22630.7
10/6/2020 10:15,22631.15,22678.2,22554.95,22644.4
10/6/2020 11:15,22642.3,22696.1,22610.9,22682.15
10/6/2020 12:15,22683.05,22723.95,22592,22634.2
10/6/2020 13:15,22634.35,22679.35,22558.7,22628.95
10/6/2020 14:15,22628.1,22873.75,22616.6,22842.15
10/6/2020 15:15,22844.45,22888.35,22831.45,22836.8
10/7/2020 9:15,22836.95,22991.35,22612.8,22948.9
10/7/2020 10:15,22944.05,22955.8,22777.2,22827.85
10/7/2020 11:15,22828.25,22911.8,22757.25,22840
10/7/2020 12:15,22840.6,23009.65,22835.05,22881.35
10/7/2020 13:15,22883.75,22977.8,22822.85,22932.55
10/7/2020 14:15,22931.4,23029.75,22910.25,22951.45
10/7/2020 15:15,22950.95,23000.05,22944.5,22962.75
10/8/2020 9:15,23150.25,23294.95,23100.2,23248.95
10/8/2020 10:15,23249.75,23359,23232.4,23350.05
10/8/2020 11:15,23350.5,23378.95,23320.15,23348.95
10/8/2020 12:15,23349.4,23367.95,23294.7,23354.25
10/8/2020 13:15,23354.4,23450.55,23196.65,23318.55
10/8/2020 14:15,23320.25,23324.15,23065.05,23181.15
10/8/2020 15:15,23183.5,23212,23167,23171.95
10/9/2020 9:15,23312.6,23375.7,23136.05,23305.05
10/9/2020 10:15,23309.5,23803.05,23300,23778.55
10/9/2020 11:15,23777.7,23795.6,23634.1,23639.5
10/9/2020 12:15,23639.25,23703.15,23586.15,23640.35
10/9/2020 13:15,23638.95,23751.65,23541.15,23741.05
10/9/2020 14:15,23741.25,23875.9,23737.9,23838.2
10/9/2020 15:15,23839,23903.05,23820.15,23885.4
10/12/2020 9:15,23955.6,24186.75,23952.6,24011.15
10/12/2020 10:15,23996.85,24019.9,23809.25,23871.3
10/12/2020 11:15,23872.55,23943.4,23723.65,23737.15
10/12/2020 12:15,23736.4,23884.9,23683.4,23759.05
10/12/2020 13:15,23758.6,23806.2,23554.15,23679.45
10/12/2020 14:15,23678.35,23767.65,23606.95,23706.3
10/12/2020 15:15,23705.7,23740.7,23697.9,23706.9
10/13/2020 9:15,23663.05,23663.05,23449.35,23561.45
10/13/2020 10:15,23558.9,23772.6,23558.35,23691.95
10/13/2020 11:15,23693,23743.7,23614.9,23654.7
10/13/2020 12:15,23658.2,23658.2,23466.3,23546.2
10/13/2020 13:15,23549.65,23587.45,23454.55,23543.45
10/13/2020 14:15,23544.5,23583.45,23448.1,23506
10/13/2020 15:15,23508.9,23517.35,23435.4,23443.6
10/14/2020 9:15,23353.15,23357.55,23182,23265.35
10/14/2020 10:15,23265.3,23305.9,23205.4,23233.75
10/14/2020 11:15,23231.15,23261.85,23155.2,23222.85
10/14/2020 12:15,23223.7,23369.9,23207.15,23249.25
10/14/2020 13:15,23249.05,23348.65,23196.95,23324.35
10/14/2020 14:15,23326.9,23889.65,23315.6,23858.3
10/14/2020 15:15,23857.6,23958.15,23835.85,23858.65
10/15/2020 9:15,23920.35,24084.4,23642.2,23998.55
10/15/2020 10:15,23997,24007.8,23808.45,23924.75
10/15/2020 11:15,23923.25,23927.4,23809.75,23885.7
10/15/2020 12:15,23884.7,23935.2,23657.95,23693.5
10/15/2020 13:15,23694.6,23755.6,23260.5,23272.45
10/15/2020 14:15,23275.15,23387.35,23001.6,23004.45
10/15/2020 15:15,23002.5,23072.4,22971.45,23035.5
10/16/2020 9:15,23219.85,23422.25,23150.7,23285.95
10/16/2020 10:15,23285.05,23383.65,23218.85,23308.3
10/16/2020 11:15,23308.4,23499.4,23231.5,23441.2
10/16/2020 12:15,23441.95,23621.4,23382.8,23548.1
10/16/2020 13:15,23547.35,23636.75,23421.45,23522
10/16/2020 14:15,23522.4,23596.4,23437.35,23546.05
10/16/2020 15:15,23547,23550.85,23478.35,23528.4
10/19/2020 9:15,23902.9,24185.35,23758.75,24119.2
10/19/2020 10:15,24120.7,24191.75,24026.3,24043.4
10/19/2020 11:15,24044.95,24083.55,23962.15,24081.7
10/19/2020 12:15,24085.15,24178.95,24069.4,24170.95
10/19/2020 13:15,24171.7,24243.65,24100.7,24221.75
10/19/2020 14:15,24222.25,24320.95,24142.95,24280.7
10/19/2020 15:15,24279.75,24291.85,24219.95,24227.8
10/20/2020 9:15,24117.35,24249.65,24054,24170.35
10/20/2020 10:15,24173.65,24374.1,24126.55,24348.7
10/20/2020 11:15,24348.4,24409.75,24300.15,24354.3
10/20/2020 12:15,24355.6,24374.45,24217.5,24280.9
10/20/2020 13:15,24279.15,24349.85,24239.2,24297.65
10/20/2020 14:15,24296,24364,24282,24323.6
10/20/2020 15:15,24324.85,24324.85,24281.5,24303.95
10/21/2020 9:15,24444.2,24776.25,24438.25,24771.95
10/21/2020 10:15,24773.35,24818.75,24729.45,24805.1
10/21/2020 11:15,24803.25,24803.25,24701.5,24780.8
10/21/2020 12:15,24781.15,24821.45,24729.3,24764.7
10/21/2020 13:15,24766.25,24767.2,24136.8,24161.95
10/21/2020 14:15,24156.7,24678.55,24103,24663.55
10/21/2020 15:15,24665.75,24705.2,24636.9,24642.7
10/22/2020 9:15,24447.35,24688.6,24359.6,24478.45
10/22/2020 10:15,24483.15,24684.3,24462.25,24629.3
10/22/2020 11:15,24627.95,24635.65,24453,24528.1
10/22/2020 12:15,24521.9,24589,24361.8,24540.8
10/22/2020 13:15,24544.7,24610.65,24384.6,24511.55
10/22/2020 14:15,24513.6,24524.65,24250.8,24471
10/22/2020 15:15,24473.5,24536.5,24471.4,24479.3
10/23/2020 9:15,24669.2,24762.9,24535.35,24559.7
10/23/2020 10:15,24559.6,24590.1,24400.3,24448.35
10/23/2020 11:15,24448.05,24505.15,24360.85,24392.9
10/23/2020 12:15,24391.8,24560.2,24389.1,24521.75
10/23/2020 13:15,24523.2,24535.15,24418.5,24459.3
10/23/2020 14:15,24459.75,24582.4,24426.6,24488.05
10/23/2020 15:15,24488.25,24489.9,24450.6,24473.95
10/26/2020 9:15,24525.8,24525.8,24358.5,24479.15
10/26/2020 10:15,24478.4,24504.15,24421.25,24433.95
10/26/2020 11:15,24433.35,24435.2,24152.45,24186.4
10/26/2020 12:15,24184.9,24200.35,23890.55,23977.55
10/26/2020 13:15,23974.55,24071.35,23870.15,23934.45
10/26/2020 14:15,23935.35,24110.25,23923.65,24081.75
10/26/2020 15:15,24082.3,24136.65,24055.85,24101.55
10/27/2020 9:15,24288.05,24357.3,23926.55,24245.55
10/27/2020 10:15,24244.5,24426.05,24181.15,24340.45
10/27/2020 11:15,24335.15,24521.85,24260.3,24477
10/27/2020 12:15,24481.4,24611.3,24391.3,24597.25
10/27/2020 13:15,24594.5,24687.45,24545.4,24628.7
10/27/2020 14:15,24630.95,24809.65,24628.8,24761.9
10/27/2020 15:15,24760.35,24785.05,24727.05,24776.6
10/28/2020 9:15,24737.85,24780.05,24448.15,24563.6
10/28/2020 10:15,24563.4,24607.2,24384.4,24423.05
10/28/2020 11:15,24424.9,24584.95,24418.75,24522.95
10/28/2020 12:15,24525.15,24615.8,24146.65,24245.7
10/28/2020 13:15,24245.45,24316.5,24060.55,24182.9
10/28/2020 14:15,24180.95,24263.95,24128.3,24211.25
10/28/2020 15:15,24213.6,24296.05,24205.65,24277.4
10/29/2020 9:15,24063.5,24216.05,23927.75,24183.15
10/29/2020 10:15,24181.95,24194.65,23987.95,24098.95
10/29/2020 11:15,24102.5,24334.2,24027.75,24262.2
10/29/2020 12:15,24262.7,24306.45,23905.3,23907.8
10/29/2020 13:15,23895.35,24070,23825.05,24008
10/29/2020 14:15,24009.1,24132.35,23902.55,24121.1
10/29/2020 15:15,24120.75,24126.1,24079.6,24088.25
10/30/2020 9:15,24090.15,24258.8,23980,24205.95
10/30/2020 10:15,24205.35,24277.35,23951.65,23982.4
10/30/2020 11:15,23979.15,24036.15,23676.15,23719.85
10/30/2020 12:15,23719.55,23803.55,23613.9,23741.75
10/30/2020 13:15,23740.55,23942.55,23719.25,23879.9
10/30/2020 14:15,23881,23963.05,23805,23906.25
10/30/2020 15:15,23905.55,23937.7,23883.4,23898.85
11/2/2020 9:15,24367.6,24371.3,24128.65,24299.25
11/2/2020 10:15,24303.7,24504.1,24303,24490.5
11/2/2020 11:15,24490.1,24589.2,24477.55,24527.8
11/2/2020 12:15,24527.75,24675.4,24483.9,24652.05
11/2/2020 13:15,24652.5,24784.3,24617.2,24768.05
11/2/2020 14:15,24763.1,25138.4,24763.1,24808.45
11/2/2020 15:15,24808.05,24916.25,24771.95,24845.25
11/3/2020 9:15,25108,25500.55,25108,25376.75
11/3/2020 10:15,25377.65,25472.45,25313.95,25403.45
11/3/2020 11:15,25406.65,25537.1,25354.5,25510.75
11/3/2020 12:15,25505.15,25623.4,25442.6,25611.1
11/3/2020 13:15,25608.95,25673.3,25502.55,25613.65
11/3/2020 14:15,25612,25686.45,25473.2,25657.4
11/3/2020 15:15,25658.1,25760.1,25648.25,25674.35
11/4/2020 9:15,25539.55,25772.75,25437.1,25481.5
11/4/2020 10:15,25484.05,25583.55,25362.85,25516.75
11/4/2020 11:15,25517.95,25582.15,25436.4,25450.85
11/4/2020 12:15,25450.65,25516.15,25228.65,25282.6
11/4/2020 13:15,25283.75,25539,25145.95,25476.35
11/4/2020 14:15,25472.8,25889.5,25471.9,25783.55
11/4/2020 15:15,25782.7,25792.9,25642.8,25656.35
11/5/2020 9:15,26174.8,26252.65,26078.7,26145.65
11/5/2020 10:15,26147.7,26179.35,26001.8,26068
11/5/2020 11:15,26070.3,26203.95,26067.6,26192.7
11/5/2020 12:15,26192.3,26305.85,26129.55,26286.1
11/5/2020 13:15,26287.2,26315.35,26159.05,26265.55
11/5/2020 14:15,26266.4,26373.65,26221.55,26323.5
11/5/2020 15:15,26326,26339.95,26304.1,26316.75
11/6/2020 9:15,26274.1,26490.75,26147.5,26429.3
11/6/2020 10:15,26432.75,26471.55,26304.7,26426.25
11/6/2020 11:15,26424.05,26549.35,26381.65,26521.25
11/6/2020 12:15,26522.35,26805.85,26503,26778.8
11/6/2020 13:15,26779.85,26824.75,26696.85,26748
11/6/2020 14:15,26746.65,26805.65,26525.2,26799.55
11/6/2020 15:15,26796.6,26850.5,26758.25,26768.1
11/9/2020 9:15,27088.95,27449.9,27088.95,27394.9
11/9/2020 10:15,27395.5,27398.25,27139.1,27258.85
11/9/2020 11:15,27259.6,27264.55,27103.85,27184.3
11/9/2020 12:15,27183.65,27335.95,27144.75,27326.95
11/9/2020 13:15,27327.45,27431.8,27277.1,27411.15
11/9/2020 14:15,27411.9,27557.3,27354.1,27538.45
11/9/2020 15:15,27537.15,27590.4,27512.55,27582.25
11/10/2020 9:15,28039.45,28292.55,27917.8,28270.95
11/10/2020 10:15,28270.15,28447.2,28180.85,28380.45
11/10/2020 11:15,28380.45,28442.65,28293.7,28395
11/10/2020 12:15,28393.4,28714.25,28378.05,28701.3
11/10/2020 13:15,28703.6,28801.55,28321.75,28325.7
11/10/2020 14:15,28329,28664,28287,28588.1
11/10/2020 15:15,28586.55,28635.65,28566.1,28603.5
11/11/2020 9:15,28713.15,28953.65,28598.5,28831.6
11/11/2020 10:15,28831.45,29028.75,28646.9,28650.8
11/11/2020 11:15,28650,28756.1,28441.6,28697.15
11/11/2020 12:15,28701.85,28745.35,28351.2,28351.2
11/11/2020 13:15,28343.05,28799.5,28213.35,28752.95
11/11/2020 14:15,28752.7,28887.8,28692,28835.05
11/11/2020 15:15,28834.1,28898.4,28834.1,28886.8
11/12/2020 9:15,28633.75,28669.7,28286.75,28439.2
11/12/2020 10:15,28437.4,28513.8,28376.2,28438.65
11/12/2020 11:15,28438.85,28470.2,28329.5,28360.65
11/12/2020 12:15,28360.65,28509.15,28220.95,28330.75
11/12/2020 13:15,28331.6,28354.6,28068.9,28271.3
11/12/2020 14:15,28272.7,28302.75,28149.8,28293.95
11/12/2020 15:15,28293.6,28320.1,28264.75,28285.9
11/13/2020 9:15,28108.7,28108.7,27704.15,27839.3
11/13/2020 10:15,27839.5,28230.2,27838.9,28111.95
11/13/2020 11:15,28113.1,28115.15,27958.85,28076.25
11/13/2020 12:15,28072.85,28239.55,28007.4,28211.15
11/13/2020 13:15,28210.6,28442.6,28119.45,28374.95
11/13/2020 14:15,28375.1,28518.2,28314.1,28476.1
11/13/2020 15:15,28475.6,28510.3,28432.25,28466
11/14/2020 18:15,28685.7,28750.05,28433.8,28502.6
11/17/2020 9:15,28792.25,29124.2,28744.95,28963.3
11/17/2020 10:15,28961.05,29008.25,28723.7,28836.8
11/17/2020 11:15,28834.1,28945.5,28781.1,28910.85
11/17/2020 12:15,28910.15,28971.5,28801.05,28890.7
11/17/2020 13:15,28889.1,29072.4,28870.3,29059.55
11/17/2020 14:15,29059.35,29186.6,28971.7,29170.25
11/17/2020 15:15,29170,29238.75,29148.1,29216.65
11/18/2020 9:15,29107.9,29471.65,29058.1,29375.45
11/18/2020 10:15,29372.85,29457.95,29299.5,29351.65
11/18/2020 11:15,29352.7,29435.2,29281.2,29399.5
11/18/2020 12:15,29398,29521.35,29334.95,29484.45
11/18/2020 13:15,29484,29761.9,29460.9,29676.3
11/18/2020 14:15,29676.75,29781.95,29608.7,29760.85
11/18/2020 15:15,29760.95,29776.2,29719.85,29738.6
11/19/2020 9:15,29302.6,29624.75,29297.7,29572.15
11/19/2020 10:15,29570.5,29573.3,29372.9,29468.45
11/19/2020 11:15,29468.8,29559.25,29445.2,29532.85
11/19/2020 12:15,29533.85,29568.35,29368.15,29435.3
11/19/2020 13:15,29436.2,29466.1,29069.3,29111.45
11/19/2020 14:15,29109.45,29150.85,28831.45,28915.1
11/19/2020 15:15,28912.6,28923.15,28826.25,28837.65
11/20/2020 9:15,28935.75,29126.5,28746.3,28970.9
11/20/2020 10:15,28972.6,29036.2,28627.05,28627.05
11/20/2020 11:15,28625.8,28838.6,28582.5,28760.25
11/20/2020 12:15,28766.05,29077.55,28640.85,29029.7
11/20/2020 13:15,29030.6,29314.05,28808.3,29241.85
11/20/2020 14:15,29244.85,29404,29174.3,29261.5
11/20/2020 15:15,29262.05,29267.45,29137.95,29150.35
11/23/2020 9:15,29432.8,29476.25,28914.6,29070.7
11/23/2020 10:15,29070.95,29140.9,28853.4,28975.55
11/23/2020 11:15,28975.65,29158,28952.2,29038.85
11/23/2020 12:15,29038.9,29240.1,29000.95,29062.75
11/23/2020 13:15,29062.45,29386.7,29038.3,29291.1
11/23/2020 14:15,29289.2,29308.7,28978.8,29038.9
11/23/2020 15:15,29042.7,29051.95,28965.4,29031.45
11/24/2020 9:15,29265.6,29541.55,29230.9,29528.15
11/24/2020 10:15,29527.7,29632.9,29512.55,29569.3
11/24/2020 11:15,29568.25,29632.35,29483.05,29561.45
11/24/2020 12:15,29560.55,29597.2,29432.55,29518.75
11/24/2020 13:15,29519.6,29624.25,29465.95,29593.9
11/24/2020 14:15,29595.95,29755.9,29585.45,29728.4
11/24/2020 15:15,29728.95,29810.95,29719.4,29802.55
11/25/2020 9:15,30021.9,30196.75,30004,30112.45
11/25/2020 10:15,30111.2,30119.65,29625.7,29651.4
11/25/2020 11:15,29654.15,29749.15,29529.1,29604.05
11/25/2020 12:15,29606.55,29796.7,29473.2,29776.2
11/25/2020 13:15,29779.1,29788.6,29224.35,29280.05
11/25/2020 14:15,29277.95,29440.7,29134.85,29187.2
11/25/2020 15:15,29191,29247.2,29148.5,29196.55
11/26/2020 9:15,29370.4,29384.45,29003.25,29104.4
11/26/2020 10:15,29106.35,29246.6,29057.65,29159.7
11/26/2020 11:15,29158.15,29205.7,28925.45,28950.5
11/26/2020 12:15,28946.7,29401.95,28932.2,29353.8
11/26/2020 13:15,29355.15,29517.85,29227.6,29486.8
11/26/2020 14:15,29493.4,29620.75,29340.65,29549.95
11/26/2020 15:15,29547.5,29611.25,29535.55,29603.2
11/27/2020 9:15,29622,29692.65,29403.75,29526.8
11/27/2020 10:15,29524.75,29600.35,29440.55,29475.3
11/27/2020 11:15,29476.05,29639.5,29414.25,29578.2
11/27/2020 12:15,29578.1,29691.95,29513.15,29530.9
11/27/2020 13:15,29528.5,29640.45,29463.6,29585.4
11/27/2020 14:15,29586,29644.15,29378.9,29620.15
11/27/2020 15:15,29618.6,29651.65,29563.8,29584.55
12/1/2020 9:15,29844.8,29844.8,29511.05,29666.1
12/1/2020 10:15,29668.3,29887.95,29658.95,29838.05
12/1/2020 11:15,29836.8,29854.1,29776.7,29803.1
12/1/2020 12:15,29801.95,29834.65,29666.45,29757.5
12/1/2020 13:15,29758.5,29874.35,29676.95,29860.1
12/1/2020 14:15,29864.75,29917.45,29799.55,29805.2
12/1/2020 15:15,29803.9,29856.85,29759.55,29786.35
12/2/2020 9:15,29876.7,29881.35,29689.8,29710.95
12/2/2020 10:15,29710.1,29729.05,29614.8,29650.7
12/2/2020 11:15,29651.9,29668,29550.6,29592.7
12/2/2020 12:15,29595,29664.35,29326.3,29373.35
12/2/2020 13:15,29370.85,29394.1,29165.25,29210.9
12/2/2020 14:15,29211.85,29539,29152.3,29463.95
12/2/2020 15:15,29470.5,29474.5,29413.45,29431.3
12/3/2020 9:15,29728.9,29738.9,29540.85,29721.25
12/3/2020 10:15,29723.75,29810.45,29640.2,29735.05
12/3/2020 11:15,29738,29741.55,29597.7,29649.65
12/3/2020 12:15,29647.35,29661.55,29419.1,29490.15
12/3/2020 13:15,29490.95,29616.15,29421.1,29516
12/3/2020 14:15,29515.95,29544.2,29381.45,29438.3
12/3/2020 15:15,29440.1,29493.9,29421.9,29484.35
12/4/2020 9:15,29573.4,29749.7,29535.95,29737.35
12/4/2020 10:15,29737.45,29979.75,29737.45,29807.05
12/4/2020 11:15,29805.5,29826.4,29662.2,29721.1
12/4/2020 12:15,29721.15,29741.8,29473.75,29656.75
12/4/2020 13:15,29659.35,29796.45,29595.15,29687
12/4/2020 14:15,29682.4,30061.1,29681.45,30037.8
12/4/2020 15:15,30036.35,30155.35,30024.8,30138.3
12/7/2020 9:15,30062.6,30192.75,29975,30034.1
12/7/2020 10:15,30029.7,30086.35,29951.25,30005.5
12/7/2020 11:15,30000.15,30217.55,29980.45,30199.1
12/7/2020 12:15,30198.15,30331.65,30181.7,30303.95
12/7/2020 13:15,30306.05,30351.85,30082.6,30160.35
12/7/2020 14:15,30158.2,30290.7,30114.25,30202.4
12/7/2020 15:15,30201.1,30238.05,30174.15,30189.2
12/8/2020 9:15,30300.3,30333.25,30116.6,30247.7
12/8/2020 10:15,30245.75,30287,30078.55,30177.55
12/8/2020 11:15,30177.7,30196.95,30026,30116.55
12/8/2020 12:15,30119.85,30336.75,30065.85,30245.35
12/8/2020 13:15,30244.3,30347.65,30196.85,30275.55
12/8/2020 14:15,30276.7,30363.2,30217.55,30251.45
12/8/2020 15:15,30246.3,30289.65,30222.25,30237.4
12/9/2020 9:15,30335.05,30473.9,30335.05,30451.35
12/9/2020 10:15,30453.65,30473.4,30387.6,30447.65
12/9/2020 11:15,30447.7,30513.4,30427.9,30491.45
12/9/2020 12:15,30488.25,30548.95,30468.9,30528.5
12/9/2020 13:15,30526.2,30758.95,30512.55,30758.95
12/9/2020 14:15,30754.2,30807.05,30657.05,30724.2
12/9/2020 15:15,30722.55,30742.85,30676.55,30695.2
12/10/2020 9:15,30545.35,30606.35,30379.9,30413
12/10/2020 10:15,30411.5,30474.8,30347.55,30454.6
12/10/2020 11:15,30453.8,30461.4,30286.9,30291.15
12/10/2020 12:15,30290.95,30389,30271.15,30366
12/10/2020 13:15,30365.5,30421,30227.3,30235.8
12/10/2020 14:15,30234.4,30586.6,30202.1,30469.85
12/10/2020 15:15,30471.7,30528.5,30471.25,30514.9
12/11/2020 9:15,30555.3,30809.75,30537.35,30696.85
12/11/2020 10:15,30697.65,30758.75,30636.95,30658
12/11/2020 11:15,30660.5,30677.5,30529.35,30637.45
12/11/2020 12:15,30640.85,30742.1,30626.45,30649.6
12/11/2020 13:15,30648.6,30677.1,30364.05,30375.65
12/11/2020 14:15,30375.15,30617.85,30328.65,30617.85
12/11/2020 15:15,30618.65,30665.95,30590.2,30600.8
12/14/2020 9:15,30735.15,30844,30673.7,30722.55
12/14/2020 10:15,30725.3,30811.5,30660.8,30698.55
12/14/2020 11:15,30699.1,30773,30658.05,30771.65
12/14/2020 12:15,30769,30822.45,30625.55,30812.95
12/14/2020 13:15,30815.8,30832.3,30713.95,30746.7
12/14/2020 14:15,30747.45,30815.1,30704.65,30746.6
12/14/2020 15:15,30749.7,30768.75,30728.65,30746.05
12/15/2020 9:15,30805.4,30805.4,30369.65,30390.2
12/15/2020 10:15,30392.15,30480.95,30348.15,30422.1
12/15/2020 11:15,30422.65,30510.75,30420.2,30489.5
12/15/2020 12:15,30490.9,30575.1,30408.5,30559.9
12/15/2020 13:15,30560,30699.05,30494.55,30674.25
12/15/2020 14:15,30675.05,30728.65,30623.85,30689.35
12/15/2020 15:15,30688.8,30712.25,30662.5,30662.5
12/16/2020 9:15,30920.35,30920.35,30748.3,30788
12/16/2020 10:15,30788.35,30825.95,30738.65,30769.95
12/16/2020 11:15,30770.05,30812.5,30736.85,30793.25
12/16/2020 12:15,30793.05,30808.65,30589.8,30683.65
12/16/2020 13:15,30682.55,30815.15,30651.3,30796.2
12/16/2020 14:15,30792.75,30795.8,30686.75,30708.25
12/16/2020 15:15,30704.35,30715.1,30658.85,30667.7
12/17/2020 9:15,30791.2,30791.2,30649.5,30732.45
12/17/2020 10:15,30732.3,30804.35,30701.6,30790.6
12/17/2020 11:15,30789.75,30921.5,30750.15,30896.25
12/17/2020 12:15,30895.55,30945.1,30820.85,30902.4
12/17/2020 13:15,30904.3,30936.95,30859.85,30912.4
12/17/2020 14:15,30914.35,30924.95,30764.85,30855.8
12/17/2020 15:15,30854.5,30859.6,30804.45,30835
12/18/2020 9:15,30841.85,30847.05,30378.45,30523.5
12/18/2020 10:15,30525.35,30576.5,30460.3,30548.35
12/18/2020 11:15,30549.7,30610.85,30487.1,30553.3
12/18/2020 12:15,30553.4,30571.35,30458.45,30511.75
12/18/2020 13:15,30510.95,30692.3,30477.4,30686.25
12/18/2020 14:15,30682.85,30793.9,30632.65,30733.75
12/18/2020 15:15,30733.8,30739.55,30652.45,30652.45
12/21/2020 9:15,30595.8,30598.95,30296.3,30472.9
12/21/2020 10:15,30470.9,30567.05,30439.5,30442.55
12/21/2020 11:15,30441.45,30501.95,30383.4,30399.35
12/21/2020 12:15,30398.95,30424.55,30111.45,30197.05
12/21/2020 13:15,30198,30238.45,29951.15,30038.5
12/21/2020 14:15,30042.45,30045.3,29203.95,29480.45
12/21/2020 15:15,29481.3,29509.25,29313.8,29332.3
12/22/2020 9:15,29607.5,29703.9,29107.9,29324
12/22/2020 10:15,29319.75,29400,29213.35,29237.9
12/22/2020 11:15,29236,29239.5,29020.55,29118.1
12/22/2020 12:15,29118.2,29378.7,28977.65,29238.45
12/22/2020 13:15,29237.1,29572.8,29236.4,29563.85
12/22/2020 14:15,29554.15,29710.65,29464.85,29640.2
12/22/2020 15:15,29639.35,29658.5,29596.5,29633.85
12/23/2020 9:15,29560.75,29730.9,29447.45,29577.75
12/23/2020 10:15,29576.4,29852.2,29575.45,29764.8
12/23/2020 11:15,29763.4,29799.45,29655.45,29733.7
12/23/2020 12:15,29736.4,29881.2,29709.85,29777.2
12/23/2020 13:15,29779.9,29884.05,29754.85,29823.5
12/23/2020 14:15,29823.15,29889.6,29778.25,29877.15
12/23/2020 15:15,29879.8,29941.1,29860.6,29933.95
12/24/2020 9:15,30071.65,30416.55,30033.05,30400.7
12/24/2020 10:15,30403.5,30434.2,30289.85,30300.7
12/24/2020 11:15,30299.9,30388.15,30262.25,30322.55
12/24/2020 12:15,30323.25,30391.35,30301.8,30327.9
12/24/2020 13:15,30326.1,30515.55,30264.75,30487.3
12/24/2020 14:15,30482.85,30543.75,30382.35,30396.5
12/24/2020 15:15,30398.45,30406.65,30354.25,30374.7
12/28/2020 9:15,30558.85,30796.4,30558.85,30758.85
12/28/2020 10:15,30759.15,30778.05,30673.4,30717.1
12/28/2020 11:15,30717.55,30783.3,30708.4,30772.8
12/28/2020 12:15,30771.7,30857.15,30770.45,30831.25
12/28/2020 13:15,30833.35,30904.15,30807.85,30868.25
12/28/2020 14:15,30867.25,30929.05,30789.95,30859.3
12/28/2020 15:15,30861.8,30922.4,30852.7,30916.45
12/29/2020 9:15,31006.9,31315.55,31006.9,31294.45
12/29/2020 10:15,31291.75,31301.4,31012.4,31159.6
12/29/2020 11:15,31154.9,31193.3,31093.9,31126.2
12/29/2020 12:15,31128.8,31308.1,31111.65,31305.15
12/29/2020 13:15,31307.9,31333.7,31222.4,31298.1
12/29/2020 14:15,31295.1,31349.15,31248.1,31303.55
12/29/2020 15:15,31305.55,31358.6,31298.3,31349.6
12/30/2020 9:15,31479.8,31505.55,31133.15,31244.55
12/30/2020 10:15,31246.3,31266.55,31113.1,31185.85
12/30/2020 11:15,31184.1,31233.2,31109,31174.4
12/30/2020 12:15,31177.15,31177.2,31009.55,31119.2
12/30/2020 13:15,31119.5,31335.2,31091.85,31264.55
12/30/2020 14:15,31253.55,31358.05,31246.9,31304.25
12/30/2020 15:15,31301.1,31321.55,31241.05,31259.25
12/31/2020 9:15,31295.9,31368.7,31108,31327.4
12/31/2020 10:15,31327.75,31375.75,31231,31272.85
12/31/2020 11:15,31272.5,31315.45,31151.2,31172.65
12/31/2020 12:15,31168.6,31338,31142.8,31298.65
12/31/2020 13:15,31298.75,31406.7,31262.95,31323.75
12/31/2020 14:15,31320.4,31332.6,31213.2,31246.55
12/31/2020 15:15,31250.15,31270.85,31208.5,31237.8
1/1/2021 9:15,31297.3,31384.1,31251.65,31338.9
1/1/2021 10:15,31338.8,31342,31266.65,31292.55
1/1/2021 11:15,31291.6,31323.95,31224.55,31276.95
1/1/2021 12:15,31277,31346.95,31267.9,31273.8
1/1/2021 13:15,31271.65,31316.65,31209.9,31307.05
1/1/2021 14:15,31305.85,31320.6,31208.95,31227.05
1/1/2021 15:15,31229.45,31269.95,31192,31211.1
1/4/2021 9:15,31485.15,31487.9,31359.6,31426.45
1/4/2021 10:15,31431.05,31464.5,30904.5,31100.95
1/4/2021 11:15,31103.05,31227.25,31050.8,31144.75
1/4/2021 12:15,31150.85,31233.9,31105.15,31179.1
1/4/2021 13:15,31175.45,31257.35,31074.55,31135.15
1/4/2021 14:15,31139.45,31227.35,31034.25,31189.95
1/4/2021 15:15,31188.75,31277.2,31181.55,31275.15
1/5/2021 9:15,31041.1,31190.05,30951.55,31088.35
1/5/2021 10:15,31085.55,31349.65,31050.2,31324.45
1/5/2021 11:15,31323.25,31390.25,31291.6,31346.55
1/5/2021 12:15,31348.85,31434.6,31325.85,31335.7
1/5/2021 13:15,31336.65,31635.6,31268.75,31623.6
1/5/2021 14:15,31620.8,31754.75,31562.8,31721.95
1/5/2021 15:15,31723.35,31763.85,31682.1,31705.6
1/6/2021 9:15,31839.95,31908.85,31762.15,31823.85
1/6/2021 10:15,31826.9,31877.05,31753,31867.45
1/6/2021 11:15,31869.75,31873.85,31788.4,31863.8
1/6/2021 12:15,31860.95,31978.05,31847.25,31905.55
1/6/2021 13:15,31904.8,31974.85,31552.9,31641.5
1/6/2021 14:15,31635.15,31864.9,31601.2,31808.2
1/6/2021 15:15,31806.35,31839.1,31711.5,31739.4
1/7/2021 9:15,32129.8,32141.45,31981.4,31995.75
1/7/2021 10:15,31994.35,32051.15,31951.2,32034.35
1/7/2021 11:15,32032.35,32078.3,32007.7,32067.05
1/7/2021 12:15,32065.65,32177.15,32044.5,32163.8
1/7/2021 13:15,32160.1,32164.1,31992.6,32111.75
1/7/2021 14:15,32117.8,32132.3,31911.85,31953.1
1/7/2021 15:15,31956.25,31989.65,31920.6,31971.5
1/8/2021 9:15,32298.05,32298.05,32070.5,32189.5
1/8/2021 10:15,32188.5,32221.15,32115.4,32138.1
1/8/2021 11:15,32136.9,32201.7,32087.1,32141.45
1/8/2021 12:15,32143.1,32194.65,32099.8,32137.8
1/8/2021 13:15,32134.25,32156.75,32007.4,32087
1/8/2021 14:15,32084.6,32166.25,32010.05,32088.65
1/8/2021 15:15,32088.6,32123.35,32063.25,32078.15
1/11/2021 9:15,32280.3,32280.3,31998.75,32053.4
1/11/2021 10:15,32057.25,32057.25,31837.9,31923.4
1/11/2021 11:15,31922.65,32053.3,31842.05,32016.9
1/11/2021 12:15,32018.5,32057.5,31913.55,31985.95
1/11/2021 13:15,31982.35,32074.4,31900.15,31943.7
1/11/2021 14:15,31946,32044.25,31899.6,31995.15
1/11/2021 15:15,31996.8,32047.2,31982.8,32016.05
1/12/2021 9:15,31835.05,31938.2,31734.2,31844.55
1/12/2021 10:15,31842.85,31923,31816.3,31904.9
1/12/2021 11:15,31905.65,32144.9,31874.9,32118.75
1/12/2021 12:15,32123.15,32368.3,32119.2,32320.55
1/12/2021 13:15,32318.5,32348.65,32246.95,32322.65
1/12/2021 14:15,32319.85,32393.95,32246.2,32346.65
1/12/2021 15:15,32347.35,32353.85,32284.25,32353.85
1/13/2021 9:15,32546.6,32681.9,32438.65,32608.4
1/13/2021 10:15,32602.65,32607,32433.15,32514.2
1/13/2021 11:15,32513.45,32543.7,32293.9,32436
1/13/2021 12:15,32436.8,32522.35,32393.45,32411.9
1/13/2021 13:15,32414.7,32497.3,32155.1,32329
1/13/2021 14:15,32328.95,32629.4,32283.2,32602.65
1/13/2021 15:15,32602.5,32609.05,32502.7,32554.85
1/14/2021 9:15,32526.7,32718.5,32526.7,32568.85
1/14/2021 10:15,32571.8,32626.2,32481,32607.1
1/14/2021 11:15,32605.5,32658.9,32577.5,32631.35
1/14/2021 12:15,32633.5,32658.95,32556.05,32600.75
1/14/2021 13:15,32602,32604.35,32517.35,32535.05
1/14/2021 14:15,32534.4,32554.7,32443.35,32497
1/14/2021 15:15,32497.65,32582.3,32490.15,32569.6
1/15/2021 9:15,32508.9,32538.95,32196.25,32317.4
1/15/2021 10:15,32320.3,32344.7,32157.85,32220.55
1/15/2021 11:15,32221.75,32294.15,32089.5,32294.15
1/15/2021 12:15,32289.15,32421.2,32253.55,32317.65
1/15/2021 13:15,32317,32378.5,32120.5,32153.2
1/15/2021 14:15,32157.35,32267.2,32046.8,32238
1/15/2021 15:15,32234.55,32287.45,32232.3,32255.95
1/18/2021 9:15,32275.15,32439,32138.05,32238.15
1/18/2021 10:15,32239.75,32272.8,32071.25,32165.05
1/18/2021 11:15,32162.7,32192.75,31853.7,31931.85
1/18/2021 12:15,31931.7,31996,31810.15,31894.8
1/18/2021 13:15,31897.7,32163.05,31837.3,32155.9
1/18/2021 14:15,32155.55,32171.3,31812.5,31824.65
1/18/2021 15:15,31820.85,31855.7,31657.25,31678.55
1/19/2021 9:15,32082.9,32094.45,31865.3,32067.2
1/19/2021 10:15,32065.05,32141.6,32018.4,32027.75
1/19/2021 11:15,32027.7,32217.9,32019.5,32190.95
1/19/2021 12:15,32188.85,32234.65,32136.25,32185.05
1/19/2021 13:15,32188.7,32304.5,32144.2,32245.6
1/19/2021 14:15,32248.7,32464.25,32226.7,32436.95
1/19/2021 15:15,32437.6,32445.9,32376.9,32437.2
1/20/2021 9:15,32388.95,32494.55,32324.55,32452.65
1/20/2021 10:15,32454.95,32575.65,32402,32559.9
1/20/2021 11:15,32558.3,32597.7,32473.5,32494.1
1/20/2021 12:15,32494.25,32523.35,32357.1,32461.5
1/20/2021 13:15,32461.95,32559.55,32414.65,32546.9
1/20/2021 14:15,32548.8,32606.1,32530.45,32538.55
1/20/2021 15:15,32534.5,32553.3,32494.1,32496.95
1/21/2021 9:15,32732.8,32736.6,32649.55,32700.25
1/21/2021 10:15,32697.5,32738.25,32639.15,32731.2
1/21/2021 11:15,32731.75,32736.2,32658.95,32724.3
1/21/2021 12:15,32723.05,32841.35,32722.75,32790.15
1/21/2021 13:15,32791,32807.75,32541.7,32559.55
1/21/2021 14:15,32559.2,32649.2,31988.9,32147.2
1/21/2021 15:15,32138.65,32302.9,32121.8,32291.05
1/22/2021 9:15,32088,32108.3,31831.25,31922.5
1/22/2021 10:15,31924.9,31979.9,31667.55,31743.5
1/22/2021 11:15,31746.7,31749.3,31546.25,31630.25
1/22/2021 12:15,31628.7,31690.2,31265.05,31272.75
1/22/2021 13:15,31273.45,31435.1,31141.4,31206
1/22/2021 14:15,31201.65,31426.6,31121.8,31177.55
1/22/2021 15:15,31176.05,31216.9,31131.95,31177.95
1/25/2021 9:15,31507.15,31603.35,31019,31468.85
1/25/2021 10:15,31471.75,31694.2,31452.25,31631.5
1/25/2021 11:15,31635.3,31648.2,31328.4,31449.2
1/25/2021 12:15,31447.45,31578.4,31391.3,31570.9
1/25/2021 13:15,31572.05,31623.25,31176.2,31297.3
1/25/2021 14:15,31296.75,31307.05,31037,31246.35
1/25/2021 15:15,31249.65,31265.55,31133.75,31183.9
1/27/2021 9:15,31236.25,31278.1,30800.8,30970.2
1/27/2021 10:15,30981.85,31124.65,30865.65,31088.7
1/27/2021 11:15,31086.8,31190.85,30729.5,30768
1/27/2021 12:15,30764.2,30834.25,30626.8,30665
1/27/2021 13:15,30664.95,30709.2,30244.7,30260.85
1/27/2021 14:15,30260.7,30379.35,30166.75,30280.2
1/27/2021 15:15,30280.7,30345.55,30272.15,30295.75
1/28/2021 9:15,29812.3,30049.05,29694.95,29965.35
1/28/2021 10:15,29967.35,30137.35,29875.75,30002.95
1/28/2021 11:15,29998.95,30041.7,29941.55,30002.2
1/28/2021 12:15,30000.8,30128.4,29695.2,29753.6
1/28/2021 13:15,29750.3,30164.75,29749.95,30050.4
1/28/2021 14:15,30046.1,30399,29955.3,30394.85
1/28/2021 15:15,30401.9,30460.45,30343.8,30347.55
1/29/2021 9:15,30700.65,30723.6,30404.45,30470.5
1/29/2021 10:15,30469.05,30540.4,30257.4,30538.8
1/29/2021 11:15,30533.6,30539.15,30397.3,30430.3
1/29/2021 12:15,30429.6,30628.55,30413.7,30514.55
1/29/2021 13:15,30516.35,30743.65,30433.7,30741.9
1/29/2021 14:15,30736.5,31108.95,30434.75,30571.9
1/29/2021 15:15,30573.1,30660.65,30488.1,30612.8
2/1/2021 9:15,30976.35,31153.95,30909.2,31133.2
2/1/2021 10:15,31135.85,31328.5,31048.1,31213.3
2/1/2021 11:15,31210.45,31625.7,31192.15,31327.45
2/1/2021 12:15,31334.4,32531.95,31231.9,32303.95
2/1/2021 13:15,32315.85,32794.4,32301.05,32444.05
2/1/2021 14:15,32435.6,33129.25,32358.4,33051.75
2/1/2021 15:15,33045.85,33297.3,32990.8,33269.1
2/2/2021 9:15,33589.05,34643.45,33589.05,34314
2/2/2021 10:15,34314.4,34350.75,33788.8,34104.55
2/2/2021 11:15,34110.2,34153.35,33700.1,34064.6
2/2/2021 12:15,34065.5,34212.25,33839.05,34126
2/2/2021 13:15,34129.3,34306.75,33952.85,34296.2
2/2/2021 14:15,34297.65,34429.1,34136.75,34228.5
2/2/2021 15:15,34228.5,34327.1,34166.4,34315.3
2/3/2021 9:15,34555.6,34555.6,34018.4,34393.95
2/3/2021 10:15,34395.45,34682.75,34395.45,34573.7
2/3/2021 11:15,34571.9,34772.65,34525.85,34603.7
2/3/2021 12:15,34599.9,34822.3,34598.95,34765.3
2/3/2021 13:15,34767.55,34853.65,34583.2,34640.15
2/3/2021 14:15,34639.2,34907.8,34587.35,34770.85
2/3/2021 15:15,34771,34807.55,34682.7,34696.45
2/4/2021 9:15,34548.9,34590.45,34261.45,34318.9
2/4/2021 10:15,34316.7,34563.55,34244.2,34530.9
2/4/2021 11:15,34532.35,34842.55,34522,34821.6
2/4/2021 12:15,34824,35060.3,34789.25,34893.55
2/4/2021 13:15,34896.4,35155.85,34802,35141.45
2/4/2021 14:15,35141.75,35408.05,35028.15,35307.5
2/4/2021 15:15,35309.6,35363.2,35287.85,35322.35
2/5/2021 9:15,35634.95,36612.95,35634.95,36319.1
2/5/2021 10:15,36316.35,36434.95,35826.25,36151.75
2/5/2021 11:15,36152.65,36264.5,36081.75,36153.4
2/5/2021 12:15,36151.5,36170.4,35722.25,35737.1
2/5/2021 13:15,35737.65,35979.1,35634,35808.1
2/5/2021 14:15,35809,35887.45,35546.15,35607.3
2/5/2021 15:15,35611.95,35763.25,35580.55,35753.85
2/8/2021 9:15,36073.85,36461.65,36044.7,36375.4
2/8/2021 10:15,36371.3,36457.95,36230.85,36262.8
2/8/2021 11:15,36261.45,36288.65,35992.45,36047.1
2/8/2021 12:15,36049.4,36134.75,35875.05,36123.25
2/8/2021 13:15,36118.95,36246.5,35979.65,36109.1
2/8/2021 14:15,36103.9,36153.85,35913.35,36007.5
2/8/2021 15:15,36008.7,36033.85,35937.5,35995.5
2/9/2021 9:15,36058.8,36058.8,35641.65,35803.35
2/9/2021 10:15,35805.25,36268.3,35746.7,36226.35
2/9/2021 11:15,36224.5,36375.85,36224.5,36306.45
2/9/2021 12:15,36306.2,36384.8,36202.7,36349.85
2/9/2021 13:15,36351.65,36424.1,36267.5,36388.4
2/9/2021 14:15,36390.65,36474.25,35921.1,36080.4
2/9/2021 15:15,36078.55,36135.45,35991.15,35996.65
2/10/2021 9:15,36042.35,36226.95,35835.05,35887
2/10/2021 10:15,35888.85,35928.55,35711.1,35879.2
2/10/2021 11:15,35879.65,36045.8,35871.15,35915.25
2/10/2021 12:15,35916.85,35972.5,35816.05,35843.15
2/10/2021 13:15,35840.9,35882.4,35533.05,35621.85
2/10/2021 14:15,35623.1,35774.25,35429.2,35774.25
2/10/2021 15:15,35770.7,35907.3,35770.7,35901.65
2/11/2021 9:15,35687.25,36008.05,35681.8,35885.75
2/11/2021 10:15,35883.15,35942.7,35742.85,35742.85
2/11/2021 11:15,35743.7,35848.4,35682,35757.95
2/11/2021 12:15,35765.8,35926.55,35633.6,35749.45
2/11/2021 13:15,35747.25,35797.4,35573.65,35688.2
2/11/2021 14:15,35690.7,35835.9,35633.25,35751.85
2/11/2021 15:15,35753.3,35800.4,35743.1,35789.05
2/12/2021 9:15,35736.6,35903.5,35702.1,35855.95
2/12/2021 10:15,35856.6,36166,35821,36136.7
2/12/2021 11:15,36143.55,36205.15,36027.35,36052.9
2/12/2021 12:15,36050.2,36311.65,36050.2,36290.85
2/12/2021 13:15,36291.85,36322,35931.2,36008.3
2/12/2021 14:15,36010.7,36123.85,35991,36093.85
2/12/2021 15:15,36093.75,36174.5,36090.05,36124.2
2/15/2021 9:15,36501.4,36833.25,36446.55,36730.9
2/15/2021 10:15,36728.1,36830,36682.9,36828.55
2/15/2021 11:15,36826.6,36852.85,36740.9,36787.35
2/15/2021 12:15,36791.2,37011.3,36748.9,36970.7
2/15/2021 13:15,36972.35,37154.05,36901.5,37102.5
2/15/2021 14:15,37104.95,37307.85,37008.45,37280.05
2/15/2021 15:15,37278.6,37441.5,37244.35,37426.55
2/16/2021 9:15,37492.6,37703.05,37196.7,37309.95
2/16/2021 10:15,37308.5,37459.55,37233.5,37264.7
2/16/2021 11:15,37263.15,37284.1,37082.55,37146.55
2/16/2021 12:15,37145.3,37238.55,36821.25,36882.4
2/16/2021 13:15,36884.9,37039.6,36765.05,36871.4
2/16/2021 14:15,36873.95,37152.35,36835.5,37087
2/16/2021 15:15,37096.3,37168,37049.15,37127.45
2/17/2021 9:15,37041.95,37091.45,36766.3,36939.8
2/17/2021 10:15,36940.25,37330.6,36904.6,37253.2
2/17/2021 11:15,37255.4,37297.1,37144.2,37179.7
2/17/2021 12:15,37183.75,37316.15,36915.7,36991.4
2/17/2021 13:15,36993.2,37045.6,36791.45,36979.9
2/17/2021 14:15,36979.75,37049.25,36876.85,36936.8
2/17/2021 15:15,36933,36948.25,36839.9,36864.55
2/18/2021 9:15,37088.75,37088.75,36742.55,36839.2
2/18/2021 10:15,36837.25,36973.6,36778.05,36853
2/18/2021 11:15,36852.65,36865.1,36650.45,36667.1
2/18/2021 12:15,36668.45,36668.45,36448.6,36539.4
2/18/2021 13:15,36540,36590.35,36371.2,36590.35
2/18/2021 14:15,36593.25,36667.15,36525.95,36594.9
2/18/2021 15:15,36595.65,36616.1,36558.85,36610.6
2/19/2021 9:15,36371.55,36572.75,36126.65,36522.45
2/19/2021 10:15,36527.5,36650.4,36325.7,36388.35
2/19/2021 11:15,36400.6,36505.65,36326.1,36400.3
2/19/2021 12:15,36402.15,36409.3,36206.1,36273.35
2/19/2021 13:15,36271.55,36274.1,35641.05,35683.5
2/19/2021 14:15,35683.6,35950.5,35587.75,35940.15
2/19/2021 15:15,35938.75,35998.45,35805.85,35928.7
2/22/2021 9:15,35874.3,36127,35662.7,35780.85
2/22/2021 10:15,35777.5,35908.65,35652.9,35693.85
2/22/2021 11:15,35693.6,35745.5,35465.8,35501.65
2/22/2021 12:15,35499.25,35593.55,35354.1,35451.95
2/22/2021 13:15,35453.8,35485.1,35175.4,35203
2/22/2021 14:15,35200.35,35522.2,35101.3,35281.5
2/22/2021 15:15,35284.1,35315.15,35137.35,35165.5
2/23/2021 9:15,35540.55,35540.55,35152.55,35393.7
2/23/2021 10:15,35388.9,35672.4,35345.35,35499.55
2/23/2021 11:15,35501.4,35533.65,34986.5,35137.8
2/23/2021 12:15,35135.1,35348.85,35037.75,35320.8
2/23/2021 13:15,35310.05,35339.95,35061.35,35166.7
2/23/2021 14:15,35166.05,35304.5,35027,35173.9
2/23/2021 15:15,35169.8,35169.8,35082.4,35123.95
2/24/2021 9:15,35205.4,35637.2,35106.9,35626.6
2/24/2021 15:15,35546.5,36032.3,35546.5,36021.85
2/24/2021 16:15,36019.7,36563.9,36010.9,36538.55
2/25/2021 9:15,36763.15,37220.7,36730.2,36939
2/25/2021 10:15,36937,37120.15,36922.2,37038.35
2/25/2021 11:15,37039.75,37087.65,36692.2,36754.6
2/25/2021 12:15,36752.4,36961.3,36726.6,36814.2
2/25/2021 13:15,36811.5,36845.95,36630.6,36704.7
2/25/2021 14:15,36705.4,36836.55,36508.4,36558.2
2/25/2021 15:15,36558.75,36569.3,36494.4,36544.45
2/26/2021 9:15,35806.65,35806.65,35461.25,35598.75
2/26/2021 10:15,35597.4,35597.4,35112.35,35224.65
2/26/2021 11:15,35223.8,35223.8,34823.9,34868
2/26/2021 12:15,34866.25,34999.15,34684.2,34799.7
2/26/2021 13:15,34798.25,35136,34733.05,35119.2
2/26/2021 14:15,35118.45,35232.35,34763.7,34864.7
2/26/2021 15:15,34866.95,34870.45,34662.2,34849.4
3/1/2021 9:15,35374.25,35468.1,35018.4,35321.9
3/1/2021 10:15,35319.95,35578.15,35319.95,35452.15
3/1/2021 11:15,35452.3,35470.95,35095.7,35201.8
3/1/2021 12:15,35201.85,35317.7,34987,35287.05
3/1/2021 13:15,35289.55,35445.85,35206.3,35357.2
3/1/2021 14:15,35353.2,35388.55,35152.95,35302.35
3/1/2021 15:15,35303.55,35360.7,35276.55,35339.25
3/2/2021 9:15,35458.15,35747.05,35430.4,35650.1
3/2/2021 10:15,35652.9,35668.9,35173.3,35173.3
3/2/2021 11:15,35168.95,35329.15,35052.8,35246.4
3/2/2021 12:15,35246.15,35315.15,35078.45,35140.9
3/2/2021 13:15,35134.55,35334.35,35005.8,35257.45
3/2/2021 14:15,35254.75,35512.85,35137.8,35503.75
3/2/2021 15:15,35496,35518.6,35450.45,35473.95
3/3/2021 9:15,35754.45,35891,35638.15,35845
3/3/2021 10:15,35846.25,36059.25,35846.25,35960.5
3/3/2021 11:15,35958.1,36098.45,35923,36095.45
3/3/2021 12:15,36094.55,36246.75,36064.1,36183.7
3/3/2021 13:15,36179,36451.4,36178.45,36283.15
3/3/2021 14:15,36286.2,36423.25,36263.3,36381.4
3/3/2021 15:15,36382.45,36422.35,36333.3,36347.1
3/4/2021 9:15,35575.65,35832.15,35522.4,35684.5
3/4/2021 10:15,35683.9,35824.05,35567.9,35808.55
3/4/2021 11:15,35807.65,36075.3,35774.1,35992.1
3/4/2021 12:15,35994.1,36312.95,35943.95,36237.3
3/4/2021 13:15,36237.15,36249.05,35957.45,36075.15
3/4/2021 14:15,36073.5,36151.3,35707.75,35809.9
3/4/2021 15:15,35812.7,35849.1,35762.3,35834.15
3/5/2021 9:15,35458.5,35608.55,35139.9,35560.3
3/5/2021 10:15,35556.55,35556.55,35135.25,35274.25
3/5/2021 11:15,35277,35457,35215.35,35282.4
3/5/2021 12:15,35276.6,35448.4,35261.35,35342.75
3/5/2021 13:15,35342.5,35424.3,34899.2,35005.6
3/5/2021 14:15,35001.35,35315.65,34930.2,35272.9
3/5/2021 15:15,35271.85,35334.7,35226.1,35333.8
3/8/2021 9:15,35462.45,35825.85,35418.55,35748.15
3/8/2021 10:15,35746.3,35760.3,35098.75,35345.05
3/8/2021 11:15,35344.95,35412.25,35239.85,35296.05
3/8/2021 12:15,35296.75,35397.3,35142.5,35302.35
3/8/2021 13:15,35302.7,35336.35,35091.9,35272.85
3/8/2021 14:15,35268.95,35547.15,35136.75,35307.35
3/8/2021 15:15,35312.8,35370.85,35294.2,35307.05
3/9/2021 9:15,35705.9,35889.2,35596.25,35758.1
3/9/2021 10:15,35753.95,35823.8,35702.45,35796.7
3/9/2021 11:15,35795.05,36076.65,35793.85,36011.8
3/9/2021 12:15,36008.4,36039.8,35665.95,35665.95
3/9/2021 13:15,35665.65,35786.5,35548.2,35611.2
3/9/2021 14:15,35607.95,35938.35,35565.45,35932.85
3/9/2021 15:15,35934.45,35937.4,35839.35,35841.3
3/10/2021 9:15,36112.25,36173.8,35965.75,36074.75
3/10/2021 10:15,36076.2,36091.9,35871.3,35918.15
3/10/2021 11:15,35917.1,35997.85,35775.2,35842.9
3/10/2021 12:15,35840.8,35980.25,35765.85,35978.3
3/10/2021 13:15,35979.25,36041.55,35865,35986.75
3/10/2021 14:15,35987.45,36027.9,35838.35,35927.6
3/10/2021 15:15,35928.55,35971.45,35923.3,35945.15
3/12/2021 9:15,36497.35,36497.35,36256.65,36283.55
3/12/2021 10:15,36277.6,36280.15,36163.1,36199.45
3/12/2021 11:15,36202.3,36275.25,36114.15,36119.4
3/12/2021 12:15,36119.3,36121.25,35989.65,36003.5
3/12/2021 13:15,36002.45,36051,35314.45,35314.45
3/12/2021 14:15,35301.1,35572.5,35192.9,35520.35
3/12/2021 15:15,35521.5,35556.2,35444.55,35453
3/15/2021 9:15,35544.25,35544.25,34719.6,34796.5
3/15/2021 10:15,34795.2,34899.9,34519.2,34559.75
3/15/2021 11:15,34561.4,34685.2,34448.6,34577.15
3/15/2021 12:15,34579.8,34579.8,34431.4,34503.35
3/15/2021 13:15,34504,34744.8,34472.7,34666.2
3/15/2021 14:15,34664.7,35219.35,34645.4,35167.4
3/15/2021 15:15,35171.8,35265,35167.4,35213.95
3/16/2021 9:15,35352,35395.95,34952.85,35112.05
3/16/2021 10:15,35110.15,35356.45,35096.65,35245.55
3/16/2021 11:15,35245.8,35302.25,35009.55,35102.9
3/16/2021 12:15,35101.4,35199.25,34878.45,34923.75
3/16/2021 13:15,34929.65,35014,34751.2,34860.7
3/16/2021 14:15,34860.3,34996.9,34745.3,34785.9
3/16/2021 15:15,34789.9,34831.65,34761.4,34814.2
3/17/2021 9:15,34905.05,34924.35,34651.4,34678.95
3/17/2021 10:15,34680,34838.55,34635.25,34756.25
3/17/2021 11:15,34755.7,35098.75,34746.8,34776.5
3/17/2021 12:15,34779.05,34831.65,34575.55,34625.2
3/17/2021 13:15,34625.05,34721.05,34486.2,34518.15
3/17/2021 14:15,34521.25,34547.05,34153.25,34168.05
3/17/2021 15:15,34166.3,34222.15,34133.7,34140.85
3/18/2021 9:15,34577.5,34759.65,34525.75,34592.5
3/18/2021 10:15,34599.8,34635.6,34408.8,34494.85
3/18/2021 11:15,34495.2,34634.3,34405.7,34622.9
3/18/2021 12:15,34624.15,34639.9,34147.3,34152.95
3/18/2021 13:15,34151.9,34198.45,33616.3,33638.6
3/18/2021 14:15,33637.95,33953.75,33601.3,33930.7
3/18/2021 15:15,33928.15,33941.25,33854.8,33912.4
3/19/2021 9:15,33590.4,33864.65,33362.85,33791.9
3/19/2021 10:15,33795.7,34122,33636.7,34036.65
3/19/2021 11:15,34031.9,34062.75,33503.95,33544.65
3/19/2021 12:15,33545.7,33767.4,33479.3,33694.65
3/19/2021 13:15,33691.5,34030.3,33637.35,33920.7
3/19/2021 14:15,33925.5,34351.5,33767.55,34174.05
3/19/2021 15:15,34175.05,34185.85,33986.1,34115.1
3/22/2021 9:15,34088.4,34145.8,33754.2,33994.7
3/22/2021 10:15,33996.85,34005,33734.7,33847.7
3/22/2021 11:15,33847.4,33969.85,33766.4,33819.5
3/22/2021 12:15,33817.5,33817.5,33416.65,33501.3
3/22/2021 13:15,33499.4,33643.2,33390,33566.55
3/22/2021 14:15,33565.35,33683,33428.15,33656.2
3/22/2021 15:15,33659.65,33676.6,33567.6,33659.85
3/23/2021 9:15,33747.95,33942.45,33718.2,33789.05
3/23/2021 10:15,33786.6,34290.6,33660.2,34020.5
3/23/2021 11:15,34019.7,34094,33629.35,33795.95
3/23/2021 12:15,33797.45,33985.7,33707.75,33892.15
3/23/2021 13:15,33899.45,34035.2,33798.7,33985.9
3/23/2021 14:15,33987.95,34357.75,33957.8,34170.4
3/23/2021 15:15,34170.85,34227.4,34117.75,34210.15
3/24/2021 9:15,33894.7,33965.5,33667.55,33699.1
3/24/2021 10:15,33693.5,33696.3,33427.6,33496.95
3/24/2021 11:15,33497.9,33629.2,33380.6,33569.55
3/24/2021 12:15,33568.25,33686.2,33465,33485
3/24/2021 13:15,33487.25,33641.85,33427.8,33558.15
3/24/2021 14:15,33557.05,33671.05,33205.1,33302.75
3/24/2021 15:15,33306.05,33391.65,33277.6,33370.3
3/25/2021 9:15,33420.75,33439.2,32873.95,32977.55
3/25/2021 10:15,32977.45,32981.95,32754.85,32768.3
3/25/2021 11:15,32768.55,32861.75,32420.55,32556.05
3/25/2021 12:15,32550.05,32662.75,32479.55,32562.2
3/25/2021 13:15,32557.4,33309.4,32547.55,33158.25
3/25/2021 14:15,33156.35,33548.85,32867.45,32954.5
3/25/2021 15:15,32954.3,33038.5,32895.6,33032.45
3/26/2021 9:15,33605.05,33605.05,33231.75,33346
3/26/2021 10:15,33346.3,33475.4,33284.65,33317.25
3/26/2021 11:15,33314.05,33521,33201.7,33462.4
3/26/2021 12:15,33467.7,33482.3,33261,33291.9
3/26/2021 13:15,33295,33527.25,33178.15,33417.9
3/26/2021 14:15,33417.1,33516.75,33221.05,33239.35
3/26/2021 15:15,33241.45,33465.3,33168.3,33445.15
3/30/2021 9:15,33615.9,33881.45,33581.55,33875.15
3/30/2021 10:15,33870.6,33975.9,33808.65,33893.95
3/30/2021 11:15,33892.45,33955.5,33687.35,33711.25
3/30/2021 12:15,33709,33783.35,33565.85,33665.4
3/30/2021 13:15,33663.3,33937.55,33643.2,33917.75
3/30/2021 14:15,33912.6,33990.1,33819.15,33879.3
3/30/2021 15:15,33872.25,33902.3,33828.3,33893.55
3/31/2021 9:15,33764.8,33764.8,33415.85,33451.8
3/31/2021 10:15,33459.35,33473.35,33199.45,33244.75
3/31/2021 11:15,33252.35,33373.65,33154.7,33355.05
3/31/2021 12:15,33353.85,33493.1,33311.8,33399.05
3/31/2021 13:15,33405,33425.55,33248.5,33335.75
3/31/2021 14:15,33338.45,33364.95,33230.5,33310
3/31/2021 15:15,33307.25,33358.05,33285.95,33340.05
4/1/2021 9:15,33588,33588.75,33314.05,33375.65
4/1/2021 10:15,33375.35,33449.2,33210.75,33309.55
4/1/2021 11:15,33311.45,33380.55,33237.85,33339.15
4/1/2021 12:15,33341.05,33465.9,33250.05,33455.75
4/1/2021 13:15,33461.8,33727.25,33453.45,33726.4
4/1/2021 14:15,33726.4,33911.85,33656.2,33895.35
4/1/2021 15:15,33894.9,33949.15,33870.75,33905.35
4/5/2021 9:15,33649.15,33688.25,32534.45,32654.7
4/5/2021 10:15,32647.35,32675.8,32333.9,32387.1
4/5/2021 11:15,32388.6,32660.5,32341.5,32618.85
4/5/2021 12:15,32619.35,32764.6,32537,32637.7
4/5/2021 13:15,32640.05,32807.95,32617.3,32712.7
4/5/2021 14:15,32710.2,32828.8,32610.75,32664.75
4/5/2021 15:15,32666.2,32734.85,32626.35,32714.45
4/6/2021 9:15,32915.65,33004.4,32343.1,32798.95
4/6/2021 10:15,32799.4,32922.6,32592.85,32868.8
4/6/2021 11:15,32873.65,32945.1,32714.1,32776.45
4/6/2021 12:15,32777.2,32829.95,32390.1,32612.4
4/6/2021 13:15,32610.3,32635.55,32423.6,32470.55
4/6/2021 14:15,32468.9,32540.1,32407.45,32500.8
4/6/2021 15:15,32500.75,32565.25,32496.65,32540.9
4/7/2021 9:15,32529.7,32890.15,32158.45,32755.1
4/7/2021 10:15,32754.6,32956.05,32523.7,32931.9
4/7/2021 11:15,32936.8,33091.25,32869.95,33072.85
4/7/2021 12:15,33074.4,33190.3,33012.25,33159.4
4/7/2021 13:15,33161.45,33166.05,32875.85,33009.15
4/7/2021 14:15,33012.95,33088.8,32922.5,33007.8
4/7/2021 15:15,33009.2,33013.1,32950.15,32958.6
4/8/2021 9:15,33154.2,33303.8,33064.65,33230.85
4/8/2021 10:15,33227.2,33239.1,33120.5,33157.5
4/8/2021 11:15,33154.25,33195.05,32911.85,32911.85
4/8/2021 12:15,32915.45,33070.25,32899.5,33002.65
4/8/2021 13:15,32999.35,33250.95,32995.6,33077.15
4/8/2021 14:15,33073.85,33103.7,32709.05,32748.9
4/8/2021 15:15,32750.5,32810,32749.85,32798.4
4/9/2021 9:15,32636.9,32968.5,32342.85,32878.55
4/9/2021 10:15,32880.7,32942.45,32608.2,32643.95
4/9/2021 11:15,32644.6,32769.5,32603.55,32672.35
4/9/2021 12:15,32673.95,32829.5,32649.1,32685.75
4/9/2021 13:15,32685.8,32716.85,32418.35,32464.2
4/9/2021 14:15,32463.65,32560.3,32417.25,32445.35
4/9/2021 15:15,32448.9,32479.65,32423.6,32446.55
4/12/2021 9:15,31637.9,31648.5,30848.9,31178.4
4/12/2021 10:15,31176.7,31249.85,30963.85,31004.4
4/12/2021 11:15,31003,31042,30590.85,30744.7
4/12/2021 12:15,30743.9,30839.75,30656.8,30707.25
4/12/2021 13:15,30711.7,30805.4,30622.2,30739.3
4/12/2021 14:15,30737.3,30823.1,30522.5,30748.8
4/12/2021 15:15,30746.6,30922.4,30746.6,30904.95
4/13/2021 9:15,30901.8,31336.5,30740.55,31295.1
4/13/2021 10:15,31294.2,31309.45,31138.1,31178.6
4/13/2021 11:15,31181.5,31222.55,31027.75,31143.95
4/13/2021 12:15,31144.4,31360.15,31115.05,31174
4/13/2021 13:15,31174.1,31670.9,31115.25,31616.1
4/13/2021 14:15,31613.45,31883,31595.2,31753.35
4/13/2021 15:15,31753.95,31787.3,31730.95,31760.95
4/15/2021 9:15,31929.1,32110.15,31622.4,31731.2
4/15/2021 10:15,31719.25,31748.45,31417.7,31428.05
4/15/2021 11:15,31426.85,31954.45,31406.7,31873.45
4/15/2021 12:15,31871.45,32000.7,31723.6,31785.1
4/15/2021 13:15,31782.35,32142.8,31696.75,32082.2
4/15/2021 14:15,32074.2,32150.7,31875.75,32115.5
4/15/2021 15:15,32115.1,32179,32086.05,32153.8
4/16/2021 9:15,32161.45,32325.15,31917.85,32149.3
4/16/2021 10:15,32148.2,32228.6,32082.5,32161.75
4/16/2021 11:15,32159.95,32218.1,31990.55,32091.8
4/16/2021 12:15,32088.55,32143.5,32005.65,32049.5
4/16/2021 13:15,32051.5,32098.7,31945,32017
4/16/2021 14:15,32018.65,32218.5,31944.2,31966.1
4/16/2021 15:15,31965.25,32011.25,31926.1,31946.15
4/19/2021 9:15,30993.45,31004.45,30407.9,30661.65
4/19/2021 10:15,30663.05,30824.9,30528.9,30759.95
4/19/2021 11:15,30763.85,30763.85,30555.45,30620.25
4/19/2021 12:15,30615.4,30791.45,30568.5,30738.35
4/19/2021 13:15,30738.55,31053.4,30711.3,30941.3
4/19/2021 14:15,30940.6,31255.45,30840.9,31239.7
4/19/2021 15:15,31239.35,31299.6,31188.3,31206.6
4/20/2021 9:15,31568.95,31727.1,31467.35,31546.3
4/20/2021 10:15,31546.7,31641.75,31463.4,31538.75
4/20/2021 11:15,31540.65,31561.25,31401.6,31467
4/20/2021 12:15,31468.05,31469.35,31184.65,31344.6
4/20/2021 13:15,31345.65,31435.75,31276.8,31313.55
4/20/2021 14:15,31310.05,31332.2,30893.4,31169.95
4/20/2021 15:15,31168.75,31176.95,31062.3,31074.75
4/22/2021 9:15,30763.5,30956.2,30557.3,30891.8
4/22/2021 10:15,30889.35,31067.35,30846.2,31000.7
4/22/2021 11:15,30999.95,31394.5,30969.25,31384.75
4/22/2021 12:15,31380.1,31526,31308.35,31399.3
4/22/2021 13:15,31399.75,31651.8,31366.1,31633.95
4/22/2021 14:15,31632.55,31830.75,31506.15,31802.65
4/22/2021 15:15,31797.65,31825.75,31724.2,31726.55
4/23/2021 9:15,31490.6,31848.15,31381.1,31829.45
4/23/2021 10:15,31831.75,32029.95,31772.95,32025.2
4/23/2021 11:15,32022.2,32147,31999.7,32028.9
4/23/2021 12:15,32026.25,32068.9,31831.6,31929.7
4/23/2021 13:15,31932.5,32045.45,31724.2,31740.8
4/23/2021 14:15,31737.65,31833.8,31565,31734.2
4/23/2021 15:15,31730.85,31759.6,31600.85,31625.85
4/26/2021 9:15,32316.65,32594.1,32149.8,32459.7
4/26/2021 10:15,32461.6,32593.5,32401.85,32577.5
4/26/2021 11:15,32576.5,32579.9,32456.85,32488.3
4/26/2021 12:15,32485.55,32516.5,32334.1,32372.75
4/26/2021 13:15,32383.75,32480.45,32279.3,32349.7
4/26/2021 14:15,32349.3,32352.15,32178.45,32260
4/26/2021 15:15,32260.25,32288.5,32240.5,32271.2
4/27/2021 9:15,32228.95,32442.9,32158.8,32353.65
4/27/2021 10:15,32352.25,32541.85,32300.55,32517.15
4/27/2021 11:15,32520.3,32642.45,32455.1,32625.65
4/27/2021 12:15,32626.1,32649.85,32542.85,32564.3
4/27/2021 13:15,32565.3,32712.6,32530.95,32688.5
4/27/2021 14:15,32689.65,32752.95,32654.25,32748.65
4/27/2021 15:15,32749.45,32801.2,32738.25,32760.25
4/28/2021 9:15,32865.5,33143.45,32854.95,33071.35
4/28/2021 10:15,33070.35,33124.4,32964.75,33094.05
4/28/2021 11:15,33092.1,33217.1,33067.85,33210.6
4/28/2021 12:15,33211.95,33536.2,33181.5,33528.15
4/28/2021 13:15,33533.6,33667,33469.3,33667
4/28/2021 14:15,33666.75,33775.05,33633.1,33747.1
4/28/2021 15:15,33746.95,33753.75,33638.55,33662.65
4/29/2021 9:15,33901.6,34284.85,33459.25,33655.7
4/29/2021 10:15,33655.75,33728.3,33310.8,33398.5
4/29/2021 11:15,33397.5,33748.45,33376,33719.9
4/29/2021 12:15,33719.45,33957.65,33613.8,33803.55
4/29/2021 13:15,33806.25,33920.45,33494.75,33667.65
4/29/2021 14:15,33664.6,33832.55,33619.9,33714.1
4/29/2021 15:15,33717.55,33732.25,33631.55,33664.2
4/30/2021 9:15,33112.4,33397.15,32964.55,33199.7
4/30/2021 10:15,33196.2,33448.6,33164.65,33334.95
4/30/2021 11:15,33336.6,33367.3,33129.8,33184.1
4/30/2021 12:15,33188.8,33306.05,33069.1,33103.4
4/30/2021 13:15,33100.6,33159.7,32786.8,32878.25
4/30/2021 14:15,32876.5,33003.95,32759.15,32824.15
4/30/2021 15:15,32819.95,32826.45,32667,32714.35
5/3/2021 9:15,32368.55,32401.4,32022.9,32257.25
5/3/2021 10:15,32256,32534.6,32178.9,32416.25
5/3/2021 11:15,32416.05,32474.1,32216.9,32291.45
5/3/2021 12:15,32292,32311.3,32127.45,32300.4
5/3/2021 13:15,32297.65,32341.8,31921.65,32067.8
5/3/2021 14:15,32065.4,32530.6,32054.55,32442.8
5/3/2021 15:15,32439.85,32560.2,32405.55,32535.55
5/4/2021 9:15,32610.4,32877.2,32509,32823.65
5/4/2021 10:15,32816.25,32953.55,32758.95,32926.15
5/4/2021 11:15,32927.6,33009.35,32874.5,32924.75
5/4/2021 12:15,32926.55,32999.2,32599.55,32599.55
5/4/2021 13:15,32597.4,32766.45,32496.6,32649.55
5/4/2021 14:15,32655.8,32747.8,32193.55,32323.35
5/4/2021 15:15,32319.45,32327.65,32240.15,32293.75
5/5/2021 9:15,32577.1,32614.8,32072.8,32459.55
5/5/2021 10:15,32458.2,32725.85,32366.9,32557
5/5/2021 11:15,32554.9,32649.25,32455.1,32587.3
5/5/2021 12:15,32590.65,32838.7,32512.85,32763.75
5/5/2021 13:15,32764.7,32813.7,32537.35,32586.5
5/5/2021 14:15,32582.15,32792.15,32563.2,32791.95
5/5/2021 15:15,32793.35,32861.55,32771.85,32851.55
5/6/2021 9:15,32900.75,32951.1,32712.7,32737.65
5/6/2021 10:15,32745.65,32758.65,32567.4,32611.35
5/6/2021 11:15,32613.8,32753.15,32588.1,32731.65
5/6/2021 12:15,32730.3,32883.85,32714.8,32875.3
5/6/2021 13:15,32875.3,32923.5,32729.65,32810.6
5/6/2021 14:15,32811.5,32894.75,32692.85,32829.5
5/6/2021 15:15,32830,32891.2,32825.85,32875.7
5/7/2021 9:15,33041.65,33255.5,33041.65,33122.3
5/7/2021 10:15,33125.45,33140.55,32930.35,32955.75
5/7/2021 11:15,32954.65,33075.7,32841.5,32893.75
5/7/2021 12:15,32881.75,32941.35,32772.1,32850.45
5/7/2021 13:15,32850.1,32981.95,32805.05,32959.75
5/7/2021 14:15,32961.3,32967.5,32865.75,32914.75
5/7/2021 15:15,32911.6,32926.1,32859.4,32888.25
5/10/2021 9:15,33175.3,33225.2,33029.75,33173.3
5/10/2021 10:15,33176.35,33297.6,33172.05,33220.7
5/10/2021 11:15,33221,33274,33135.05,33182.45
5/10/2021 12:15,33182.05,33257.95,33123.05,33147.7
5/10/2021 13:15,33152,33189.1,33092.9,33149.6
5/10/2021 14:15,33150.4,33219.3,33088.25,33123.3
5/10/2021 15:15,33123.5,33206.9,33115.35,33191.5
5/11/2021 9:15,32640.95,32873.35,32629.35,32870.9
5/11/2021 10:15,32869.4,32917.35,32777.15,32869.75
5/11/2021 11:15,32869.75,33150.9,32866.95,33053.25
5/11/2021 12:15,33053.6,33091.4,32850.85,32897.8
5/11/2021 13:15,32898.7,32898.7,32728.9,32808.95
5/11/2021 14:15,32804.4,32906.25,32773.05,32885.35
5/11/2021 15:15,32884.95,32891.85,32830.05,32836.25
5/12/2021 9:15,32717.65,32746.2,32566.5,32586.8
5/12/2021 10:15,32585.65,32614.5,32432.95,32442.6
5/12/2021 11:15,32444.55,32664.55,32403.85,32658.35
5/12/2021 12:15,32657.95,32706.6,32581.95,32630.9
5/12/2021 13:15,32633.05,32671.9,32520.8,32620
5/12/2021 14:15,32619.25,32663.75,32356,32463.15
5/12/2021 15:15,32459.45,32477.65,32444.45,32454.6
5/14/2021 9:15,32495.15,32622,32306.15,32458.95
5/14/2021 10:15,32452.55,32537.5,32309.6,32347.95
5/14/2021 11:15,32348.75,32406.35,32125.7,32200.35
5/14/2021 12:15,32200.75,32305.75,32174.85,32262.8
5/14/2021 13:15,32263,32318.3,32119.9,32175.9
5/14/2021 14:15,32174.3,32308.05,32132.95,32169.3
5/14/2021 15:15,32169,32194.3,32145.3,32163.35
5/17/2021 9:15,32437.85,32887.05,32328.15,32886.2
5/17/2021 10:15,32885.5,32987.95,32839,32948.15
5/17/2021 11:15,32949.65,33136.2,32949.1,33118
5/17/2021 12:15,33116.6,33198.4,33084.6,33108.35
5/17/2021 13:15,33101.85,33278,33046.55,33232.65
5/17/2021 14:15,33229.25,33483.75,33225.85,33450.65
5/17/2021 15:15,33452.75,33501.65,33416.25,33460.5
5/18/2021 9:15,33893.1,34140.65,33737.05,33811.65
5/18/2021 10:15,33811.7,34114.55,33802.3,34069.5
5/18/2021 11:15,34069.2,34091,33915.35,33989.05
5/18/2021 12:15,33991.4,34017.6,33895.25,33963.7
5/18/2021 13:15,33971.25,34087,33920.05,33949.35
5/18/2021 14:15,33949.85,34005.4,33838.85,33902.55
5/18/2021 15:15,33897.1,33974,33897.1,33954.3
5/19/2021 9:15,33717.1,33956.5,33683.5,33793.1
5/19/2021 10:15,33791.6,33815.8,33637.15,33752.55
5/19/2021 11:15,33749.45,33858.95,33664.1,33844.95
5/19/2021 12:15,33845.85,33850.8,33717,33749.85
5/19/2021 13:15,33748.95,33771.15,33629.5,33650
5/19/2021 14:15,33648.75,33816.85,33609.45,33691.3
5/19/2021 15:15,33688.4,33695.9,33639.15,33659.15
5/20/2021 9:15,33692.55,33829.35,33599.85,33742.05
5/20/2021 10:15,33742.8,33772.75,33661.75,33705.8
5/20/2021 11:15,33705.15,33718.25,33642.55,33698.2
5/20/2021 12:15,33695.2,33699.9,33577.95,33590.2
5/20/2021 13:15,33586.75,33655.9,33534.1,33573
5/20/2021 14:15,33574.9,33575.85,33276.15,33336
5/20/2021 15:15,33329.6,33400.75,33287,33400.75
5/21/2021 9:15,33559.8,34025.95,33559.8,33943.15
5/21/2021 10:15,33943.9,34112.65,33942.05,34065.9
5/21/2021 11:15,34067.35,34151.35,34043.5,34075.35
5/21/2021 12:15,34075.95,34118.25,33946,33959.55
5/21/2021 13:15,33959.6,34154.45,33935.75,34150.8
5/21/2021 14:15,34151.05,34642.55,34151.05,34639.2
5/21/2021 15:15,34639.4,34687.35,34598.8,34686.35
5/24/2021 9:15,34869.3,35083.5,34535.85,34755.75
5/24/2021 10:15,34758.1,34960.55,34754.55,34888.1
5/24/2021 11:15,34887.3,34940.6,34786.1,34870.25
5/24/2021 12:15,34868.7,34899.25,34657.1,34867.35
5/24/2021 13:15,34868.1,34885.15,34751.5,34839.25
5/24/2021 14:15,34839.65,35214.75,34781.5,34938.55
5/24/2021 15:15,34935.9,34935.9,34798.7,34835.35
5/25/2021 9:15,35095,35110.1,34709.85,34745.3
5/25/2021 10:15,34749.45,34778.25,34599.15,34605.45
5/25/2021 11:15,34603.3,34760.95,34548.55,34631.55
5/25/2021 12:15,34629,34699.3,34601.35,34679.9
5/25/2021 13:15,34678.1,34680.45,34421.65,34444.15
5/25/2021 14:15,34440.7,34711.2,34410.8,34636.3
5/25/2021 15:15,34634.55,34749.15,34634.55,34706.55
5/26/2021 9:15,34757.15,34757.15,34463.25,34615.75
5/26/2021 10:15,34617.35,34872.1,34592.2,34858.75
5/26/2021 11:15,34857.45,34860.45,34688.25,34822
5/26/2021 12:15,34816.55,34883.85,34777.05,34818.4
5/26/2021 13:15,34815.05,34896.5,34700.9,34766.25
5/26/2021 14:15,34765.25,34826.1,34634.4,34688.7
5/26/2021 15:15,34686.75,34708,34650.2,34674.7
5/27/2021 9:15,34664.2,34755,34534.9,34616.15
5/27/2021 10:15,34615.8,34654.65,34533.2,34631.5
5/27/2021 11:15,34631.4,34865.35,34611.75,34808.75
5/27/2021 12:15,34808.6,34942.65,34750.05,34923.8
5/27/2021 13:15,34924.3,35003.15,34808.85,34824.2
5/27/2021 14:15,34824.65,35088.35,34729.75,35087.35
5/27/2021 15:15,35088.7,35212.65,35081.8,35134.3
5/28/2021 9:15,35345.65,35434.65,35190,35212.7
5/28/2021 10:15,35216.45,35324.95,35103.35,35106.1
5/28/2021 11:15,35106,35206.3,35077.85,35171.9
5/28/2021 12:15,35172.05,35189.95,35033,35155.75
5/28/2021 13:15,35155.45,35251.6,35083.5,35170.15
5/28/2021 14:15,35168.65,35177.15,34978.9,35149.35
5/28/2021 15:15,35148.45,35257.35,35137.6,35215.7
5/31/2021 9:15,35097.45,35347.85,34935.25,35347.85
5/31/2021 10:15,35346.6,35426.85,35263.8,35273.3
5/31/2021 11:15,35271.7,35349.35,35254.1,35332.2
5/31/2021 12:15,35335.8,35477.9,35306.6,35425.7
5/31/2021 13:15,35427.75,35512.65,35339.2,35489.6
5/31/2021 14:15,35490.35,35559.3,35401.55,35556.85
5/31/2021 15:15,35562.75,35582.35,35481.1,35484.55
6/1/2021 9:15,35639.75,35712.35,35389.95,35402.6
6/1/2021 10:15,35405.15,35444.65,35250.9,35269.2
6/1/2021 11:15,35271.4,35370.7,35244.85,35350.85
6/1/2021 12:15,35353.75,35429.65,35292.8,35397.35
6/1/2021 13:15,35398.95,35535.95,35264.3,35326.85
6/1/2021 14:15,35327.45,35432.6,35272,35350.6
6/1/2021 15:15,35347.85,35362.2,35323.7,35333.75
6/2/2021 9:15,35271.6,35271.6,35072.35,35141.05
6/2/2021 10:15,35139,35235.1,35089.8,35185.35
6/2/2021 11:15,35186.3,35216.65,35096,35140.25
6/2/2021 12:15,35141.15,35211.85,35116.85,35142.5
6/2/2021 13:15,35142.55,35281.45,35126.85,35215.6
6/2/2021 14:15,35218,35381.25,35192.65,35355
6/2/2021 15:15,35352.25,35415.25,35352.25,35397.4
6/3/2021 9:15,35536.45,35580.05,35424.95,35517.3
6/3/2021 10:15,35518.85,35578.75,35454.75,35471.65
6/3/2021 11:15,35468.35,35579.65,35453.35,35554.3
6/3/2021 12:15,35554.35,35559.3,35463.1,35483.95
6/3/2021 13:15,35485.1,35716.5,35429.25,35694.6
6/3/2021 14:15,35695.7,35722.9,35571.15,35663.1
6/3/2021 15:15,35660.8,35672.05,35597.15,35653.7
6/4/2021 9:15,35657.85,35804.35,35539.5,35704.55
6/4/2021 10:15,35705,35725.5,35397,35412.95
6/4/2021 11:15,35413.35,35425.95,35323.4,35350.9
6/4/2021 12:15,35349.95,35475.65,35313.65,35331.25
6/4/2021 13:15,35334.15,35348.95,35177.65,35274.3
6/4/2021 14:15,35276.1,35330.15,35226.55,35286.15
6/4/2021 15:15,35285.4,35347.85,35277.7,35339.55
6/7/2021 9:15,35460.8,35493.15,35339.75,35469.85
6/7/2021 10:15,35470.85,35528.9,35427.5,35497
6/7/2021 11:15,35505.05,35505.05,35433.4,35471.9
6/7/2021 12:15,35473.8,35506.15,35377.3,35447.15
6/7/2021 13:15,35446.95,35538.15,35440.6,35483.4
6/7/2021 14:15,35480.65,35545.45,35416.8,35436.7
6/7/2021 15:15,35433.95,35473.95,35399.95,35403.05
6/8/2021 9:15,35433.8,35438.55,35040.5,35057.95
6/8/2021 10:15,35059.2,35107.4,35010.15,35090.85
6/8/2021 11:15,35091.35,35127.1,34964.85,35019.15
6/8/2021 12:15,35017.95,35125.4,35016.85,35085.7
6/8/2021 13:15,35087.25,35197.25,35032.9,35064.45
6/8/2021 14:15,35065.9,35161.9,35044.95,35078.9
6/8/2021 15:15,35081.25,35099.2,35045.1,35083.5
6/9/2021 9:15,35114.25,35402.45,34912.55,35341.15
6/9/2021 10:15,35343.3,35353.9,35275.85,35327.5
6/9/2021 11:15,35326.05,35332.25,35243.45,35262.8
6/9/2021 12:15,35264.05,35337.1,34890.5,34903.2
6/9/2021 13:15,34907,35009.75,34645.8,34913.4
6/9/2021 14:15,34910.15,34952.75,34646.95,34803.4
6/9/2021 15:15,34805.7,34846.8,34784.1,34808.7
6/10/2021 9:15,34903.6,34961.05,34737.1,34832.4
6/10/2021 10:15,34832.9,34933.5,34803.65,34822.85
6/10/2021 11:15,34825.9,34934.9,34819.5,34896.65
6/10/2021 12:15,34896.25,34909.95,34786.65,34870.2
6/10/2021 13:15,34869.5,35034.8,34869.5,35019.1
6/10/2021 14:15,35018.6,35161.8,34990.55,35127.4
6/10/2021 15:15,35125.25,35164.45,35117.3,35146
6/11/2021 9:15,35324.65,35332.25,35162.8,35162.8
6/11/2021 10:15,35164.55,35226.4,35096.2,35106.2
6/11/2021 11:15,35106.45,35106.45,34895.85,34940.1
6/11/2021 12:15,34939.35,35044.25,34922.15,35042.05
6/11/2021 13:15,35041.6,35096.4,34963.55,35076
6/11/2021 14:15,35076.7,35109.2,35019.4,35051.5
6/11/2021 15:15,35051.25,35065.65,35019.25,35055.4
6/14/2021 9:15,34936.55,34936.55,34382.9,34701.55
6/14/2021 10:15,34700.3,34712.35,34567.95,34627.95
6/14/2021 11:15,34626.35,34713.1,34574.4,34635.55
6/14/2021 12:15,34636.3,34704.8,34614.75,34629.25
6/14/2021 13:15,34631.95,34920.75,34625.55,34851.7
6/14/2021 14:15,34847.45,34994.6,34799.7,34951.6
6/14/2021 15:15,34948.15,34971.5,34928.65,34934.4
6/15/2021 9:15,35038.05,35281.4,34918.35,35238.05
6/15/2021 10:15,35239.15,35243.7,35132.9,35196.9
6/15/2021 11:15,35197.1,35220.35,35148.9,35175.95
6/15/2021 12:15,35170.35,35314.85,35131.35,35225.6
6/15/2021 13:15,35226.45,35287.35,35110.4,35247.9
6/15/2021 14:15,35249.05,35279.6,35194.75,35263.45
6/15/2021 15:15,35262.55,35266.3,35209,35225.55
6/16/2021 9:15,35196.25,35377.7,35077.2,35204.2
6/16/2021 10:15,35205.75,35228.65,35054.55,35094.95
6/16/2021 11:15,35092.7,35151.35,35022.05,35073.2
6/16/2021 12:15,35072.55,35108.2,34919.1,34990.8
6/16/2021 13:15,34989.9,35065.45,34976.75,35053.6
6/16/2021 14:15,35052.35,35098,34987.3,35006.9
6/16/2021 15:15,35003.4,35029.2,34964.95,34984.7
6/17/2021 9:15,34619.8,34841.7,34619.8,34833.2
6/17/2021 10:15,34832.15,34882.05,34774.25,34803.75
6/17/2021 11:15,34802.35,34802.65,34699.3,34727.85
6/17/2021 12:15,34726.55,34850.25,34676.35,34782.15
6/17/2021 13:15,34781.8,34791.4,34549.75,34549.75
6/17/2021 14:15,34546.6,34688.1,34460,34683.25
6/17/2021 15:15,34680.65,34688.75,34513.95,34532.7
6/18/2021 9:15,34735.15,34783.75,34225.1,34359.7
6/18/2021 10:15,34359.2,34363.15,33915.15,34127.85
6/18/2021 11:15,34127.35,34214.6,34039,34130.15
6/18/2021 12:15,34129.45,34270.85,34103.9,34149.6
6/18/2021 13:15,34148.95,34379.45,34111.7,34326.35
6/18/2021 14:15,34324.45,34575.45,34282.9,34545.25
6/18/2021 15:15,34545.1,34704.65,34542.05,34692.25
6/21/2021 9:15,34109.45,34359.9,33939.25,34294.85
6/21/2021 10:15,34291.65,34390.35,34277.7,34285.6
6/21/2021 11:15,34286.4,34378.9,34264.35,34307.1
6/21/2021 12:15,34305.65,34645.55,34291.65,34625.75
6/21/2021 13:15,34625.45,34713.5,34524.45,34703.1
6/21/2021 14:15,34702.9,34884.9,34663.65,34867
6/21/2021 15:15,34868.9,34924.35,34847.6,34874.3
6/22/2021 9:15,35084.9,35269.5,35041.7,35249.05
6/22/2021 10:15,35249.25,35281.8,35142.95,35159.85
6/22/2021 11:15,35156.55,35203.55,35073.8,35125.75
6/22/2021 12:15,35125.05,35127.35,34958.15,35013.7
6/22/2021 13:15,35015.3,35030.65,34798.95,34897.1
6/22/2021 14:15,34897.4,35023.7,34726.8,34761.05
6/22/2021 15:15,34755.25,34762.6,34664.85,34716.5
6/23/2021 9:15,34911.85,34930.75,34684.4,34692.95
6/23/2021 10:15,34687.4,34810.75,34615.7,34749.5
6/23/2021 11:15,34747.3,34841.6,34667.9,34767.35
6/23/2021 12:15,34767.35,34791.2,34662.8,34690.25
6/23/2021 13:15,34690.8,34869.35,34639.85,34781.5
6/23/2021 14:15,34781.45,34811.3,34528,34568.35
6/23/2021 15:15,34567.9,34612.1,34541.95,34590.5
6/24/2021 9:15,34687.7,34821.3,34600.5,34716.95
6/24/2021 10:15,34718.7,34790.35,34714.2,34748.95
6/24/2021 11:15,34749.2,34778.75,34647.6,34750.25
6/24/2021 12:15,34749,34828.9,34694.8,34820.55
6/24/2021 13:15,34824.5,34935.1,34803.45,34918.2
6/24/2021 14:15,34917.85,34920.75,34755.4,34832.7
6/24/2021 15:15,34832.25,34882.1,34805.7,34860.75
6/25/2021 9:15,34916.65,35148.65,34916.65,35059.05
6/25/2021 10:15,35060.3,35094.1,34970.7,35025.45
6/25/2021 11:15,35025.85,35230.4,35001,35222.8
6/25/2021 12:15,35224.25,35283.95,35190.15,35255.4
6/25/2021 13:15,35253.2,35490.45,35240.5,35458.6
6/25/2021 14:15,35457.85,35490.6,35348.5,35397.55
6/25/2021 15:15,35398.85,35400.05,35301.45,35325.05
6/28/2021 9:15,35488.2,35575.3,35276.7,35379.15
6/28/2021 10:15,35376.5,35407.7,35236.95,35268.75
6/28/2021 11:15,35268.85,35391.15,35266.05,35350
6/28/2021 12:15,35350.1,35388.7,35278.1,35387.1
6/28/2021 13:15,35402.75,35435.9,35300.7,35390.8
6/28/2021 14:15,35391.9,35433.7,35238.6,35339.95
6/28/2021 15:15,35341.1,35409.2,35318.45,35401.4
6/29/2021 9:15,35320.45,35320.85,35073.05,35103.55
6/29/2021 10:15,35101.35,35134.65,35049.45,35102.4
6/29/2021 11:15,35099.3,35132.5,35049.85,35058.6
6/29/2021 12:15,35054.1,35136.65,35049.9,35073.1
6/29/2021 13:15,35071.85,35173.75,34930.05,35046.55
6/29/2021 14:15,35043.7,35044.05,34923.75,35006
6/29/2021 15:15,35007.8,35053.35,34987.3,35011.85
6/30/2021 9:15,35001.9,35092,34897.55,35035.7
6/30/2021 10:15,35031.8,35213.3,34966,35197.3
6/30/2021 11:15,35198.55,35206.3,35089.4,35096.65
6/30/2021 12:15,35099.55,35117.3,35028,35081.7
6/30/2021 13:15,35080.35,35118.65,34921.8,34967.15
6/30/2021 14:15,34969.65,34998.4,34760.05,34760.05
6/30/2021 15:15,34758,34784.9,34731.6,34780.55
7/1/2021 9:15,34866,34874.6,34689.55,34748.6
7/1/2021 10:15,34747.15,34831.5,34675.95,34778
7/1/2021 11:15,34774.2,34804.25,34710.7,34756.35
7/1/2021 12:15,34759.5,34879.7,34698.95,34844.7
7/1/2021 13:15,34846.15,34916.85,34737.15,34810.5
7/1/2021 14:15,34812.35,34831.25,34657,34681.9
7/1/2021 15:15,34680.2,34733.55,34656.7,34726.25
7/2/2021 9:15,34728.1,34790.3,34637.35,34783.1
7/2/2021 10:15,34782.45,34801.75,34674.75,34723.05
7/2/2021 11:15,34723.25,34811.7,34703.25,34790
7/2/2021 12:15,34789.3,34893.15,34784.15,34846.1
7/2/2021 13:15,34846.55,34851.6,34699.55,34768.2
7/2/2021 14:15,34773.1,34840.45,34732.65,34796.25
7/2/2021 15:15,34795.75,34852.75,34795.7,34829.15
7/5/2021 9:15,35010.95,35126.75,34935.65,35094.85
7/5/2021 10:15,35092.55,35130.35,35055.9,35072.45
7/5/2021 11:15,35073.65,35110.55,35058.3,35089.2
7/5/2021 12:15,35089.5,35110.15,35014.7,35109.4
7/5/2021 13:15,35110.35,35201.75,35091.55,35182.4
7/5/2021 14:15,35183.15,35231.6,35116.85,35225.3
7/5/2021 15:15,35229.45,35234.3,35202.15,35218.6
7/6/2021 9:15,35173.6,35486.6,35173.6,35472.3
7/6/2021 10:15,35471.4,35640.6,35412.1,35638.85
7/6/2021 11:15,35635.4,35658.85,35587,35646.8
7/6/2021 12:15,35646.2,35688.8,35600.9,35647.65
7/6/2021 13:15,35650.95,35807.35,35617.4,35788.95
7/6/2021 14:15,35788.25,35798.05,35551.1,35558.5
7/6/2021 15:15,35558.45,35599.05,35490.25,35530.45
7/7/2021 9:15,35550.6,35702.75,35432.4,35597.3
7/7/2021 10:15,35593.95,35639.45,35518.45,35606.35
7/7/2021 11:15,35606.6,35710.25,35598.55,35690.05
7/7/2021 12:15,35689.7,35745.45,35638.8,35696.3
7/7/2021 13:15,35696.4,35741.65,35647.35,35720.45
7/7/2021 14:15,35722.7,35793.3,35649.4,35784.45
7/7/2021 15:15,35780.4,35795.75,35751.5,35754.65
7/8/2021 9:15,35603.25,35810.5,35603.25,35743.1
7/8/2021 10:15,35743.3,35743.3,35676.6,35702.85
7/8/2021 11:15,35700.85,35741.6,35559.6,35580.75
7/8/2021 12:15,35580.5,35605.4,35444.15,35495.6
7/8/2021 13:15,35495.2,35512.8,35235.2,35284.95
7/8/2021 14:15,35285.65,35335.1,35138.6,35309.95
7/8/2021 15:15,35310.2,35339.9,35243,35282.95
7/9/2021 9:15,35163.75,35174.5,34862.2,35000.6
7/9/2021 10:15,34998.6,35222.05,34990.4,35072
7/9/2021 11:15,35071.25,35141.3,35008.7,35095.4
7/9/2021 12:15,35093.35,35203.3,35029.8,35090.3
7/9/2021 13:15,35090.45,35120.2,35017,35092.05
7/9/2021 14:15,35105,35145.95,34950.2,35062.15
7/9/2021 15:15,35059.25,35117.15,35045.7,35090.4
7/12/2021 9:15,35285.05,35373.75,35219.6,35362.4
7/12/2021 10:15,35367.95,35393.4,35288.9,35314.9
7/12/2021 11:15,35315.75,35380.55,35286.25,35366.7
7/12/2021 12:15,35366.85,35394.3,35145.8,35188.75
7/12/2021 13:15,35188.85,35237.65,35063.5,35163.6
7/12/2021 14:15,35163.6,35229.1,35065.45,35193
7/12/2021 15:15,35191.9,35214.95,35178.35,35192.5
7/13/2021 9:15,35480.05,35480.05,35341.4,35393.55
7/13/2021 10:15,35394.9,35433.1,35367.55,35415.45
7/13/2021 11:15,35416.7,35617.15,35414.35,35616.7
7/13/2021 12:15,35615.6,35679.65,35567.7,35658.5
7/13/2021 13:15,35658.75,35726.1,35610.25,35699.55
7/13/2021 14:15,35699.3,35716.05,35649.95,35682.3
7/13/2021 15:15,35682.4,35685.05,35633.85,35641.15
7/14/2021 9:15,35585.85,35588.8,35436.95,35499.4
7/14/2021 10:15,35497.45,35715.15,35472,35701.15
7/14/2021 11:15,35700.6,35702,35622.75,35656.6
7/14/2021 12:15,35657,35803.15,35635.1,35800.45
7/14/2021 13:15,35798.7,35803.45,35651.75,35714.9
7/14/2021 14:15,35715.5,35725.35,35655.4,35691.65
7/14/2021 15:15,35686.45,35699.6,35600.7,35643.1
7/15/2021 9:15,35757.45,35800.2,35635.4,35772.45
7/15/2021 10:15,35771.6,35960.3,35757.85,35951.1
7/15/2021 11:15,35954.5,35984.65,35904.65,35953
7/15/2021 12:15,35950.8,35981,35814.1,35893
7/15/2021 13:15,35891.2,35952.95,35837.1,35926.8
7/15/2021 14:15,35927.25,35943.05,35842.55,35898.1
7/15/2021 15:15,35893.6,35924.7,35892.35,35901.7
7/16/2021 9:15,35977.95,35977.95,35720.6,35783.7
7/16/2021 10:15,35784.95,35843.1,35736.35,35840.6
7/16/2021 11:15,35840.1,35857.9,35694.25,35732.35
7/16/2021 12:15,35735.2,35788.1,35688.75,35770.65
7/16/2021 13:15,35771.65,35784.3,35676.6,35743.6
7/16/2021 14:15,35744.65,35818.15,35731.55,35759.55
7/16/2021 15:15,35762.3,35768.65,35727.45,35755.9
7/19/2021 9:15,35070.5,35346.35,35033.65,35289.95
7/19/2021 10:15,35285.8,35320.25,35254.3,35263.75
7/19/2021 11:15,35264.4,35272.55,35156.35,35186.35
7/19/2021 12:15,35187.95,35188.7,34902.55,34981.3
7/19/2021 13:15,34979.2,35094.85,34969.9,35025.9
7/19/2021 14:15,35027.6,35098.6,34944.4,35092.95
7/19/2021 15:15,35092.2,35126.3,35074.95,35098.4
7/20/2021 9:15,34791.15,34883.25,34515.5,34654.3
7/20/2021 10:15,34652.95,34653.7,34430.65,34455.8
7/20/2021 11:15,34454.4,34499.55,34357.8,34387.7
7/20/2021 12:15,34385.65,34549,34380.2,34545.3
7/20/2021 13:15,34546.7,34575.2,34479.6,34540.2
7/20/2021 14:15,34539.5,34545.65,34395.8,34412.95
7/20/2021 15:15,34410.25,34436.05,34372.2,34415.05
7/22/2021 9:15,34774.55,34930.7,34668.4,34899.85
7/22/2021 10:15,34897.35,34988.55,34825,34968.9
7/22/2021 11:15,34968.55,34973.15,34884.95,34906.8
7/22/2021 12:15,34907.85,34915.4,34760.7,34762.15
7/22/2021 13:15,34761.55,34857.75,34756.7,34778.9
7/22/2021 14:15,34776.95,34779.75,34558.15,34660.4
7/22/2021 15:15,34663.5,34712.35,34659.4,34708.9
7/23/2021 9:15,34748.35,34852.65,34406.7,34852.65
7/23/2021 10:15,34855.4,34888.95,34634,34763.15
7/23/2021 11:15,34762.45,34835.3,34714.25,34767.9
7/23/2021 12:15,34767.3,34946.55,34743.95,34903.15
7/23/2021 13:15,34906.8,34980.45,34872.35,34965.05
7/23/2021 14:15,34963.8,35087.6,34899.6,35053.25
7/23/2021 15:15,35056.7,35056.7,34983.15,35012.1
7/26/2021 9:15,34947.85,35017.6,34743.15,34938.5
7/26/2021 10:15,34942.2,35136.55,34894.7,35082.85
7/26/2021 11:15,35083.75,35112.4,34904.3,34949.1
7/26/2021 12:15,34950.35,35056.15,34932.55,34990.65
7/26/2021 13:15,34988.55,35071.1,34959.75,35024.45
7/26/2021 14:15,35026.7,35084.35,34912.35,34955.9
7/26/2021 15:15,34959.3,34983.3,34915.55,34921.85
7/27/2021 9:15,35029.3,35172.5,34998.85,35115.4
7/27/2021 10:15,35110.05,35185.85,35075.05,35100.8
7/27/2021 11:15,35101.3,35117.25,35033.5,35077.95
7/27/2021 12:15,35080.25,35091.1,34719.1,34747.8
7/27/2021 13:15,34747.6,34952.8,34737.85,34809.35
7/27/2021 14:15,34809.9,34850.4,34752.95,34790.4
7/27/2021 15:15,34785.35,34825.8,34781.3,34801.2
7/28/2021 9:15,34839.45,34839.45,34496.25,34523.15
7/28/2021 10:15,34520.7,34547.9,34117.7,34302.75
7/28/2021 11:15,34315.5,34360.6,34219.2,34277.7
7/28/2021 12:15,34277.8,34358.65,34271.05,34347.8
7/28/2021 13:15,34346.75,34573.4,34334.65,34510.35
7/28/2021 14:15,34509.3,34558.8,34348.65,34530.8
7/28/2021 15:15,34530.6,34572.95,34521,34558.4
7/29/2021 9:15,34740.3,34768.8,34572.1,34677.1
7/29/2021 10:15,34677.25,34715.4,34555.35,34668.75
7/29/2021 11:15,34669.75,34680.9,34558.9,34586.25
7/29/2021 12:15,34585.15,34663.7,34496.2,34635.3
7/29/2021 13:15,34636.85,34777.05,34619.9,34676.15
7/29/2021 14:15,34675.9,34726.55,34628.2,34676.15
7/29/2021 15:15,34677.35,34753.5,34672.9,34750.85
7/30/2021 9:15,34698.75,34712.75,34457.55,34550
7/30/2021 10:15,34551.9,34576.7,34493.25,34546.75
7/30/2021 11:15,34543,34600.8,34511.85,34578.75
7/30/2021 12:15,34580.25,34642,34552.95,34596.35
7/30/2021 13:15,34595.55,34737.65,34545.9,34704.55
7/30/2021 14:15,34707.15,34722.75,34533.2,34572.35
7/30/2021 15:15,34573.5,34622.75,34565.2,34576.15
8/2/2021 9:15,34760.9,34838.3,34721,34787.1
8/2/2021 10:15,34786.85,34848.85,34762.45,34846.15
8/2/2021 11:15,34844.95,34860.9,34754.05,34785.85
8/2/2021 12:15,34783.95,34821.55,34768.5,34803.9
8/2/2021 13:15,34806.8,34828.6,34752.2,34787.85
8/2/2021 14:15,34784.5,34788.75,34593.7,34718.65
8/2/2021 15:15,34716.95,34734.7,34695,34726.05
8/3/2021 9:15,34660.75,34836.6,34660.75,34829.85
8/3/2021 10:15,34829.4,34854.5,34774.45,34798.35
8/3/2021 11:15,34797.15,34850.8,34778.35,34836.25
8/3/2021 12:15,34837.45,34966.85,34825.7,34966.85
8/3/2021 13:15,34967.9,34978.4,34894.5,34915.4
8/3/2021 14:15,34917.2,35237.4,34910.25,35208
8/3/2021 15:15,35203.9,35234.15,35181.75,35199.5
8/4/2021 9:15,35388.15,35663.8,35332.75,35619.1
8/4/2021 10:15,35618.1,35983.75,35618.1,35974.1
8/4/2021 11:15,35973.75,35973.9,35686.5,35905.1
8/4/2021 12:15,35904,35963.05,35842.9,35882.4
8/4/2021 13:15,35882.7,36136.4,35863.55,36136.4
8/4/2021 14:15,36139.2,36218.2,36025.15,36062.15
8/4/2021 15:15,36060.25,36061.15,35950.7,35994.5
8/5/2021 9:15,36093.95,36105.05,35733.35,35779.25
8/5/2021 10:15,35781.65,35836.45,35663.05,35726.9
8/5/2021 11:15,35728.7,35876.35,35704.8,35874.3
8/5/2021 12:15,35873.35,36039.3,35787.9,35978.8
8/5/2021 13:15,35982.3,36041.85,35839.85,36021.6
8/5/2021 14:15,36022.3,36087.05,35791.2,35797.7
8/5/2021 15:15,35796.25,35842.9,35762.75,35799.65
8/6/2021 9:15,35875.8,36079.1,35740.4,35979.6
8/6/2021 10:15,35981.25,36027.7,35755.35,35816.15
8/6/2021 11:15,35816.4,35898.15,35773.35,35856.2
8/6/2021 12:15,35855.1,35897.15,35755.8,35797.75
8/6/2021 13:15,35797.9,35856.1,35712,35817.25
8/6/2021 14:15,35818.25,35839.55,35723.1,35789.3
8/6/2021 15:15,35788.05,35907.25,35784.4,35882.1
8/9/2021 9:15,35824.2,36158.5,35681.8,36101.25
8/9/2021 10:15,36099.95,36120.65,35924.7,36015.1
8/9/2021 11:15,36015.9,36063.9,35938.5,35983.25
8/9/2021 12:15,35983.95,35997.3,35862.6,35940.8
8/9/2021 13:15,35945.3,35985.25,35761.15,35955.55
8/9/2021 14:15,35955.75,36050.05,35897.1,36017.9
8/9/2021 15:15,36017.15,36056.95,36000.7,36014.8
8/10/2021 9:15,35954.55,36315.3,35954.55,36273.45
8/10/2021 10:15,36272,36282.55,36163.6,36190.35
8/10/2021 11:15,36191.15,36283.2,36189.15,36255.4
8/10/2021 12:15,36257.1,36267.7,36160.05,36204.2
8/10/2021 13:15,36204.2,36242.25,35896.6,35920.75
8/10/2021 14:15,35918.6,36064.45,35893.3,36050.45
8/10/2021 15:15,36045.6,36054.95,35994.55,36009.55
8/11/2021 9:15,36218.25,36218.25,35738.45,35778.75
8/11/2021 10:15,35772.85,35846.4,35564.85,35600.5
8/11/2021 11:15,35600.8,35654.5,35532.8,35635.4
8/11/2021 12:15,35633.6,35770.5,35633.6,35725.25
8/11/2021 13:15,35725.7,35903.55,35712.35,35815.55
8/11/2021 14:15,35818.95,35836.4,35719.1,35812.9
8/11/2021 15:15,35813.6,35825.75,35766.15,35780.35
8/12/2021 9:15,35825.4,35957.8,35703.55,35874.15
8/12/2021 10:15,35874.85,35907.9,35834.55,35867.2
8/12/2021 11:15,35866.7,35878.95,35783.6,35857.8
8/12/2021 12:15,35859.75,35928.1,35784.2,35864.1
8/12/2021 13:15,35864.8,35942.9,35822.15,35849.7
8/12/2021 14:15,35850.15,35947.15,35797.9,35916.25
8/12/2021 15:15,35917,35996.35,35913.85,35991.75
8/13/2021 9:15,36000.75,36177.1,36000.75,36074.65
8/13/2021 10:15,36076.05,36088.5,36023.4,36076.5
8/13/2021 11:15,36075.1,36143.55,36065.9,36100.3
8/13/2021 12:15,36099.4,36146.25,36022.35,36075.85
8/13/2021 13:15,36078.75,36124.55,35943.35,36123.35
8/13/2021 14:15,36119.9,36232.7,36096.5,36155.5
8/13/2021 15:15,36151.8,36197.8,36114.85,36141.45
8/16/2021 9:15,36100.65,36257.4,36035.4,36126.25
8/16/2021 10:15,36130.6,36226.45,36100.55,36199.7
8/16/2021 11:15,36200.8,36225.95,36110.85,36164.2
8/16/2021 12:15,36175.7,36175.75,36066.9,36140.2
8/16/2021 13:15,36139.7,36150.35,36035.65,36125.85
8/16/2021 14:15,36129.55,36159.8,36082.35,36099.95
8/16/2021 15:15,36103,36116.25,36043.8,36044.45
8/17/2021 9:15,35935.05,35983.8,35722.1,35785.6
8/17/2021 10:15,35781.9,35848.35,35765.65,35788
8/17/2021 11:15,35789.25,35815.55,35613.2,35675
8/17/2021 12:15,35677.15,35727,35638.4,35718.55
8/17/2021 13:15,35716.25,35768.6,35690.2,35759.7
8/17/2021 14:15,35761.1,35887.3,35689.55,35876.2
8/17/2021 15:15,35873.7,35910.55,35858.6,35880.3
8/18/2021 9:15,36222.5,36222.5,35983,36028.45
8/18/2021 10:15,36027.3,36073.9,35950,35952.75
8/18/2021 11:15,35952.85,35970.9,35870.4,35889.2
8/18/2021 12:15,35886.05,35944.55,35699.05,35750.05
8/18/2021 13:15,35745.4,35793.85,35650.05,35677.8
8/18/2021 14:15,35676.7,35728.5,35434.85,35605.95
8/18/2021 15:15,35607.55,35618.65,35456.5,35480.95
8/20/2021 9:15,35146.5,35306.05,34986.3,35161.3
8/20/2021 10:15,35157.95,35180.35,34953.95,35022.3
8/20/2021 11:15,35024.15,35183.95,35024.15,35095.65
8/20/2021 12:15,35096.65,35140.25,34971.4,35012.55
8/20/2021 13:15,35011.55,35086.25,34930.75,35030.25
8/20/2021 14:15,35029.6,35139.85,35023.05,35043.3
8/20/2021 15:15,35043.2,35046.4,34994.95,35029.8
8/23/2021 9:15,35424.2,35424.2,35038.75,35107.1
8/23/2021 10:15,35105.95,35135.35,34818.9,34888.7
8/23/2021 11:15,34889.9,35054.75,34849.7,35032.85
8/23/2021 12:15,35034.65,35074.7,34956.4,35030.05
8/23/2021 13:15,35032.05,35181,35025.3,35123.5
8/23/2021 14:15,35128,35240.4,35069.65,35127.95
8/23/2021 15:15,35125.55,35129.3,35069.5,35083.8
8/24/2021 9:15,35200.75,35245.25,35070.45,35196.05
8/24/2021 10:15,35196,35427.7,35196,35384.5
8/24/2021 11:15,35384.6,35586.7,35371,35570.55
8/24/2021 12:15,35568.35,35643.75,35515.75,35599.1
8/24/2021 13:15,35597.65,35697.05,35585.35,35656.75
8/24/2021 14:15,35658.25,35794.55,35635.5,35706.15
8/24/2021 15:15,35705.25,35733.7,35674.15,35680.45
8/25/2021 9:15,35768.85,35907.55,35607.95,35616.1
8/25/2021 10:15,35616.3,35662.9,35557.05,35626.7
8/25/2021 11:15,35628.1,35772.55,35522.2,35577.95
8/25/2021 12:15,35575.5,35657.6,35534.85,35568
8/25/2021 13:15,35567.9,35663.2,35556.3,35556.3
8/25/2021 14:15,35555.15,35612.55,35501.25,35561.2
8/25/2021 15:15,35564.85,35626.95,35538.05,35554.65
8/26/2021 9:15,35485.95,35668.7,35415.5,35630.2
8/26/2021 10:15,35635.35,35649.65,35549.1,35613.15
8/26/2021 11:15,35613.9,35758.9,35562.75,35741.4
8/26/2021 12:15,35741.4,35764.15,35603.5,35693.5
8/26/2021 13:15,35692.8,35784.95,35680.9,35728.45
8/26/2021 14:15,35732.75,35745.65,35582.95,35605.8
8/26/2021 15:15,35608.5,35658,35567.55,35603.4
8/27/2021 9:15,35559.75,35596.8,35365.6,35479.3
8/27/2021 10:15,35478.45,35596.2,35477.15,35555.45
8/27/2021 11:15,35557.85,35686,35548.15,35619.4
8/27/2021 12:15,35618.95,35674.9,35568,35619.6
8/27/2021 13:15,35618.05,35658.15,35551,35616.75
8/27/2021 14:15,35615.95,35724.2,35615.4,35634.75
8/27/2021 15:15,35630.9,35637.3,35591.1,35608
8/30/2021 9:15,35781.05,35962.85,35721.9,35933.05
8/30/2021 10:15,35934.6,36129.15,35909.8,36028.9
8/30/2021 11:15,36027.95,36057.05,35973.15,36047.55
8/30/2021 12:15,36046.2,36122.35,36013.3,36122.35
8/30/2021 13:15,36119.65,36316.7,36094.45,36316.7
8/30/2021 14:15,36312.65,36397.3,36280.45,36344.45
8/30/2021 15:15,36342.25,36386.95,36333.4,36357.3
8/31/2021 9:15,36367.4,36502.4,36256.35,36328.25
8/31/2021 10:15,36328.75,36490.2,36306.65,36391.55
8/31/2021 11:15,36393.3,36488.1,36358.55,36454.2
8/31/2021 12:15,36452.75,36549.95,36404.85,36516.3
8/31/2021 13:15,36515.9,36526.1,36217.55,36272.15
8/31/2021 14:15,36266.95,36460.3,36266.95,36434.1
8/31/2021 15:15,36433.55,36454.15,36373.45,36389.15
9/1/2021 9:15,36591.45,36994.5,36505.35,36940.3
9/1/2021 10:15,36934,36950.6,36636.85,36679.3
9/1/2021 11:15,36679.9,36740.5,36571.75,36621.65
9/1/2021 12:15,36619.9,36802.2,36556.15,36734.2
9/1/2021 13:15,36732.25,36817.25,36667.75,36735.9
9/1/2021 14:15,36734.4,36776.95,36541.2,36547.45
9/1/2021 15:15,36545.05,36584,36509.2,36512.8
9/2/2021 9:15,36588.4,36641,36470.3,36547.9
9/2/2021 10:15,36551.15,36691.8,36519.85,36690.4
9/2/2021 11:15,36689,36784.65,36689,36767.95
9/2/2021 12:15,36767.35,36841.1,36705.85,36833.3
9/2/2021 13:15,36831.8,36856.45,36717.7,36792.95
9/2/2021 14:15,36789.8,36838.55,36745.3,36813
9/2/2021 15:15,36808.95,36893.15,36808.95,36875.35
9/3/2021 9:15,36883.65,37138.65,36883.65,37062.85
9/3/2021 10:15,37063.3,37075.3,36742.3,36785.2
9/3/2021 11:15,36780.55,36821.2,36636.25,36786.5
9/3/2021 12:15,36786.8,36834.5,36703.9,36813.8
9/3/2021 13:15,36812.6,36839,36565.75,36665.3
9/3/2021 14:15,36662.8,36761.35,36608.75,36754
9/3/2021 15:15,36756.8,36835.2,36739.35,36763.25
9/6/2021 9:15,36878.25,36923.1,36641.95,36670.8
9/6/2021 10:15,36669.65,36688.65,36577.1,36647.1
9/6/2021 11:15,36647,36703.4,36605.95,36678.45
9/6/2021 12:15,36677.95,36744.9,36656.05,36711.4
9/6/2021 13:15,36711.95,36741.45,36628.15,36645.85
9/6/2021 14:15,36645.35,36654.65,36576.35,36583.55
9/6/2021 15:15,36581.65,36633.7,36554.8,36588.25
9/7/2021 9:15,36558.85,36619,36189.55,36225.7
9/7/2021 10:15,36226.15,36324.95,36153.6,36309.9
9/7/2021 11:15,36308.55,36517.75,36267.25,36512.2
9/7/2021 12:15,36517.15,36685.05,36516.95,36580.25
9/7/2021 13:15,36579.7,36664.25,36507.95,36563.85
9/7/2021 14:15,36562.2,36576.5,36396.05,36451.9
9/7/2021 15:15,36454.45,36483.6,36423.9,36465
9/8/2021 9:15,36519.7,36745.6,36401.6,36634.35
9/8/2021 10:15,36632.75,36802,36631.15,36778.45
9/8/2021 11:15,36783,36812.35,36703.25,36802.6
9/8/2021 12:15,36803.25,36811.6,36519.4,36556.75
9/8/2021 13:15,36556.85,36688.95,36556.85,36684.9
9/8/2021 14:15,36685.25,36759.5,36618.7,36752.05
9/8/2021 15:15,36751.65,36850.9,36748.2,36850.9
9/9/2021 9:15,36725.5,36855.8,36616.5,36627
9/9/2021 10:15,36628.55,36746.2,36603.25,36703.8
9/9/2021 11:15,36704.05,36752.7,36655.8,36691.65
9/9/2021 12:15,36690.6,36696.25,36568.05,36604.3
9/9/2021 13:15,36604,36669.45,36595.75,36629.1
9/9/2021 14:15,36628.45,36693.1,36572.05,36678.65
9/9/2021 15:15,36678.55,36711.4,36652.7,36670.3
9/13/2021 9:15,36608.45,36690.2,36328.9,36361.1
9/13/2021 10:15,36349.3,36462.5,36346.65,36422.85
9/13/2021 11:15,36423.4,36476.1,36390.85,36456.75
9/13/2021 12:15,36459.8,36558.75,36438.6,36516.1
9/13/2021 13:15,36520,36550.75,36451.3,36508.35
9/13/2021 14:15,36508.95,36547.4,36426.35,36459.9
9/13/2021 15:15,36461.45,36504,36456.35,36496.55
9/14/2021 9:15,36639.95,36755.3,36602.2,36706.45
9/14/2021 10:15,36707.8,36740.25,36667.55,36694.75
9/14/2021 11:15,36692.65,36708.55,36624,36626.9
9/14/2021 12:15,36624.75,36677.65,36530.15,36597.6
9/14/2021 13:15,36598.65,36657.15,36577.55,36631.75
9/14/2021 14:15,36626.9,36666.7,36576.1,36588.85
9/14/2021 15:15,36587.6,36629.35,36587.6,36614.95
9/15/2021 9:15,36543.55,36648.65,36498.95,36617.9
9/15/2021 10:15,36618.25,36709.75,36584.95,36666.6
9/15/2021 11:15,36666.9,36704.1,36625.95,36647.5
9/15/2021 12:15,36648.75,36735.45,36615.55,36717.35
9/15/2021 13:15,36715.6,36882.55,36671.15,36876.85
9/15/2021 14:15,36880.55,36947.3,36821.15,36836.25
9/15/2021 15:15,36837.5,36891.25,36822.3,36860.95
9/16/2021 9:15,36946,37125.75,36912.9,37119.15
9/16/2021 10:15,37116.55,37295.9,37098.45,37267.4
9/16/2021 11:15,37265.1,37390.15,37250.7,37345.55
9/16/2021 12:15,37347.95,37454.75,37298.25,37409.05
9/16/2021 13:15,37408.7,37551.35,37352.55,37544.2
9/16/2021 14:15,37546.7,37703.45,37500.6,37630.7
9/16/2021 15:15,37630.45,37717.2,37627.4,37682.9
9/17/2021 9:15,37929.5,38039,37709.4,37889.6
9/17/2021 10:15,37892.65,38112,37867.65,37948.4
9/17/2021 11:15,37949.2,37950.75,37468.55,37538.95
9/17/2021 12:15,37540.95,37637.6,37430.65,37621.85
9/17/2021 13:15,37619.05,37676.2,37494.6,37631.7
9/17/2021 14:15,37629.55,37807.6,37397.85,37806.15
9/17/2021 15:15,37810.05,37926.05,37809.55,37892.7
9/20/2021 9:15,37388.2,37701.25,37326.4,37641.3
9/20/2021 10:15,37639.65,37782.95,37625,37745.45
9/20/2021 11:15,37745,37801.6,37501.05,37526.3
9/20/2021 12:15,37528.1,37610.2,37476.3,37607.1
9/20/2021 13:15,37611.35,37620.05,37319.7,37357.4
9/20/2021 14:15,37355.75,37421.85,37106.3,37184.45
9/20/2021 15:15,37184.2,37187.4,37075.75,37114.95
9/21/2021 9:15,37238.4,37330.55,36809.55,36811.8
9/21/2021 10:15,36814.35,36924.25,36594.15,36594.15
9/21/2021 11:15,36593.7,36866.4,36528,36736.4
9/21/2021 12:15,36736.65,37013.45,36671.35,37005.8
9/21/2021 13:15,37005.2,37119.85,36889.35,37005.2
9/21/2021 14:15,37005.15,37210,36976.85,37188.6
9/21/2021 15:15,37187.65,37314.8,37184.9,37298.35
9/22/2021 9:15,37277.1,37319.2,37064.5,37218.8
9/22/2021 10:15,37217.4,37223.15,37025.6,37044.7
9/22/2021 11:15,37037.7,37133.5,36916.85,37063.35
9/22/2021 12:15,37064.7,37196.35,37038.1,37159.95
9/22/2021 13:15,37157.45,37191.55,36931.2,37037.45
9/22/2021 14:15,37036.75,37060.65,36885.9,36905.5
9/22/2021 15:15,36910.95,37014.25,36900.7,36987.2
9/23/2021 9:15,37241.25,37615.2,37235.45,37595.5
9/23/2021 10:15,37596.75,37685.45,37557.7,37650.65
9/23/2021 11:15,37650.7,37733.4,37529.65,37726.6
9/23/2021 12:15,37728.8,37754.35,37641.3,37675.85
9/23/2021 13:15,37676.8,37780.6,37607.7,37767.35
9/23/2021 14:15,37763.95,37827.3,37687.35,37789.55
9/23/2021 15:15,37790.65,37820.05,37763.4,37811.3
9/24/2021 9:15,37954,38109.15,37705.7,37785.45
9/24/2021 10:15,37780.85,37976.25,37726.4,37812.6
9/24/2021 11:15,37811.45,37868.65,37713.8,37752.4
9/24/2021 12:15,37752.75,37835.45,37725.2,37779.3
9/24/2021 13:15,37775.95,37860.55,37680.65,37777.75
9/24/2021 14:15,37772.55,37878.65,37730.85,37874.85
9/24/2021 15:15,37874.45,37876.4,37768.2,37783.5
9/27/2021 9:15,38054.75,38353.75,37975.7,38228.95
9/27/2021 10:15,38225.9,38310.85,38104.35,38139.2
9/27/2021 11:15,38140.25,38201.85,38044.9,38190.55
9/27/2021 12:15,38189.85,38236.2,38109.75,38226.05
9/27/2021 13:15,38225.8,38262.85,38175.75,38225.65
9/27/2021 14:15,38221.4,38238.7,38072.8,38176.4
9/27/2021 15:15,38179.2,38193.15,38136.6,38171.75
9/28/2021 9:15,38360,38366.55,38050.25,38153.55
9/28/2021 10:15,38157.15,38176.1,37952.4,37971.8
9/28/2021 11:15,37972.25,38089.05,37916.35,37935.55
9/28/2021 12:15,37935.2,37937.95,37609.4,37618.75
9/28/2021 13:15,37617.85,37712.3,37447.7,37463.3
9/28/2021 14:15,37460.8,38058.4,37316,38039.55
9/28/2021 15:15,38037.9,38063.85,37865.5,37867.8
9/29/2021 9:15,37601.1,37685.5,37372.1,37661.7
9/29/2021 10:15,37659.85,37708.45,37488.65,37617.15
9/29/2021 11:15,37619.3,37663.6,37552.65,37590.25
9/29/2021 12:15,37588.35,37810.55,37583.35,37795.85
9/29/2021 13:15,37806.2,37848.75,37715.5,37817.9
9/29/2021 14:15,37819,37922.9,37704.75,37726.3
9/29/2021 15:15,37727.65,37763.2,37707.3,37741.8
9/30/2021 9:15,37677.8,37832.9,37569.65,37795.5
9/30/2021 10:15,37796.85,37817.75,37657.3,37725.35
9/30/2021 11:15,37728.85,37884.3,37715.6,37850.85
9/30/2021 12:15,37850.4,37855.1,37570.4,37633.65
9/30/2021 13:15,37638.65,37679,37490.8,37515.35
9/30/2021 14:15,37517.45,37553.4,37384.4,37466.5
9/30/2021 15:15,37466.3,37466.8,37355.8,37411.05
10/1/2021 9:15,37140.4,37179.3,36894.85,37087.7
10/1/2021 10:15,37085.9,37297.5,37084,37213.2
10/1/2021 11:15,37216.1,37263.8,37058.55,37088.3
10/1/2021 12:15,37088.65,37208.45,37051.4,37153.95
10/1/2021 13:15,37154,37206,37083.75,37167.05
10/1/2021 14:15,37168.2,37284.95,37133.6,37204.45
10/1/2021 15:15,37206,37243.3,37168.6,37229.05
10/4/2021 9:15,37392.15,37612.35,37366.05,37556
10/4/2021 10:15,37559.7,37670.6,37540.2,37590.55
10/4/2021 11:15,37597.35,37622.65,37523.1,37615.3
10/4/2021 12:15,37614.15,37617.95,37474.45,37535.55
10/4/2021 13:15,37535.25,37653.65,37534.85,37631
10/4/2021 14:15,37632.2,37649.65,37550.1,37587.8
10/4/2021 15:15,37589.1,37619.35,37564.55,37602.7
10/5/2021 9:15,37499.8,37545.45,37382.95,37479.8
10/5/2021 10:15,37480.6,37542.25,37378.65,37416.05
10/5/2021 11:15,37415.65,37468.65,37393.55,37458.05
10/5/2021 12:15,37459.5,37698.55,37441.9,37679.9
10/5/2021 13:15,37677.9,37700.95,37613.2,37687.3
10/5/2021 14:15,37684.2,37784,37652.95,37751.1
10/5/2021 15:15,37751.5,37760.55,37722.7,37742.7
10/6/2021 9:15,37768.8,38028,37653.05,37969.75
10/6/2021 10:15,37971.05,37990.6,37827.3,37904.65
10/6/2021 11:15,37905.6,38072.05,37904.75,38059.4
10/6/2021 12:15,38063.2,38105.75,37838.45,37851.6
10/6/2021 13:15,37855.35,37870.8,37694.6,37791.05
10/6/2021 14:15,37787.7,37802.75,37468.35,37522.5
10/6/2021 15:15,37519.15,37546.2,37460.95,37479.4
10/7/2021 9:15,37894,37894,37724.55,37771.15
10/7/2021 10:15,37769.95,37797.05,37713.55,37760.4
10/7/2021 11:15,37760.7,37884.6,37657.3,37848.7
10/7/2021 12:15,37847.65,37923.15,37781.65,37844.15
10/7/2021 13:15,37843.25,37890.4,37747.3,37875.25
10/7/2021 14:15,37872.9,37911.75,37742.95,37751.05
10/7/2021 15:15,37751.5,37804.6,37728.1,37756
10/8/2021 9:15,37906.4,37968.7,37755.65,37909.3
10/8/2021 10:15,37912,38103.15,37831.25,37892.85
10/8/2021 11:15,37893.7,37953.75,37753.6,37772.2
10/8/2021 12:15,37772.1,37822.6,37674.75,37730.7
10/8/2021 13:15,37730.35,37808.85,37686.4,37791.9
10/8/2021 14:15,37791.85,37829.75,37708.75,37757.1
10/8/2021 15:15,37756.15,37844,37749.25,37835.3
10/11/2021 9:15,37782.75,38217.3,37762.85,38169.65
10/11/2021 10:15,38165.1,38267.25,38130.9,38233.95
10/11/2021 11:15,38228.35,38257.85,38126.8,38169.95
10/11/2021 12:15,38173.35,38292.9,38170.7,38250.5
10/11/2021 13:15,38249.1,38463.1,38231.05,38463.1
10/11/2021 14:15,38464.7,38493.3,38286.7,38306.45
10/11/2021 15:15,38309.95,38323.85,38242.05,38290.05
10/12/2021 9:15,38178.35,38428.65,38152.85,38361.75
10/12/2021 10:15,38358,38385.75,38203,38333.15
10/12/2021 11:15,38332.25,38388.85,38208.35,38268.85
10/12/2021 12:15,38269.35,38355.1,38217.6,38332.15
10/12/2021 13:15,38333.65,38483.1,38283.1,38469.05
10/12/2021 14:15,38466.35,38607.8,38466.15,38509.6
10/12/2021 15:15,38512.35,38542.1,38496.45,38516.05
10/13/2021 9:15,38735.3,38777.05,38609.2,38647.25
10/13/2021 10:15,38654.45,38731.8,38615.05,38659.4
10/13/2021 11:15,38652.4,38673.9,38507.05,38629.2
10/13/2021 12:15,38632.1,38754.75,38629.2,38745.5
10/13/2021 13:15,38744.1,38771.95,38632.9,38667.8
10/13/2021 14:15,38665.7,38757.15,38606.3,38637.25
10/13/2021 15:15,38637.8,38647.55,38575.35,38584.25
10/14/2021 9:15,38684.65,38896.75,38684.65,38851.75
10/14/2021 10:15,38844.8,38858.4,38792.25,38817.4
10/14/2021 11:15,38820.25,38893.55,38804.25,38855.45
10/14/2021 12:15,38859.8,38895.2,38815.85,38856.1
10/14/2021 13:15,38857.95,39165.3,38789.75,39127.25
10/14/2021 14:15,39131.55,39362,39120.6,39359.9
10/14/2021 15:15,39358.3,39373.95,39300.25,39329.35
10/18/2021 9:15,39794.25,39921.65,39574.8,39654.7
10/18/2021 10:15,39655.6,39805.75,39629.15,39683.7
10/18/2021 11:15,39684.95,39868.45,39665.75,39849.8
10/18/2021 12:15,39850.8,39947.3,39736.7,39742.2
10/18/2021 13:15,39744.9,39835.9,39637.2,39814.95
10/18/2021 14:15,39816.05,39849,39668.45,39689.9
10/18/2021 15:15,39693.15,39696.9,39642.95,39668.35
10/19/2021 9:15,39927.3,40007.45,39394.25,39523.4
10/19/2021 10:15,39519,39727.85,39462,39680.5
10/19/2021 11:15,39680.05,39894.25,39634.85,39869.75
10/19/2021 12:15,39871.45,39912.45,39747.2,39840.15
10/19/2021 13:15,39840.7,39883.5,39625.45,39647.1
10/19/2021 14:15,39649.2,39755.2,39491.65,39495.3
10/19/2021 15:15,39487.1,39584.1,39417.6,39569.4
10/20/2021 9:15,39545.45,39686.05,39300.15,39649.45
10/20/2021 10:15,39648.75,39721.7,39531.75,39665.65
10/20/2021 11:15,39666.3,39772.2,39463.05,39491.15
10/20/2021 12:15,39491.3,39700.2,39462.25,39677.5
10/20/2021 13:15,39679.3,39726.1,39428.5,39492.3
10/20/2021 14:15,39489.7,39570.7,39342,39510.2
10/20/2021 15:15,39508.75,39571.05,39488,39557.35
10/21/2021 9:15,39676.55,39766.7,39570.65,39690.9
10/21/2021 10:15,39691.05,39719.3,39462.4,39513.8
10/21/2021 11:15,39514.3,39651.5,39442.15,39605.15
10/21/2021 12:15,39606.95,39706.7,39517.95,39628.95
10/21/2021 13:15,39631.65,39658.3,39480.3,39574
10/21/2021 14:15,39574.4,39982.95,39428.85,39980.85
10/21/2021 15:15,39981.3,40199.45,39978.5,40164.75
10/22/2021 9:15,40192.65,40365.55,40155.35,40307.15
10/22/2021 10:15,40313.25,40583.6,40219.8,40545.6
10/22/2021 11:15,40549.9,40572.9,40263.55,40397
10/22/2021 12:15,40395.1,40455.4,40184.25,40215.8
10/22/2021 13:15,40209.35,40490.9,40169.65,40470.4
10/22/2021 14:15,40465.7,40498.9,40193.8,40327.5
10/22/2021 15:15,40321.85,40366.3,40299.1,40325.7
10/25/2021 9:15,40961.25,40991.1,40559.15,40825.05
10/25/2021 10:15,40822.3,41192.05,40796.3,41096.15
10/25/2021 11:15,41100.65,41827.65,41086,41576.5
10/25/2021 12:15,41579.6,41698.8,41462.9,41542.45
10/25/2021 13:15,41542.35,41646.45,41145.95,41145.95
10/25/2021 14:15,41150.15,41264.9,41030.75,41144.85
10/25/2021 15:15,41152.2,41292.6,41140.9,41266.4
10/26/2021 9:15,41057.75,41364.8,41057.75,41270.5
10/26/2021 10:15,41268.2,41300.9,40867.9,40999.1
10/26/2021 11:15,41002.7,41278.9,40829.15,41146.25
10/26/2021 12:15,41144.8,41221.45,40874.9,41133.3
10/26/2021 13:15,41130.6,41287.55,41054.4,41277.35
10/26/2021 14:15,41279.35,41345.1,41110.2,41243.5
10/26/2021 15:15,41247.55,41316,41236.2,41297.25
10/27/2021 9:15,41234.55,41341.2,41061.65,41234.85
10/27/2021 10:15,41233.25,41248.6,41108,41206.5
10/27/2021 11:15,41208.4,41285.25,41146.55,41150.95
10/27/2021 12:15,41148.45,41217.85,41089.8,41181.3
10/27/2021 13:15,41178.6,41234.65,41108.55,41171.85
10/27/2021 14:15,41168.45,41201.5,40858.15,40916.1
10/27/2021 15:15,40912.3,40918.3,40756.25,40800.25
10/28/2021 9:15,40915.15,40915.15,40373.9,40419.35
10/28/2021 10:15,40422.85,40476.9,40036.65,40242.65
10/28/2021 11:15,40241.1,40417,40182.15,40239.1
10/28/2021 12:15,40239.1,40355.9,40129.25,40218.2
10/28/2021 13:15,40221.15,40334.85,39839.5,39920.4
10/28/2021 14:15,39918.2,40003.3,39470.45,39510.7
10/28/2021 15:15,39512.75,39573.75,39352.45,39559.9
10/29/2021 9:15,39424.55,39586.85,38453.1,39586.85
10/29/2021 10:15,39586.35,39773.3,39409.75,39428.75
10/29/2021 11:15,39430.05,39556.15,39265.2,39363.15
10/29/2021 12:15,39366.5,39413.4,39134.05,39212.95
10/29/2021 13:15,39217.2,39249.9,38836.2,38852.2
10/29/2021 14:15,38851.5,39291.8,38787.75,39053.75
10/29/2021 15:15,39062.6,39280.5,39032.7,39270.55
11/1/2021 9:15,39432.15,39514.8,39131.85,39273.3
11/1/2021 10:15,39271.35,39339.3,39135.2,39224.05
11/1/2021 11:15,39224.25,39404.4,39182.6,39380.95
11/1/2021 12:15,39375.95,39442.2,39299.5,39439.3
11/1/2021 13:15,39439.95,39721.5,39390.6,39627.9
11/1/2021 14:15,39627.45,39772.5,39609.6,39741.05
11/1/2021 15:15,39751.4,39851.1,39715.95,39834.75
11/2/2021 9:15,39796.9,39982.8,39709.95,39766.3
11/2/2021 10:15,39763.8,39826.65,39593.05,39822.9
11/2/2021 11:15,39821.3,40096,39794.65,40080.55
11/2/2021 12:15,40087.15,40103.85,39901.6,40032.95
11/2/2021 13:15,40032,40098.85,39785.9,39906
11/2/2021 14:15,39905.2,40066.35,39857.85,39966.75
11/2/2021 15:15,39963.7,39988.8,39874.05,39897.15
11/3/2021 9:15,40040.65,40160.2,39958.1,40039.3
11/3/2021 10:15,40038.9,40072.6,39986.9,40044.9
11/3/2021 11:15,40044.9,40054.2,39678.9,39709.1
11/3/2021 12:15,39711.7,39790.35,39436.8,39456.65
11/3/2021 13:15,39456.05,39981.95,39386.8,39780.6
11/3/2021 14:15,39774.35,39779.45,39325.9,39370.25
11/3/2021 15:15,39371.45,39421.35,39309.4,39416.45
11/4/2021 18:15,39669.1,39732.45,39520.6,39564.1
11/8/2021 9:15,39674.05,39674.05,39076.2,39145.3
11/8/2021 10:15,39146.7,39244.5,39063.05,39194.4
11/8/2021 11:15,39193.75,39227,38934.4,39147.75
11/8/2021 12:15,39149.9,39347.8,39124,39347.1
11/8/2021 13:15,39351.15,39470.6,39243.1,39440.7
11/8/2021 14:15,39437.6,39514.05,39353.3,39432.85
11/8/2021 15:15,39434.15,39507.65,39413.95,39487.05
11/9/2021 9:15,39517.85,39558.8,39324.3,39409.1
11/9/2021 10:15,39409.35,39463.95,39296.05,39325.85
11/9/2021 11:15,39326.25,39500.95,39303.1,39454.65
11/9/2021 12:15,39455.2,39467.35,39366,39447.7
11/9/2021 13:15,39446.8,39497.95,39224.4,39299.15
11/9/2021 14:15,39297.05,39372.05,39240.4,39326.05
11/9/2021 15:15,39327.8,39454.55,39326.8,39401.7
11/10/2021 9:15,39206.2,39206.2,38875.3,39050.8
11/10/2021 10:15,39051.5,39097,38976.3,39028.15
11/10/2021 11:15,39028.1,39040.65,38934.5,38985.2
11/10/2021 12:15,38983.7,39076.95,38965.5,39026.35
11/10/2021 13:15,39028.05,39192.8,38985.65,39137.95
11/10/2021 14:15,39135.4,39155.5,38944.65,39018.8
11/10/2021 15:15,39019,39045.3,38999.6,39022.8
11/11/2021 9:15,38913.05,38913.05,38707.2,38719.45
11/11/2021 10:15,38718.85,38762.05,38630.4,38648.9
11/11/2021 11:15,38648.8,38754.2,38620,38623
11/11/2021 12:15,38617.8,38650.2,38524.5,38641.75
11/11/2021 13:15,38642,38679.8,38418.1,38434.7
11/11/2021 14:15,38434.15,38604.65,38348.25,38539.45
11/11/2021 15:15,38540.3,38585.4,38537.7,38571.6
11/12/2021 9:15,38707.15,38765,38601.1,38631.25
11/12/2021 10:15,38630.75,38649.75,38469.7,38556.75
11/12/2021 11:15,38556.25,38628.7,38537.95,38574.7
11/12/2021 12:15,38574.8,38664.2,38562.2,38649.65
11/12/2021 13:15,38650.75,38776.55,38631.95,38767.8
11/12/2021 14:15,38768.9,38821.1,38711.65,38718.1
11/12/2021 15:15,38719.95,38754.6,38708.3,38751.85
11/15/2021 9:15,38849.45,39114.95,38849.45,38883.8
11/15/2021 10:15,38887.8,38909.6,38763.6,38828.3
11/15/2021 11:15,38828.6,38851.8,38645.2,38674.95
11/15/2021 12:15,38669.8,38771.65,38607.85,38640
11/15/2021 13:15,38632.5,38758.05,38627.65,38746.65
11/15/2021 14:15,38746.4,38769.75,38657.2,38708.95
11/15/2021 15:15,38707.4,38731.55,38670.65,38675.85
11/16/2021 9:15,38710.9,38718.9,38429.5,38542.7
11/16/2021 10:15,38539.85,38545.25,38366.6,38375.8
11/16/2021 11:15,38371.85,38513.85,38344.35,38494.7
11/16/2021 12:15,38494.25,38525,38410.1,38515.1
11/16/2021 13:15,38515.65,38539.05,38380,38388.3
11/16/2021 14:15,38388.7,38388.7,38216.8,38303.25
11/16/2021 15:15,38304.6,38313,38228.9,38239.55
11/17/2021 9:15,38113.4,38400.4,38000.35,38365.35
11/17/2021 10:15,38362.9,38454.65,38317.95,38423.6
11/17/2021 11:15,38423.9,38427.6,38144.3,38206.85
11/17/2021 12:15,38207.45,38237.15,38069.9,38212.5
11/17/2021 13:15,38211.3,38282.7,38133.45,38183.95
11/17/2021 14:15,38185.5,38216.15,38033.2,38039
11/17/2021 15:15,38040.75,38062.2,37984.8,38006.05
11/18/2021 9:15,38071.9,38233.1,37944.6,37969.1
11/18/2021 10:15,37970.05,37982.55,37787.85,37909.4
11/18/2021 11:15,37911.2,37933.3,37770.2,37855.2
11/18/2021 12:15,37856.7,37956.7,37749.15,37912.75
11/18/2021 13:15,37915.6,38035.7,37874.65,37968.9
11/18/2021 14:15,37967.25,38151.75,37822.95,37953.55
11/18/2021 15:15,37953.8,38003.85,37925.1,37941.95
11/22/2021 9:15,38232.15,38241,37635.2,37672.5
11/22/2021 10:15,37677.95,37715.55,37302.75,37304.55
11/22/2021 11:15,37294.5,37423.05,37012.35,37097.9
11/22/2021 12:15,37098,37256.5,37041.05,37230.2
11/22/2021 13:15,37233.6,37233.9,36958.35,37008.2
11/22/2021 14:15,37004.35,37147,36661.7,37075.95
11/22/2021 15:15,37079.55,37255.5,37079.55,37252.3
11/23/2021 9:15,36787,37234.9,36654.2,37064.4
11/23/2021 10:15,37072.2,37187.4,36950.3,36995.2
11/23/2021 11:15,36992,37279.05,36907.6,37191
11/23/2021 12:15,37189.9,37208.2,37002.6,37051.4
11/23/2021 13:15,37048.4,37324.1,37008.55,37305.5
11/23/2021 14:15,37308.65,37447.45,37214.3,37275.75
11/23/2021 15:15,37277.5,37297.8,37231.85,37257.55
11/24/2021 9:15,37384.75,37498.75,37243.2,37442.3
11/24/2021 10:15,37439.5,37758.9,37434.75,37758.2
11/24/2021 11:15,37759.6,37824.4,37619.65,37808.75
11/24/2021 12:15,37811.5,37890.85,37764.3,37819.3
11/24/2021 13:15,37817.65,37841.35,37634.1,37652.6
11/24/2021 14:15,37651.6,37651.6,37430.85,37430.95
11/24/2021 15:15,37428.65,37473.1,37329.75,37346.7
11/25/2021 9:15,37362.05,37380.55,37169.35,37209.7
11/25/2021 10:15,37216.25,37358.5,37118.55,37358.5
11/25/2021 11:15,37359.6,37474.45,37331,37386.25
11/25/2021 12:15,37387,37450.6,37187.5,37343.8
11/25/2021 13:15,37343.1,37382.95,37234.95,37307.65
11/25/2021 14:15,37303.4,37505.55,37291.6,37351.55
11/25/2021 15:15,37350.05,37393.6,37299.15,37382.25
11/26/2021 9:15,36830.9,36860.85,36501.45,36572.25
11/26/2021 10:15,36564.55,36585.95,36241.95,36388.15
11/26/2021 11:15,36387.6,36453.9,36304.5,36331.25
11/26/2021 12:15,36334.85,36420.1,36242.85,36353.1
11/26/2021 13:15,36354.75,36397.7,36103.1,36263.75
11/26/2021 14:15,36263.35,36346.05,35968.3,36038.65
11/26/2021 15:15,36031.75,36101.75,35910.8,35951.9
11/29/2021 9:15,36224.45,36227.65,35341.75,35991.85
11/29/2021 10:15,35993.45,36021.15,35712.35,36008.35
11/29/2021 11:15,36010.15,36203.5,35961.55,36188.5
11/29/2021 12:15,36188.45,36213.45,35950.65,36005.3
11/29/2021 13:15,35998.55,36347.85,35998.55,36266.6
11/29/2021 14:15,36268.15,36283.95,35934.45,35994.3
11/29/2021 15:15,35992.6,36027.9,35926.55,35934.7
11/30/2021 9:15,35958.8,36621.2,35958.8,36592.35
11/30/2021 10:15,36591.25,36773.15,36248.8,36298.4
11/30/2021 11:15,36307.15,36307.15,35785.6,36080.85
11/30/2021 12:15,36078.65,36229.7,35962.2,36003.75
11/30/2021 13:15,36003.95,36150.7,35958.5,36087
11/30/2021 14:15,36084.15,36116.1,35733.15,35750.05
11/30/2021 15:15,35750.4,35762.65,35531.5,35600.45
12/1/2021 9:15,35902.9,36203.95,35840.7,35876.85
12/1/2021 10:15,35875.9,36275.5,35834.75,36240.45
12/1/2021 11:15,36245.15,36364.7,36203.05,36273.55
12/1/2021 12:15,36272.3,36311.4,36115.9,36244.65
12/1/2021 13:15,36244.65,36310.05,36101.5,36106.25
12/1/2021 14:15,36106.4,36444.6,36037.4,36370.25
12/1/2021 15:15,36373.8,36406.2,36340.4,36385.9
12/2/2021 9:15,36281.85,36424.4,36169.85,36375.7
12/2/2021 10:15,36375.55,36473.75,36334.75,36391.65
12/2/2021 11:15,36391.85,36509.8,36306.75,36314.1
12/2/2021 12:15,36313.7,36358.5,36225.9,36306.4
12/2/2021 13:15,36311.55,36426.75,36266.95,36352.65
12/2/2021 14:15,36354,36513.15,36344,36486.8
12/2/2021 15:15,36486.55,36552.45,36479.7,36535.65
12/3/2021 9:15,36497.3,36842.6,36489.4,36613.25
12/3/2021 10:15,36611.35,36738.35,36510,36724.55
12/3/2021 11:15,36727.55,36744.95,36597.75,36626.5
12/3/2021 12:15,36624.4,36651.6,36335.95,36351.4
12/3/2021 13:15,36350.85,36394.65,36228.55,36228.55
12/3/2021 14:15,36224.9,36251.1,36066.45,36204.45
12/3/2021 15:15,36204.55,36290.6,36178,36213.6
12/6/2021 9:15,36252.75,36283.3,35893,36209.2
12/6/2021 10:15,36209.4,36344.55,36142.65,36206.6
12/6/2021 11:15,36208.55,36211.25,36057.25,36112.15
12/6/2021 12:15,36112.25,36221.1,36029.05,36119.3
12/6/2021 13:15,36117.35,36162.3,35938.95,35938.95
12/6/2021 14:15,35937,35976.7,35697.85,35708.5
12/6/2021 15:15,35709.1,35763.4,35704.2,35736.65
12/7/2021 9:15,36086.95,36407.7,36017.65,36341.8
12/7/2021 10:15,36345.55,36555.95,36326.7,36552.45
12/7/2021 11:15,36550.8,36684.35,36542,36658.95
12/7/2021 12:15,36660.3,36699.45,36504.4,36646.2
12/7/2021 13:15,36648.3,36758.55,36639.45,36721.2
12/7/2021 14:15,36722.65,36820.25,36571.2,36607.9
12/7/2021 15:15,36606,36633.85,36570.75,36621.4
12/8/2021 9:15,37052.75,37180.3,36949.7,37139.45
12/8/2021 10:15,37137.1,37192.85,36914.7,37121.65
12/8/2021 11:15,37121.95,37225.45,37090.4,37182.75
12/8/2021 12:15,37182.95,37222.35,37092.5,37186.5
12/8/2021 13:15,37187.1,37381.25,37160.7,37318.45
12/8/2021 14:15,37318.2,37333.15,37220.3,37292.8
12/8/2021 15:15,37291.55,37298.8,37254.55,37268.3
12/9/2021 9:15,37331.75,37386.4,36970.4,36970.4
12/9/2021 10:15,36973.55,37091.35,36890.35,37024.6
12/9/2021 11:15,37022,37094.6,36955.6,37091.25
12/9/2021 12:15,37088.45,37263.25,37066.6,37244.7
12/9/2021 13:15,37246.95,37262.05,37054.1,37072.6
12/9/2021 14:15,37066.85,37128.65,36960.95,37068.05
12/9/2021 15:15,37066.25,37095.35,37047.15,37049.95
12/10/2021 9:15,37083.15,37149.9,36856.45,36893.45
12/10/2021 10:15,36894.75,37036.95,36855.3,36957.05
12/10/2021 11:15,36959.45,37026.45,36924.9,36944.85
12/10/2021 12:15,36944.4,36967.55,36826.3,36869
12/10/2021 13:15,36870.95,36972.15,36824.7,36950.65
12/10/2021 14:15,36954.25,37125.75,36908.3,37120.75
12/10/2021 15:15,37118.4,37140.4,37080.5,37104
12/13/2021 9:15,37358.2,37579.5,37330.85,37505.35
12/13/2021 10:15,37506.75,37546.6,37401.9,37474.25
12/13/2021 11:15,37474.15,37512.65,37423.35,37479.55
12/13/2021 12:15,37485.9,37498.8,36998.25,37048.75
12/13/2021 13:15,37047,37203.9,36915.7,36929.35
12/13/2021 14:15,36926,37061.4,36863.6,36906.05
12/13/2021 15:15,36902.2,36991,36897.1,36962.2
12/14/2021 9:15,36778.95,36828.15,36595.4,36660.8
12/14/2021 10:15,36660.15,36662.7,36545.4,36656.25
12/14/2021 11:15,36656.85,36966.7,36620.05,36933
12/14/2021 12:15,36937.85,36968.7,36833.4,36920.75
12/14/2021 13:15,36922.35,37036.8,36823.85,36858.1
12/14/2021 14:15,36859.1,36912.2,36772.5,36886.7
12/14/2021 15:15,36882.35,36924.1,36866.2,36894.75
12/15/2021 9:15,36929.5,37079.5,36826.3,36953.55
12/15/2021 10:15,36952.7,36958.45,36796.65,36905.1
12/15/2021 11:15,36905.25,37064.7,36891.7,36958.3
12/15/2021 12:15,36958.25,36998.95,36853.1,36924.05
12/15/2021 13:15,36922.55,37023.3,36899.45,36992.05
12/15/2021 14:15,36989.25,37019.8,36784.5,36790.9
12/15/2021 15:15,36790.05,36795.35,36747.3,36769.25
12/16/2021 9:15,37092.95,37153.7,36811.55,36846.4
12/16/2021 10:15,36846.45,36928.65,36791.65,36846.2
12/16/2021 11:15,36846.15,36864.9,36544.05,36614.15
12/16/2021 12:15,36615.2,36744.95,36529.75,36641.3
12/16/2021 13:15,36642.6,36735.25,36552.6,36577.2
12/16/2021 14:15,36573.6,36645.9,36388,36549
12/16/2021 15:15,36550,36599.55,36531.9,36585.45
12/17/2021 9:15,36491.8,36544.55,35851.7,35969.5
12/17/2021 10:15,35963.3,35966.2,35791.75,35882.3
12/17/2021 11:15,35884.4,35928.6,35762,35811.15
12/17/2021 12:15,35809.6,35925.4,35738.35,35860.05
12/17/2021 13:15,35857.65,35954.55,35834.4,35859.2
12/17/2021 14:15,35856.65,35870.55,35537.6,35613.45
12/17/2021 15:15,35612.2,35694.75,35586.85,35679.85
12/20/2021 9:15,35124.35,35197.85,34318.85,34341.85
12/20/2021 10:15,34344.5,34475.75,34241.4,34385.15
12/20/2021 11:15,34386.05,34409.9,34295.25,34313.5
12/20/2021 12:15,34314.15,34317.05,34020.25,34112
12/20/2021 13:15,34112.4,34308.5,34099.95,34246.3
12/20/2021 14:15,34247,34510.3,34242.3,34439.6
12/20/2021 15:15,34442.4,34511.2,34417.25,34436.5
12/21/2021 9:15,34863.35,34963.5,34599.35,34751.15
12/21/2021 10:15,34754.2,35008.85,34747.2,34928.35
12/21/2021 11:15,34929.25,35049.65,34871,35019
12/21/2021 12:15,35020.05,35023.65,34856.1,34900.4
12/21/2021 13:15,34902.9,34962.5,34663.65,34668.2
12/21/2021 14:15,34667.1,34667.1,34392.35,34606.65
12/21/2021 15:15,34607.1,34665.9,34588.35,34664.75
12/22/2021 9:15,34865.25,35011.7,34769.55,34888.65
12/22/2021 10:15,34888.6,34916.7,34691.3,34878.5
12/22/2021 11:15,34878.2,34963.35,34831.2,34853.05
12/22/2021 12:15,34850.9,34920.4,34783.4,34783.4
12/22/2021 13:15,34784.6,34875.75,34728.45,34801.6
12/22/2021 14:15,34805.2,35049.6,34780.75,34997.45
12/22/2021 15:15,35002.3,35104.85,34987.9,35095.25
12/23/2021 9:15,35350.5,35350.5,35127.4,35135.9
12/23/2021 10:15,35136.5,35209.25,35095.05,35180.25
12/23/2021 11:15,35179.35,35312.7,35127.15,35302.25
12/23/2021 12:15,35302.65,35446.15,35299.7,35393.4
12/23/2021 13:15,35392.75,35477.15,35253.85,35288.5
12/23/2021 14:15,35286.85,35326.75,35199.85,35248.85
12/23/2021 15:15,35249.85,35249.85,35046.3,35082.85
12/24/2021 9:15,35282.2,35289.95,34606.95,34654.65
12/24/2021 10:15,34653.95,34765,34584.25,34743.05
12/24/2021 11:15,34744.45,34806,34660.3,34806
12/24/2021 12:15,34803.95,34805.5,34663.4,34702.9
12/24/2021 13:15,34701.75,35051,34697.95,35020.65
12/24/2021 14:15,35022.7,35074.85,34799.05,34871.1
12/24/2021 15:15,34870.45,34895.3,34837,34879.65
12/27/2021 9:15,34573.65,34790.65,34237.95,34698.9
12/27/2021 10:15,34706.6,34798.6,34629.75,34746.75
12/27/2021 11:15,34742.4,34852.65,34687.25,34817.25
12/27/2021 12:15,34817.75,35082.95,34804.6,34979.4
12/27/2021 13:15,34976.75,35143.55,34970.4,35027.7
12/27/2021 14:15,35024.55,35116,34906.4,35057.55
12/27/2021 15:15,35053.4,35102.25,35042,35097.6
12/28/2021 9:15,35308.3,35351.4,35146.15,35239.8
12/28/2021 10:15,35239.6,35240.25,35039.1,35185.75
12/28/2021 11:15,35185.2,35259.9,35146.7,35254.55
12/28/2021 12:15,35253.45,35285.65,35174.45,35215.15
12/28/2021 13:15,35212.3,35279.75,35178.95,35243.15
12/28/2021 14:15,35241.45,35285.6,35049.9,35183.05
12/28/2021 15:15,35187.4,35201.8,35165.2,35173.35
12/29/2021 9:15,35168.85,35377.85,35041.8,35264.3
12/29/2021 10:15,35265.65,35267.15,35100.6,35168.65
12/29/2021 11:15,35171.4,35224.55,35142.9,35151.5
12/29/2021 12:15,35151.45,35246.45,35131.35,35206.25
12/29/2021 13:15,35207.15,35226.85,35124.1,35199.8
12/29/2021 14:15,35202.65,35244.95,35069.55,35076.95
12/29/2021 15:15,35074.05,35081,34894.2,34946.45
12/30/2021 9:15,34977.65,35059.95,34766.15,35025.25
12/30/2021 10:15,35023.2,35044.4,34908.15,34908.85
12/30/2021 11:15,34908.15,34968.4,34865.65,34948.45
12/30/2021 12:15,34949.7,35102.85,34922.4,35070.35
12/30/2021 13:15,35071.25,35151.8,35023.8,35053.8
12/30/2021 14:15,35055.3,35120.75,34979.75,35082.9
12/30/2021 15:15,35082.5,35161.35,35059.25,35131.1
12/31/2021 9:15,35114.4,35594.7,35114.4,35482.85
12/31/2021 10:15,35484.6,35506.95,35410.1,35495
12/31/2021 11:15,35496.05,35534.15,35458.35,35487.35
12/31/2021 12:15,35486.4,35570.6,35454.15,35555.4
12/31/2021 13:15,35553.95,35567.25,35403.9,35456.35
12/31/2021 14:15,35455.95,35519,35428.4,35470
12/31/2021 15:15,35472.45,35515.5,35463.8,35510.95
1/3/2022 9:15,35585.2,35854.2,35530.05,35823.9
1/3/2022 10:15,35827.45,35958.6,35789.6,35958.6
1/3/2022 11:15,35960.8,36000.4,35909.9,35986
1/3/2022 12:15,35986.5,36181.5,35986.5,36164
1/3/2022 13:15,36163.65,36302.45,36120,36291.75
1/3/2022 14:15,36291.2,36461.45,36272,36414.65
1/3/2022 15:15,36417.3,36485,36405.3,36467.65
1/4/2022 9:15,36551.25,36817.35,36380.85,36812.5
1/4/2022 10:15,36813.35,36886.65,36718.45,36718.45
1/4/2022 11:15,36715.2,36805.75,36647.05,36799.05
1/4/2022 12:15,36799.45,36805.15,36659.6,36689
1/4/2022 13:15,36690,36726.95,36518.6,36719.75
1/4/2022 14:15,36717.35,36851.05,36715.6,36814.7
1/4/2022 15:15,36819,36883.5,36810.9,36856.75
1/5/2022 9:15,36943.55,37448.85,36770.1,37404.7
1/5/2022 10:15,37404.4,37444.55,37280.5,37327.8
1/5/2022 11:15,37328.3,37507.45,37306.2,37497.15
1/5/2022 12:15,37498.35,37804.2,37486.05,37788.55
1/5/2022 13:15,37792.45,37801.25,37675.65,37699.55
1/5/2022 14:15,37701.45,37860.3,37624.2,37721.15
1/5/2022 15:15,37719.8,37727.05,37636.65,37644.9
1/6/2022 9:15,37242.55,37431.9,37061.35,37233.45
1/6/2022 10:15,37234.25,37269.1,37115.05,37184.05
1/6/2022 11:15,37181.8,37349.35,37175.15,37249
1/6/2022 12:15,37248.65,37380.6,37197.55,37372.85
1/6/2022 13:15,37378.45,37496.35,37310.65,37478.85
1/6/2022 14:15,37478.15,37750.35,37426.2,37451.45
1/6/2022 15:15,37454.2,37530.2,37424.9,37470.45
1/7/2022 9:15,37667.05,38116.55,37613.55,38059
1/7/2022 10:15,38055.9,38134.5,37912.25,37935.55
1/7/2022 11:15,37935.85,37969.2,37636.55,37677.2
1/7/2022 12:15,37676.1,37709.05,37429.55,37603.15
1/7/2022 13:15,37604.3,37748.35,37534.65,37601.55
1/7/2022 14:15,37601.35,37731.3,37567.35,37712.95
1/7/2022 15:15,37711.5,37835.25,37684.6,37755.1
1/10/2022 9:15,37930.55,38249.85,37930.55,38232.7
1/10/2022 10:15,38238.05,38260.55,38103.8,38131.45
1/10/2022 11:15,38128.3,38143.25,37943.55,38083.3
1/10/2022 12:15,38083.15,38159.1,38071.05,38125.6
1/10/2022 13:15,38125.25,38243,38082.15,38222.45
1/10/2022 14:15,38220.1,38359.5,38192.5,38356.75
1/10/2022 15:15,38355.55,38390.85,38336.25,38344.95
1/11/2022 9:15,38370,38477.15,38073,38103.45
1/11/2022 10:15,38100.95,38329.55,38032.95,38311.4
1/11/2022 11:15,38313.5,38406.55,38291.65,38308.7
1/11/2022 12:15,38308.3,38462.1,38281.25,38435
1/11/2022 13:15,38434.6,38504.15,38337.95,38445.25
1/11/2022 14:15,38440.55,38495.95,38271.85,38446.5
1/11/2022 15:15,38448.45,38491.95,38413.85,38433.55
1/12/2022 9:15,38719.6,38814.2,38621.05,38790.8
1/12/2022 10:15,38789.9,38848.8,38742.25,38766.45
1/12/2022 11:15,38764.3,38794.95,38701.8,38719.8
1/12/2022 12:15,38718.75,38800.1,38709.65,38788.9
1/12/2022 13:15,38786.75,38790.65,38623.6,38647.45
1/12/2022 14:15,38645.85,38764.95,38611.6,38734.95
1/12/2022 15:15,38732.65,38744.5,38694.05,38708.85
1/13/2022 9:15,38717.55,38717.55,38417.5,38438.75
1/13/2022 10:15,38438.85,38567.45,38405.55,38518.3
1/13/2022 11:15,38520.15,38576.4,38480.5,38544.5
1/13/2022 12:15,38549.25,38559.6,38418.2,38458.25
1/13/2022 13:15,38462.35,38528.6,38378.4,38423.95
1/13/2022 14:15,38424.9,38496.4,38392.35,38496.4
1/13/2022 15:15,38495,38497,38453.45,38465.7
1/14/2022 9:15,38302.35,38364.4,38107.4,38242.9
1/14/2022 10:15,38244.6,38279.6,38095,38106.1
1/14/2022 11:15,38104.1,38155.8,38009.3,38127.35
1/14/2022 12:15,38128.15,38209.5,38099.45,38204.8
1/14/2022 13:15,38205.55,38353.05,38201.95,38316.95
1/14/2022 14:15,38317.4,38446.5,38274.95,38378.3
1/14/2022 15:15,38377.9,38385.6,38304.95,38312.8
1/17/2022 9:15,38212.55,38615.2,38210.9,38353.1
1/17/2022 10:15,38356.65,38383.3,38278.7,38347.9
1/17/2022 11:15,38345.15,38382.05,38212,38216.55
1/17/2022 12:15,38219.45,38262.5,38141.2,38227.45
1/17/2022 13:15,38231.35,38275.5,38153.4,38230.95
1/17/2022 14:15,38232.95,38261.25,38161.2,38194.75
1/17/2022 15:15,38198.5,38255.55,38192.05,38243.85
1/18/2022 9:15,38337.4,38468.95,38262.15,38384.65
1/18/2022 10:15,38369.65,38402.5,38279.75,38367.95
1/18/2022 11:15,38367.1,38490.6,38367.1,38467.45
1/18/2022 12:15,38470.4,38746.1,38470.4,38738.5
1/18/2022 13:15,38741.2,38852.5,38675.3,38809.2
1/18/2022 14:15,38810.5,38816.45,38095.4,38164.15
1/18/2022 15:15,38162.25,38243.65,38132.05,38214.8
1/19/2022 9:15,38145.75,38170.55,37905,38160
1/19/2022 10:15,38165.65,38328,38023.9,38083.3
1/19/2022 11:15,38080.5,38152.35,37975.65,37986.35
1/19/2022 12:15,37984.9,38054.25,37799.6,37951.6
1/19/2022 13:15,37952.5,37995.3,37772.2,37921.65
1/19/2022 14:15,37919.05,38140.3,37856.85,38061.15
1/19/2022 15:15,38060.8,38091,37968.85,38058.85
1/20/2022 9:15,38106.1,38166.45,37954.05,37975.25
1/20/2022 10:15,37974.95,38027.65,37896.6,37914.3
1/20/2022 11:15,37913.1,37978.55,37846.8,37921.2
1/20/2022 12:15,37920.55,38055.85,37890.2,37893.1
1/20/2022 13:15,37891.25,37919.5,37593.15,37698.5
1/20/2022 14:15,37696.25,37877.95,37662.5,37876
1/20/2022 15:15,37875.05,37936.15,37825.7,37908.65
1/21/2022 9:15,37522.35,37542.55,37225.65,37364.1
1/21/2022 10:15,37364.55,37414.25,37244.7,37389.45
1/21/2022 11:15,37385.45,37580.1,37362.05,37572.15
1/21/2022 12:15,37569.45,37736,37529.15,37701.45
1/21/2022 13:15,37699.9,37704.05,37493.45,37555.95
1/21/2022 14:15,37557.6,37591.7,37245.55,37542.4
1/21/2022 15:15,37543.1,37738.65,37543.1,37738.65
1/24/2022 9:15,37601.95,37693.7,37319.85,37510.9
1/24/2022 10:15,37506.1,37533.6,37335.1,37383.7
1/24/2022 11:15,37380.4,37434.8,37049.75,37080.15
1/24/2022 12:15,37081.85,37120.7,36885.65,36994.45
1/24/2022 13:15,36996.65,37014.15,36383.55,36394.7
1/24/2022 14:15,36395.85,37063.65,36395.85,37038.35
1/24/2022 15:15,37048.6,37073.95,36808.15,36834.9
1/25/2022 9:15,36598.05,37326.25,36419.85,37113.95
1/25/2022 10:15,37113.3,37204.45,36925.95,37131.1
1/25/2022 11:15,37133.3,37328.25,37106.85,37274.4
1/25/2022 12:15,37279.15,37386.3,37158.6,37322.3
1/25/2022 13:15,37325.9,37543.6,37319.75,37462.05
1/25/2022 14:15,37460.35,37721.25,37422.45,37714.45
1/25/2022 15:15,37714.5,37786.65,37703.95,37714
1/27/2022 9:15,37058.2,37414.4,37052.65,37351.2
1/27/2022 10:15,37353.95,37373.15,37142.5,37251.05
1/27/2022 11:15,37248.75,37253.15,37059.05,37067.05
1/27/2022 12:15,37066.95,37628.1,37014.75,37613.45
1/27/2022 13:15,37613.65,37792.55,37514.6,37708.45
1/27/2022 14:15,37713.5,38112.95,37709.9,38062.2
1/27/2022 15:15,38061.1,38136.35,37961.35,38100.6
1/28/2022 9:15,38246.6,38409.35,38028.35,38172.9
1/28/2022 10:15,38176.65,38289.35,38094.05,38220.7
1/28/2022 11:15,38220.25,38349.6,38141.6,38328.35
1/28/2022 12:15,38327.9,38391.45,38174.8,38202.85
1/28/2022 13:15,38205,38297,37788.45,37854.1
1/28/2022 14:15,37851.1,37958.2,37582.05,37669.7
1/28/2022 15:15,37669.9,37747.7,37655.5,37687.5
1/31/2022 9:15,38091.8,38202.25,37798.85,37855.85
1/31/2022 10:15,37858.35,37925.4,37650.5,37846.55
1/31/2022 11:15,37846.4,38008,37833.4,37990.1
1/31/2022 12:15,37990.7,38115.55,37907.65,38078.2
1/31/2022 13:15,38078.05,38112.85,37867.6,38019.65
1/31/2022 14:15,38023.65,38132.7,37905.9,38005.5
1/31/2022 15:15,38006.05,38044.9,37944.05,37957.65
2/1/2022 9:15,38460.45,38786.65,38233.45,38746.85
2/1/2022 10:15,38746.85,38802.05,38570.35,38682
2/1/2022 11:15,38681.45,38743.2,38238.65,38605
2/1/2022 12:15,38602.05,38675.9,37731.65,37761.7
2/1/2022 13:15,37768.45,38357.2,37696.9,38315.1
2/1/2022 14:15,38312.75,38614.1,38275.95,38467.45
2/1/2022 15:15,38464.5,38585.7,38461.45,38569.4
2/2/2022 9:15,38841.55,39164.1,38760.85,39136
2/2/2022 10:15,39134.25,39176.6,38991.45,39123.25
2/2/2022 11:15,39126.35,39279.2,39093.35,39204.85
2/2/2022 12:15,39211.1,39277.1,39133.2,39164.25
2/2/2022 13:15,39166.3,39273,39082.95,39255.25
2/2/2022 14:15,39248.55,39383.8,39218.25,39337.1
2/2/2022 15:15,39334.4,39346.6,39302,39338.2
2/3/2022 9:15,39255.7,39393,39156.85,39215.6
2/3/2022 10:15,39212.15,39280.8,39152.95,39230.75
2/3/2022 11:15,39232.45,39268,39142.6,39157.2
2/3/2022 12:15,39154.1,39419.9,39133.35,39303.5
2/3/2022 13:15,39302,39318,39103.1,39186.15
2/3/2022 14:15,39185.95,39225.7,39042.35,39062.6
2/3/2022 15:15,39063.95,39065.2,38862.85,38880.6
2/4/2022 9:15,39128,39275,38939.5,39078.3
2/4/2022 10:15,39077.45,39086.45,38914.6,39027.3
2/4/2022 11:15,39027.35,39043.95,38715.3,38745.85
2/4/2022 12:15,38744.8,38840.05,38563.45,38623.25
2/4/2022 13:15,38618.5,38907.95,38575.1,38818.6
2/4/2022 14:15,38819.65,38888.8,38697.9,38820.5
2/4/2022 15:15,38822.35,38822.6,38718.5,38735.55
2/7/2022 9:15,38592.05,38834.7,38532.8,38616.3
2/7/2022 10:15,38619.35,38688.75,38439.35,38465.4
2/7/2022 11:15,38462.55,38464.95,38260.4,38286.9
2/7/2022 12:15,38285.65,38376.85,38181.55,38190.7
2/7/2022 13:15,38187.2,38242.95,37887.75,38014
2/7/2022 14:15,38016.45,38081.15,37806,38005.75
2/7/2022 15:15,38006.3,38048.6,37943.6,37990.2
2/8/2022 9:15,38176.1,38213.45,37750.35,37772.05
2/8/2022 10:15,37766.6,37797.6,37320.45,37442.1
2/8/2022 11:15,37444.8,37801.5,37416.2,37705.4
2/8/2022 12:15,37705.55,38059.75,37611.8,37615.2
2/8/2022 13:15,37617,37913.9,37595.4,37670.95
2/8/2022 14:15,37674.3,38148.4,37618.9,38081.5
2/8/2022 15:15,38082.6,38103.6,37911.6,37942.65
2/9/2022 9:15,38283.6,38527.75,38220.8,38461.45
2/9/2022 10:15,38461.05,38484.55,38283.35,38383.75
2/9/2022 11:15,38383.65,38488.8,38359.25,38457.2
2/9/2022 12:15,38456.05,38543,38360.05,38384.6
2/9/2022 13:15,38378,38572.6,38378,38563.85
2/9/2022 14:15,38553.2,38637.3,38509.85,38620.25
2/9/2022 15:15,38613.95,38642.8,38590.55,38602.4
2/10/2022 9:15,38801.45,38832.8,38521.15,38786.85
2/10/2022 10:15,38786.25,39121.75,38661.7,39084
2/10/2022 11:15,39083.95,39131.25,38971.25,39049.95
2/10/2022 12:15,39052.95,39195.75,38965.05,39153.2
2/10/2022 13:15,39152.65,39176.7,39045.8,39111.9
2/10/2022 14:15,39112.1,39145.55,38985.3,38986.55
2/10/2022 15:15,38986.45,39033.15,38924.25,38962.25
2/11/2022 9:15,38567.65,38780.7,38427.95,38471.95
2/11/2022 10:15,38470.5,38552.95,38401.2,38515.9
2/11/2022 11:15,38515.7,38580.6,38447.4,38551.2
2/11/2022 12:15,38549.75,38708.15,38498.95,38706.45
2/11/2022 13:15,38709,38789.95,38528.75,38599.95
2/11/2022 14:15,38600.5,38636.35,38460.8,38579.15
2/11/2022 15:15,38576.8,38588.65,38409.6,38434.35
2/14/2022 9:15,37664,37708.3,37221.75,37413.9
2/14/2022 10:15,37413.35,37562.5,37333.8,37456.65
2/14/2022 11:15,37461,37461,37251.95,37344.3
2/14/2022 12:15,37341.15,37451.6,37253.85,37388.3
2/14/2022 13:15,37390.05,37416.5,37063.35,37080.6
2/14/2022 14:15,37082.95,37189.1,36846.3,36898.45
2/14/2022 15:15,36897.4,36948.3,36829.2,36847.45
2/15/2022 9:15,36989.8,37171.2,36670.9,36785.3
2/15/2022 10:15,36785.35,36994.05,36655.2,36940.25
2/15/2022 11:15,36945.05,37302.05,36907.85,37245.15
2/15/2022 12:15,37245.9,37384.75,37147.05,37339.95
2/15/2022 13:15,37340.35,38070.05,37271.25,38029
2/15/2022 14:15,38022.65,38187.85,37911.7,38182.8
2/15/2022 15:15,38186.35,38229.15,38144.95,38152.85
2/16/2022 9:15,38296.5,38400.9,38012.2,38064.05
2/16/2022 10:15,38056.3,38202.4,37770.8,37864.1
2/16/2022 11:15,37866.05,38013.45,37838.05,37907.85
2/16/2022 12:15,37907.4,38275,37906.8,38179.25
2/16/2022 13:15,38181.8,38461.2,38119.45,38354.65
2/16/2022 14:15,38354.5,38356.95,37918.45,37983.3
2/16/2022 15:15,37986.3,37986.3,37831.25,37863.65
2/17/2022 9:15,38042.1,38123.4,37605.6,37656.9
2/17/2022 10:15,37660.4,37929.65,37502.85,37828.8
2/17/2022 11:15,37827.8,37858.85,37642.95,37808.15
2/17/2022 12:15,37812.2,37918.2,37721.75,37769.35
2/17/2022 13:15,37767.5,37869.7,37632.5,37632.5
2/17/2022 14:15,37635.15,37736.8,37466.8,37478.75
2/17/2022 15:15,37480.75,37515.55,37426.55,37458.9
2/18/2022 9:15,37344.45,37608.65,37304.65,37505.55
2/18/2022 10:15,37507.95,37614.65,37392.95,37603.75
2/18/2022 11:15,37608.4,37694.8,37538.3,37681.6
2/18/2022 12:15,37682.15,37816.05,37659.45,37758.05
2/18/2022 13:15,37755.3,37812.4,37661.8,37665.05
2/18/2022 14:15,37667.95,37678.95,37493,37604.95
2/18/2022 15:15,37607.45,37628.35,37557.1,37570.6
2/21/2022 9:15,37400,37551.5,37158.45,37363.2
2/21/2022 10:15,37360.45,37755.15,37300.8,37737.9
2/21/2022 11:15,37734.5,38020.6,37709.15,37984.05
2/21/2022 12:15,37982.8,38051.95,37871.95,38022.55
2/21/2022 13:15,38022.35,38040.95,37705.85,37715.9
2/21/2022 14:15,37716.8,37811,37592.6,37657.75
2/21/2022 15:15,37652.85,37730.55,37624.8,37702.7
2/22/2022 9:15,36833,37258.35,36833,37101.45
2/22/2022 10:15,37099.3,37305.25,37065.85,37263.1
2/22/2022 11:15,37269.25,37367.9,37169.95,37231.2
2/22/2022 12:15,37228.85,37272.15,37082.4,37154.15
2/22/2022 13:15,37159.35,37518.3,37102.35,37504.7
2/22/2022 14:15,37505.65,37658.35,37329.95,37373.5
2/22/2022 15:15,37372.3,37399.75,37294.6,37340.8
2/23/2022 9:15,37628.55,37773.8,37538.5,37545.25
2/23/2022 10:15,37543.95,37643.9,37474.95,37602.55
2/23/2022 11:15,37602.05,37717.35,37594.1,37665.4
2/23/2022 12:15,37663.55,37668.85,37510.55,37607.05
2/23/2022 13:15,37606.15,37661.65,37508.55,37610.3
2/23/2022 14:15,37608.85,37627.6,37351.2,37358.1
2/23/2022 15:15,37358.5,37404.8,37321.8,37358.15
2/24/2022 9:15,36085.2,36649,35894.05,36118.55
2/24/2022 10:15,36124.65,36264.2,36093.15,36137.15
2/24/2022 11:15,36138.95,36307.85,36058.75,36152.75
2/24/2022 12:15,36154,36168.4,35877.45,36075.9
2/24/2022 13:15,36077.55,36079.3,35745.85,35926.75
2/24/2022 14:15,35926.1,35984.35,35214.5,35236.65
2/24/2022 15:15,35239.15,35263.1,35002.1,35095.25
2/25/2022 9:15,35901.7,36534.9,35776.8,36381.2
2/25/2022 10:15,36375.75,36666.9,36345.5,36558
2/25/2022 11:15,36559.3,36677.2,36407,36436.65
2/25/2022 12:15,36438,36622,36372.25,36531
2/25/2022 13:15,36533.4,36557.4,36380.65,36457.5
2/25/2022 14:15,36459.75,36573.75,36227.45,36425.35
2/25/2022 15:15,36419.35,36485.4,36361.65,36485.4
2/28/2022 9:15,35938.95,35939.7,35616.2,35682.5
2/28/2022 10:15,35682.4,36029.65,35656.6,35978.7
2/28/2022 11:15,35986.05,36251.55,35895.2,36145.6
2/28/2022 12:15,36144.9,36268.55,36015.8,36112.85
2/28/2022 13:15,36113.95,36183.2,35909.2,36039.8
2/28/2022 14:15,36038.45,36258.35,35959.6,36211.7
2/28/2022 15:15,36210.9,36234.35,36178,36211.6
3/2/2022 9:15,35381.9,35533.85,35208.4,35285
3/2/2022 10:15,35285.15,35355.1,35114.15,35184.65
3/2/2022 11:15,35184.05,35276,35039.5,35052.75
3/2/2022 12:15,35050.05,35184.35,34899.05,35095.4
3/2/2022 13:15,35099.3,35144.45,34998.75,35042.85
3/2/2022 14:15,35042.95,35403.45,34902.9,35394.75
3/2/2022 15:15,35392.35,35545.95,35392.35,35475.8
3/3/2022 9:15,35621.15,35798.3,35203.35,35267.1
3/3/2022 10:15,35267.05,35290.2,35103.35,35236.95
3/3/2022 11:15,35238.75,35347.15,35213.15,35273.8
3/3/2022 12:15,35274.65,35275.5,35023.45,35055.85
3/3/2022 13:15,35058.25,35152.95,34896.25,34930.05
3/3/2022 14:15,34930.45,35127.9,34725.65,35104.15
3/3/2022 15:15,35110.75,35194.15,34874.2,34959.45
3/4/2022 9:15,34526.1,34571.15,34292.6,34368.3
3/4/2022 10:15,34366.95,34366.95,34097.15,34143.55
3/4/2022 11:15,34142.75,34370.05,34120.15,34333.75
3/4/2022 12:15,34332.25,34998.65,34309.1,34821.1
3/4/2022 13:15,34823.1,35095.75,34638.15,34716.75
3/4/2022 14:15,34717.5,34855.8,34424.55,34460.2
3/4/2022 15:15,34462.6,34467.15,34321.2,34376.35
3/7/2022 9:15,33278.15,33532.95,32895.1,32906.6
3/7/2022 10:15,33277.25,33521.3,32636.85,32907.85
3/7/2022 11:15,32908.7,33125.55,32904.6,32983.75
3/7/2022 12:15,32983.9,33061.55,32804.15,32811.35
3/7/2022 13:15,32815.2,32889,32428.5,32466.4
3/7/2022 14:15,32467.6,32920.55,32387.75,32896.15
3/7/2022 15:15,32896.4,32997.3,32886.05,32914.55
3/8/2022 9:15,32531.9,32793.05,32415,32762.9
3/8/2022 10:15,32761.8,32861.75,32368.35,32451.8
3/8/2022 11:15,32448.45,32451.3,32213.55,32346.2
3/8/2022 12:15,32339.85,32464.6,32159.3,32357.2
3/8/2022 13:15,32359.55,32787.15,32171.85,32628.75
3/8/2022 14:15,32629.5,33188.4,32498.35,33176.45
3/8/2022 15:15,33179,33258.85,33140.55,33206.9
3/9/2022 9:15,33278.9,33292.85,32952.2,33142.3
3/9/2022 10:15,33142.2,33276.7,33091.75,33106.3
3/9/2022 11:15,33106.8,33233.3,33015.95,33151.95
3/9/2022 12:15,33145.3,33631.8,33145.3,33595.1
3/9/2022 13:15,33593.35,33732.6,33337.2,33663.1
3/9/2022 14:15,33662.3,33968.5,33662.3,33813.8
3/9/2022 15:15,33810.6,33900.75,33764.05,33891.25
3/10/2022 9:15,35153.95,35195.4,34744.8,35191.55
3/10/2022 10:15,35192.35,35370.55,35148.7,35335.85
3/10/2022 11:15,35337.2,35342.85,35103.8,35107.05
3/10/2022 12:15,35108,35186.4,34771.05,34868.1
3/10/2022 13:15,34868.85,35014.9,34220.8,34432.65
3/10/2022 14:15,34431.9,34679.5,34247.85,34540.6
3/10/2022 15:15,34542.55,34557.85,34366.35,34400.7
3/11/2022 9:15,34331,34876.65,34096,34755.2
3/11/2022 10:15,34755.7,34759.8,34416.75,34514.55
3/11/2022 11:15,34510.4,34715.6,34484.3,34604.25
3/11/2022 12:15,34603.1,34670.3,34408.6,34454.65
3/11/2022 13:15,34455.05,34596.55,34320.3,34461.35
3/11/2022 14:15,34462.55,34622.95,34420.95,34528
3/11/2022 15:15,34528.65,34569.55,34508.2,34546.7
3/14/2022 9:15,34660.25,34968.75,34638.2,34884.4
3/14/2022 10:15,34881.9,34984.4,34793.2,34975.25
3/14/2022 11:15,34972.35,35099.85,34936.5,35020.65
3/14/2022 12:15,35025.15,35194.45,34986.7,35150.35
3/14/2022 13:15,35156.35,35263,35088.15,35225.45
3/14/2022 14:15,35227.8,35432.95,35216.2,35322.05
3/14/2022 15:15,35325.1,35357.1,35175.25,35343.65
3/15/2022 9:15,35467.95,35573.45,35237.25,35460.55
3/15/2022 10:15,35461.1,35632.65,35417.45,35466
3/15/2022 11:15,35465.25,35643.1,35394.95,35581.85
3/15/2022 12:15,35580.35,35583.9,35157.25,35193.9
3/15/2022 13:15,35196.2,35197.95,34850.35,34882.85
3/15/2022 14:15,34881.1,35198.45,34707.3,35031.55
3/15/2022 15:15,35032.55,35078.75,34911.3,34941.7
3/16/2022 9:15,35555.75,35805.35,35529.95,35575.35
3/16/2022 10:15,35575,35686.35,35506.05,35597.5
3/16/2022 11:15,35597.15,35711.4,35578.2,35671.3
3/16/2022 12:15,35671.4,35765.6,35560.75,35560.75
3/16/2022 13:15,35553.4,35720.75,35509.1,35581.2
3/16/2022 14:15,35582.1,35802,35560.4,35754.8
3/16/2022 15:15,35757.45,35760.4,35684.65,35689.3
3/17/2022 9:15,36302,36542.95,36302,36529.3
3/17/2022 10:15,36527.1,36537.05,36449.7,36487.65
3/17/2022 11:15,36488.8,36593.15,36435.15,36494.5
3/17/2022 12:15,36496.05,36561.75,36416.95,36496.4
3/17/2022 13:15,36496.8,36610.55,36424.3,36541.1
3/17/2022 14:15,36542.75,36583,36369.7,36407.25
3/17/2022 15:15,36409.4,36458.4,36354.5,36388.55
3/21/2022 9:15,36545.85,36575.25,36113.65,36155
3/21/2022 10:15,36155.5,36294.7,36098.1,36232.65
3/21/2022 11:15,36233.05,36288.1,36132.7,36141.05
3/21/2022 12:15,36139.35,36191.15,35900.75,35945.2
3/21/2022 13:15,35948.25,36158.25,35911.7,36109.75
3/21/2022 14:15,36110.4,36126.5,35931.75,36038.2
3/21/2022 15:15,36036,36074.75,36017.2,36046.15
3/22/2022 9:15,35975.6,35984.05,35472.8,35477.5
3/22/2022 10:15,35476.15,35679.15,35422.1,35653.3
3/22/2022 11:15,35652.9,35666.05,35435.1,35471.75
3/22/2022 12:15,35469.7,36156.2,35389.65,36138
3/22/2022 13:15,36138.25,36352.45,36036.25,36276
3/22/2022 14:15,36273.9,36352.7,36125.85,36346.15
3/22/2022 15:15,36342.2,36464.6,36328.25,36439.95
3/23/2022 9:15,36627.7,36822.2,36471.6,36514.6
3/23/2022 10:15,36515.15,36555.75,36280.8,36336.2
3/23/2022 11:15,36335.65,36441.4,36215.5,36284.3
3/23/2022 12:15,36285.95,36347.55,36144.25,36271.8
3/23/2022 13:15,36270.65,36379.1,36081,36173.55
3/23/2022 14:15,36169.25,36326.55,36131.05,36174.15
3/23/2022 15:15,36169.45,36184.65,36069.45,36084.95
3/24/2022 9:15,35633.7,35897.95,35582.35,35857.95
3/24/2022 10:15,35853.95,35888.9,35745.7,35866.7
3/24/2022 11:15,35865.6,35953.65,35594.45,35618.9
3/24/2022 12:15,35618.85,35643,35429.7,35444.8
3/24/2022 13:15,35448.9,35716.35,35426.3,35600.05
3/24/2022 14:15,35598.35,35637,35479.2,35525.4
3/24/2022 15:15,35523.25,35534.15,35493.95,35526.85
3/25/2022 9:15,35700.4,35710.05,35355.5,35446
3/25/2022 10:15,35450.75,35566.55,35420.2,35505.1
3/25/2022 11:15,35504.8,35540.95,35324.55,35348.8
3/25/2022 12:15,35348.35,35457.15,35331.8,35420.05
3/25/2022 13:15,35420.75,35483.55,35207.75,35273.75
3/25/2022 14:15,35272.9,35378.85,35243.6,35316.1
3/25/2022 15:15,35318.7,35575.05,35306.75,35536.45
3/28/2022 9:15,35488.7,35551.25,35022.2,35058.45
3/28/2022 10:15,35061.15,35149.1,35016.85,35137.45
3/28/2022 11:15,35136.85,35263.75,35069.25,35232.4
3/28/2022 12:15,35237.8,35691.05,35236.85,35656.8
3/28/2022 13:15,35648.45,35675.5,35483.05,35558.15
3/28/2022 14:15,35557.35,35745.5,35539.45,35683.1
3/28/2022 15:15,35680.15,35769,35674.9,35749.25
3/29/2022 9:15,35931.75,35969.65,35731.65,35771.35
3/29/2022 10:15,35771.2,35861.65,35678.25,35809.1
3/29/2022 11:15,35806.45,35830.35,35665.65,35731.6
3/29/2022 12:15,35729.75,35848.15,35620.65,35674.9
3/29/2022 13:15,35667.7,35712,35513.8,35679.95
3/29/2022 14:15,35674.65,35871.4,35629.1,35824.8
3/29/2022 15:15,35820.15,35957.75,35812.7,35923.9
3/30/2022 9:15,36241.55,36255.45,36075.1,36227.9
3/30/2022 10:15,36226.15,36418.55,36225.35,36374.9
3/30/2022 11:15,36373.55,36384.15,36258.7,36270.5
3/30/2022 12:15,36268.05,36332.1,36203.95,36270.55
3/30/2022 13:15,36270,36336.05,36151.7,36282.65
3/30/2022 14:15,36282.35,36357.2,36219.2,36339.25
3/30/2022 15:15,36340.3,36363.1,36303.1,36324.35
3/31/2022 9:15,36457.2,36588.85,36287.55,36529.3
3/31/2022 10:15,36531,36539.8,36417.25,36481.7
3/31/2022 11:15,36480.9,36493.35,36347.5,36397.65
3/31/2022 12:15,36399.2,36513.75,36386.5,36472.65
3/31/2022 13:15,36472.6,36495.3,36301.4,36323.35
3/31/2022 14:15,36329,36439.45,36284.15,36366.35
3/31/2022 15:15,36366.5,36386.15,36328.85,36371
4/1/2022 9:15,36298.35,36718.2,36243.25,36669.55
4/1/2022 10:15,36670.3,36799.5,36657.55,36781.3
4/1/2022 11:15,36781.8,36790.65,36703.55,36784.2
4/1/2022 12:15,36781.9,36988.55,36757.5,36939.55
4/1/2022 13:15,36938.65,37090.15,36937.5,37074
4/1/2022 14:15,37075.8,37145.1,37042.65,37124.8
4/1/2022 15:15,37126.7,37201.75,37110.55,37158.9
4/4/2022 9:15,37824.95,38762.75,37705.45,38684.3
4/4/2022 10:15,38701.2,38723.7,38126.7,38185.35
4/4/2022 11:15,38184.6,38379.6,38078.05,38143.65
4/4/2022 12:15,38139.15,38440.25,38136.5,38413.75
4/4/2022 13:15,38414.6,38467.05,38334.2,38404.4
4/4/2022 14:15,38404.85,38712,38387.2,38645.95
4/4/2022 15:15,38644.1,38687.7,38581.95,38600.85
4/5/2022 9:15,38731.3,38734.05,38092.65,38172.25
4/5/2022 10:15,38170.2,38425.5,38155.45,38336.75
4/5/2022 11:15,38336.55,38373.8,38269.7,38360.1
4/5/2022 12:15,38357.4,38498.25,38259.05,38498.25
4/5/2022 13:15,38496.5,38631,38319.55,38379.85
4/5/2022 14:15,38379.85,38420.1,38033.4,38035.45
4/5/2022 15:15,38037.25,38070.2,37937.95,37968
4/6/2022 9:15,37711.3,37825.05,37526,37604.95
4/6/2022 10:15,37606.95,37669.25,37514.9,37651.25
4/6/2022 11:15,37650.6,37761.85,37576.6,37722.15
4/6/2022 12:15,37722.3,37867.15,37608.95,37676.7
4/6/2022 13:15,37676.1,37741.15,37548.9,37559.55
4/6/2022 14:15,37560.95,37738.95,37548.3,37641.5
4/6/2022 15:15,37644.55,37646.95,37579.95,37591.55
4/7/2022 9:15,37421.75,37587.7,37348.5,37535.7
4/7/2022 10:15,37534.65,37625.7,37445.55,37562.5
4/7/2022 11:15,37567,37973.2,37548.4,37905.65
4/7/2022 12:15,37907.1,37962.05,37813.1,37879.1
4/7/2022 13:15,37879.1,37893.6,37540.95,37557.55
4/7/2022 14:15,37557.6,37641.9,37489.8,37533.75
4/7/2022 15:15,37530.7,37605.9,37509.4,37599.3
4/8/2022 9:15,37619.7,37798.7,37438.1,37735.65
4/8/2022 10:15,37737.6,37751.25,37424,37455.05
4/8/2022 11:15,37456.8,37636.1,37414.45,37606.9
4/8/2022 12:15,37605.55,37742.4,37579,37667.05
4/8/2022 13:15,37670.9,37881.65,37631.3,37849.75
4/8/2022 14:15,37849.3,37853.95,37691.3,37710.7
4/8/2022 15:15,37709.55,37803.1,37709.55,37803.1
4/11/2022 9:15,37591.75,37809.7,37531.15,37802.5
4/11/2022 10:15,37802.35,37893.75,37728.8,37804.65
4/11/2022 11:15,37802.35,37892.2,37777.85,37826.95
4/11/2022 12:15,37827.5,37937.15,37705.25,37872.85
4/11/2022 13:15,37875.65,37915.7,37736.75,37822.1
4/11/2022 14:15,37822.3,37835.3,37549.1,37611.45
4/11/2022 15:15,37607,37656.75,37584.75,37645.75
4/12/2022 9:15,37407.4,37512.8,37269.1,37347.65
4/12/2022 10:15,37343.3,37476.6,37301.3,37405.5
4/12/2022 11:15,37405.85,37564.6,37362.15,37514.95
4/12/2022 12:15,37514.85,37587.95,37435.85,37470.4
4/12/2022 13:15,37467.85,37765.2,37360.35,37747.55
4/12/2022 14:15,37743.3,37919.5,37697.5,37735.7
4/12/2022 15:15,37736,37773.95,37706.35,37747.85
4/13/2022 9:15,37887.3,37981.2,37717.55,37732.25
4/13/2022 10:15,37732.6,37822.7,37693.75,37779.2
4/13/2022 11:15,37779.9,37801.55,37560.95,37564.05
4/13/2022 12:15,37552.95,37705.45,37523.45,37696.7
4/13/2022 13:15,37699.5,37728.4,37532.9,37649.55
4/13/2022 14:15,37652.65,37690.3,37431.15,37441.4
4/13/2022 15:15,37442.3,37478.35,37415.5,37439.8
4/18/2022 9:15,36833.15,36964.8,36675.65,36728.6
4/18/2022 10:15,36730.7,36765.15,36658.35,36749.95
4/18/2022 11:15,36749.35,36871.3,36697.9,36713.35
4/18/2022 12:15,36714.25,36763.4,36447.45,36531.85
4/18/2022 13:15,36532.3,36646.85,36517.6,36588.1
4/18/2022 14:15,36588.9,36758.65,36539.35,36745.4
4/18/2022 15:15,36743.2,36885.55,36743.2,36791.6
4/19/2022 9:15,36806.8,36942.65,36628.65,36695.25
4/19/2022 10:15,36694.5,36775.5,36612.85,36775.5
4/19/2022 11:15,36777.45,36928.05,36715.85,36925.5
4/19/2022 12:15,36926.3,36973.6,36712.55,36756.4
4/19/2022 13:15,36757.4,37123.25,36755.35,37045.5
4/19/2022 14:15,37049.4,37078.6,36276.35,36365.6
4/19/2022 15:15,36365.15,36390.7,35931.25,36070.65
4/20/2022 9:15,36482.6,36482.6,36189.2,36328.3
4/20/2022 10:15,36328.8,36443.6,36212.2,36393.2
4/20/2022 11:15,36391.05,36430.9,36225.45,36327.85
4/20/2022 12:15,36327.9,36511.15,36327.9,36378.25
4/20/2022 13:15,36376.4,36409.2,36117.7,36238.1
4/20/2022 14:15,36238.55,36460.45,36145.6,36290.2
4/20/2022 15:15,36290.85,36363.3,36266.55,36351.55
4/21/2022 9:15,36513.1,36614.15,36458.05,36469.1
4/21/2022 10:15,36468.35,36608.55,36398.85,36605.5
4/21/2022 11:15,36605.2,36642.95,36542.2,36602.85
4/21/2022 12:15,36603.05,36667.05,36563.4,36577.95
4/21/2022 13:15,36578.8,36686.1,36552.4,36665.45
4/21/2022 14:15,36665.25,36833.95,36664.3,36812
4/21/2022 15:15,36813,36913,36795.7,36911.25
4/22/2022 9:15,36514.15,36553.75,36254.8,36287.05
4/22/2022 10:15,36289.6,36445.7,36250.95,36411.85
4/22/2022 11:15,36413.1,36433.65,36326.65,36373.1
4/22/2022 12:15,36370.85,36407.9,36290.05,36338.7
4/22/2022 13:15,36336.1,36372.95,36045.3,36118.85
4/22/2022 14:15,36121.55,36160.6,36011.5,36061.6
4/22/2022 15:15,36064.85,36074.6,35994.65,36008.2
4/25/2022 9:15,35792.35,36226.05,35533.05,36145.5
4/25/2022 10:15,36144.55,36192.1,36031.35,36117.05
4/25/2022 11:15,36113.7,36169.9,35996.1,36036.75
4/25/2022 12:15,36039.3,36191.65,35901.9,36187.4
4/25/2022 13:15,36185.3,36265.75,35994.85,36099.15
4/25/2022 14:15,36092.65,36094.7,35882.35,36047
4/25/2022 15:15,36047.2,36205.25,36032.15,36192.85
4/26/2022 9:15,36515.35,36579.95,36451.25,36483.95
4/26/2022 10:15,36482.55,36520.85,36444.45,36471.1
4/26/2022 11:15,36472.5,36603.7,36469.45,36512.35
4/26/2022 12:15,36512.3,36569,36301.4,36371.6
4/26/2022 13:15,36369.2,36532.55,36369.2,36482.4
4/26/2022 14:15,36479.35,36520.05,36269.05,36418.5
4/26/2022 15:15,36420.35,36456.05,36377.55,36390.15
4/27/2022 9:15,36067.55,36175.2,36030.05,36130.4
4/27/2022 10:15,36126.95,36126.95,36020.6,36087.55
4/27/2022 11:15,36087.05,36087.05,35901.8,35939.45
4/27/2022 12:15,35937.5,35990.5,35748.55,35798.4
4/27/2022 13:15,35798.05,36022.05,35797.55,35980.9
4/27/2022 14:15,35982.4,36108.9,35891.25,36022.05
4/27/2022 15:15,36021.6,36077.35,35999.75,36045.85
4/28/2022 9:15,36189.95,36191.4,36016.05,36055
4/28/2022 10:15,36052.8,36067.85,35952.9,36008.3
4/28/2022 11:15,36008.65,36154.9,35996.8,36124.2
4/28/2022 12:15,36126.6,36330.65,36111.85,36327.05
4/28/2022 13:15,36326.4,36410.45,36261.1,36390
4/28/2022 14:15,36391.75,36491.7,36319.9,36356.7
4/28/2022 15:15,36358.4,36500,36349.5,36424
4/29/2022 9:15,36474.05,36604.3,36345.7,36391.45
4/29/2022 10:15,36392.2,36561.3,36389.8,36548
4/29/2022 11:15,36541,36716.65,36536.45,36634.85
4/29/2022 12:15,36637.3,36694.15,36553.7,36677.8
4/29/2022 13:15,36676.9,36687.75,36411.7,36465.5
4/29/2022 14:15,36465.15,36488.05,36062.2,36080.6
4/29/2022 15:15,36079.8,36101.7,35980.85,36063.75
5/2/2022 9:15,35627.6,36058.95,35627.6,35894.2
5/2/2022 10:15,35897.1,35997.45,35818.3,35911.05
5/2/2022 11:15,35909.1,35979.3,35848.5,35975.1
5/2/2022 12:15,35973.15,36072.35,35883.35,35978.8
5/2/2022 13:15,35980.2,36011.35,35856.35,35980.5
5/2/2022 14:15,35982,36231.1,35873.9,36170.45
5/2/2022 15:15,36168.4,36207.45,36124.2,36138.45
5/4/2022 9:15,36266.15,36302.45,36110.25,36123.55
5/4/2022 10:15,36124.35,36124.35,35996.4,36076.7
5/4/2022 11:15,36076.5,36161.6,35883.9,35941.65
5/4/2022 12:15,35937.4,35952.4,35737.35,35924.7
5/4/2022 13:15,35926.4,36160.55,35528,35684.5
5/4/2022 14:15,35688.4,35864,35130,35355.3
5/4/2022 15:15,35353.65,35362.55,35220.7,35317.55
5/5/2022 9:15,35705.35,35820.5,35552.55,35816.75
5/5/2022 10:15,35822.45,35934,35774.1,35905.7
5/5/2022 11:15,35904.6,35906.4,35628.05,35691.35
5/5/2022 12:15,35691.6,35831.1,35583.15,35601.7
5/5/2022 13:15,35599.95,35706.55,35241.55,35305.6
5/5/2022 14:15,35305.7,35396.65,35152.15,35256.65
5/5/2022 15:15,35257,35317.65,35135.4,35160.1
5/6/2022 9:15,34569.1,34723.8,34441,34445.5
5/6/2022 10:15,34446.2,34496,34353.4,34442.35
5/6/2022 11:15,34443.4,34667.4,34404.25,34615.2
5/6/2022 12:15,34615.15,34631.1,34383.05,34404.25
5/6/2022 13:15,34403.55,34773.55,34372.95,34718.95
5/6/2022 14:15,34716.7,34797.75,34449.95,34581.6
5/6/2022 15:15,34583.9,34682.35,34579.75,34681.5
5/9/2022 9:15,34091.75,34256.7,33928.15,34083.45
5/9/2022 10:15,34083.6,34190.5,34055.25,34127.55
5/9/2022 11:15,34126.1,34386.05,34050.35,34379.15
5/9/2022 12:15,34379.8,34547.2,34298,34347.65
5/9/2022 13:15,34349.45,34384.15,34097.6,34183.05
5/9/2022 14:15,34183.3,34508.3,34164.1,34303.2
5/9/2022 15:15,34306.2,34346.95,34272.55,34321.05
5/10/2022 9:15,34181.2,34454.85,34181.2,34286.3
5/10/2022 10:15,34289.55,34423.9,34275.35,34372.4
5/10/2022 11:15,34373.25,34548.75,34305.15,34541.75
5/10/2022 12:15,34544.65,34710.25,34500.65,34653.6
5/10/2022 13:15,34658.15,34742.5,34527.15,34696.35
5/10/2022 14:15,34698.6,34779.65,34428.65,34473.15
5/10/2022 15:15,34472.05,34511.3,34412.35,34418.2
5/11/2022 9:15,34686.3,34726.5,34409.5,34466.5
5/11/2022 10:15,34464.55,34528.5,34298.35,34393.9
5/11/2022 11:15,34388.95,34560.85,34373,34477.55
5/11/2022 12:15,34479.4,34506.55,34190.75,34196.4
5/11/2022 13:15,34197.65,34667.65,34149.05,34640.45
5/11/2022 14:15,34640.5,34737.85,34514.7,34683.5
5/11/2022 15:15,34683.85,34791.7,34669.85,34776.25
5/12/2022 9:15,34289.1,34320.8,33838.7,33884.55
5/12/2022 10:15,33879.9,34010.05,33726.15,33736.7
5/12/2022 11:15,33733.1,33810.5,33625.45,33786.3
5/12/2022 12:15,33785.05,33795,33589.3,33644.45
5/12/2022 13:15,33643.6,33827.25,33463.95,33489.6
5/12/2022 14:15,33495.65,33597.55,33300.05,33585.9
5/12/2022 15:15,33587,33593.95,33501.75,33559.55
5/13/2022 9:15,33925.95,33962.1,33577,33578.95
5/13/2022 10:15,33577.05,33804.55,33557.3,33770.3
5/13/2022 11:15,33772.45,33869.25,33669.95,33729.9
5/13/2022 12:15,33729.45,33906.5,33703.15,33906.5
5/13/2022 13:15,33899.85,34001.85,33531.95,33553.8
5/13/2022 14:15,33553,33592.95,33009.05,33094.6
5/13/2022 15:15,33093.9,33233.35,33052,33086.35
5/16/2022 9:15,33256,33771.5,33010.1,33663.45
5/16/2022 10:15,33668.6,33807.2,33604.75,33732.2
5/16/2022 11:15,33734.3,33757.35,33431.45,33474.95
5/16/2022 12:15,33473.25,33649.35,33346.5,33480.6
5/16/2022 13:15,33480.6,33754.1,33465.5,33678.35
5/16/2022 14:15,33679.45,33818.8,33531.45,33548.55
5/16/2022 15:15,33546.95,33651.3,33521.05,33643.35
5/17/2022 9:15,33796.2,33943.95,33684.2,33793.95
5/17/2022 10:15,33795.95,34007.6,33790.95,33924
5/17/2022 11:15,33909.8,34156.7,33888.05,34073.6
5/17/2022 12:15,34067.85,34159.8,34041.05,34149.75
5/17/2022 13:15,34150.5,34302.65,34005.8,34295.05
5/17/2022 14:15,34298.4,34366.05,34207.85,34271.9
5/17/2022 15:15,34274.5,34348.75,34261.15,34346.75
5/18/2022 9:15,34448.2,34654.2,34331.15,34536.1
5/18/2022 10:15,34533.75,34604.55,34458,34492.9
5/18/2022 11:15,34493.7,34586.9,34452.75,34468.45
5/18/2022 12:15,34460.8,34460.8,34208.8,34271.75
5/18/2022 13:15,34274.25,34416.9,34162.6,34216.4
5/18/2022 14:15,34218.2,34301.65,34135.5,34158.55
5/18/2022 15:15,34159.05,34202,34140.25,34198.35
5/19/2022 9:15,33461,33624.9,33393.9,33538.65
5/19/2022 10:15,33540.15,33619.85,33510.75,33557.7
5/19/2022 11:15,33558.55,33580,33351.75,33373.9
5/19/2022 12:15,33372.6,33443.3,33267.8,33280.85
5/19/2022 13:15,33279.25,33390.85,33240.1,33240.1
5/19/2022 14:15,33239.75,33345.45,33183.85,33279.65
5/19/2022 15:15,33280.45,33373.15,33276.2,33359
5/20/2022 9:15,33765.15,34137.2,33696.95,34086.7
5/20/2022 10:15,34084.8,34136.9,34024.55,34075.9
5/20/2022 11:15,34078.2,34162.55,33951.3,33987.1
5/20/2022 12:15,33988.65,34284.65,33940.1,34267.75
5/20/2022 13:15,34269.2,34293.95,34166,34251.45
5/20/2022 14:15,34253.45,34356.65,34155.7,34290.8
5/20/2022 15:15,34289.4,34324.3,34193.85,34311.55
5/23/2022 9:15,34321.4,34643.1,34273.5,34640.15
5/23/2022 10:15,34637,34656,34548.9,34636.55
5/23/2022 11:15,34636.85,34782.75,34634.75,34761
5/23/2022 12:15,34762.8,34780.85,34635.9,34683.6
5/23/2022 13:15,34683.45,34819.35,34375.7,34392.75
5/23/2022 14:15,34379.85,34461.3,34218,34227.6
5/23/2022 15:15,34227.2,34273.55,34122.3,34157.8
5/24/2022 9:15,34223.2,34486.7,34132.25,34301.75
5/24/2022 10:15,34302.2,34394.85,34219.3,34297.45
5/24/2022 11:15,34295.3,34526.3,34267.15,34422.3
5/24/2022 12:15,34424.05,34578.05,34305.65,34345.3
5/24/2022 13:15,34346.05,34424.55,34286.35,34333.8
5/24/2022 14:15,34331.6,34436.4,34180.8,34253.9
5/24/2022 15:15,34257.7,34317.9,34225.4,34305.7
5/25/2022 9:15,34491.8,34671.4,34434.3,34582.75
5/25/2022 10:15,34584.7,34718.35,34547.8,34716.3
5/25/2022 11:15,34712.5,34720.85,34482.75,34528.65
5/25/2022 12:15,34532.8,34591.75,34386.15,34450.6
5/25/2022 13:15,34453.7,34520,34346.7,34504.9
5/25/2022 14:15,34504.5,34548,34327.2,34341.3
5/25/2022 15:15,34343.95,34370.15,34287.65,34313.9
5/26/2022 9:15,34670.6,34716.7,34538.45,34563.35
5/26/2022 10:15,34566.4,34614.95,34425.15,34480.2
5/26/2022 11:15,34478.9,34559.75,34449.15,34535.2
5/26/2022 12:15,34531.7,34836.2,34460.6,34836.2
5/26/2022 13:15,34835.05,34944.75,34738.85,34819.8
5/26/2022 14:15,34812.6,35134.2,34812.6,35089.55
5/26/2022 15:15,35088.6,35221.95,35087.25,35199.2
5/27/2022 9:15,35326.6,35535.35,35292.95,35486.3
5/27/2022 10:15,35485.4,35583.45,35378.65,35484
5/27/2022 11:15,35485.35,35516.5,35384.95,35420.9
5/27/2022 12:15,35420.85,35629.65,35411.05,35584.05
5/27/2022 13:15,35583.4,35693.25,35494.1,35639.25
5/27/2022 14:15,35636.75,35657.1,35563.25,35587.3
5/27/2022 15:15,35589.3,35642.55,35584.85,35617.7
5/30/2022 9:15,35958.8,36061.3,35925.9,36025.75
5/30/2022 10:15,36025.6,36053.35,35971.25,36039.3
5/30/2022 11:15,36042.75,36083.45,35915.15,35949.65
5/30/2022 12:15,35950.2,35957.45,35822.4,35954.1
5/30/2022 13:15,35954.5,35954.5,35794.35,35797.95
5/30/2022 14:15,35800.2,35884.6,35750.55,35811.3
5/30/2022 15:15,35810.35,35859.35,35803.5,35832.05
5/31/2022 9:15,35615.3,35753.15,35580.7,35744.7
5/31/2022 10:15,35745.4,35878.95,35696,35822.05
5/31/2022 11:15,35822.35,35855.95,35729.15,35819.6
5/31/2022 12:15,35817.9,35822.7,35675.9,35728
5/31/2022 13:15,35727.75,35846.15,35691.1,35795.2
5/31/2022 14:15,35791.15,35818,35423.9,35423.9
5/31/2022 15:15,35425.75,35441.1,35291.25,35362.85
6/1/2022 9:15,35358.95,35660.35,35358.85,35616.6
6/1/2022 10:15,35613.6,35737.1,35603,35662.05
6/1/2022 11:15,35657.85,35767.55,35624.65,35671.5
6/1/2022 12:15,35667.9,35678.8,35538.7,35542.15
6/1/2022 13:15,35539.7,35586.9,35415.6,35429.35
6/1/2022 14:15,35430.05,35644.25,35287.8,35642.85
6/1/2022 15:15,35647.8,35749.25,35644.2,35679.7
6/2/2022 9:15,35470.95,35653.15,35386.85,35580.7
6/2/2022 10:15,35580.2,35610.7,35441.8,35509.65
6/2/2022 11:15,35513.45,35559.4,35477.3,35495.9
6/2/2022 12:15,35495.4,35599.8,35445.05,35506.4
6/2/2022 13:15,35507.1,35652.9,35438.3,35581.55
6/2/2022 14:15,35583.55,35674.15,35510.45,35643.7
6/2/2022 15:15,35643.4,35670.75,35585.05,35608.25
6/3/2022 9:15,35929.55,35952.8,35722.8,35749.25
6/3/2022 10:15,35748.2,35768.45,35654.15,35696.75
6/3/2022 11:15,35696.35,35746.15,35668.85,35706.3
6/3/2022 12:15,35704.75,35715.2,35530.45,35567.2
6/3/2022 13:15,35567.1,35604.4,35471.45,35539.3
6/3/2022 14:15,35539.6,35571.2,35176.05,35240.4
6/3/2022 15:15,35243.8,35381,35224.5,35277.4
6/6/2022 9:15,35159.15,35405.55,35073.1,35209.15
6/6/2022 10:15,35211.5,35346.1,35190.5,35274.65
6/6/2022 11:15,35270.2,35354.15,35162.35,35350.95
6/6/2022 12:15,35346.85,35412.1,35295.25,35357.8
6/6/2022 13:15,35358.15,35422.4,35324.35,35403.55
6/6/2022 14:15,35404,35409.85,35240.45,35358.15
6/6/2022 15:15,35356.55,35380.95,35295.2,35314.05
6/7/2022 9:15,35080.8,35130.1,34983.1,35122.7
6/7/2022 10:15,35126.95,35153.2,34929.8,34953.55
6/7/2022 11:15,34953.5,34990.25,34913.35,34944.2
6/7/2022 12:15,34942.1,35051.05,34887.9,34929.85
6/7/2022 13:15,34927.1,34960.25,34834.45,34870.2
6/7/2022 14:15,34869.9,35027.85,34853.65,35000.25
6/7/2022 15:15,34998.15,35026.6,34972.05,34972.05
6/8/2022 9:15,35165.65,35182.45,34842.3,35035.7
6/8/2022 10:15,35037.55,35446.5,35010.85,35259.7
6/8/2022 11:15,35260.2,35352.2,35242.3,35317.95
6/8/2022 12:15,35317.15,35341.5,35109.65,35113.4
6/8/2022 13:15,35113.9,35113.9,34848.6,34888.3
6/8/2022 14:15,34886.1,34992,34833.5,34948.1
6/8/2022 15:15,34949.35,34977.25,34882.75,34888.75
6/9/2022 9:15,34802.25,34829.45,34685.45,34690.5
6/9/2022 10:15,34688.95,34896.6,34660.4,34814.35
6/9/2022 11:15,34815.9,34841.65,34765.5,34832.95
6/9/2022 12:15,34833.15,34959.15,34768.7,34797.95
6/9/2022 13:15,34799.75,34890.9,34788.1,34856.9
6/9/2022 14:15,34857.95,35100.65,34837.35,35096.2
6/9/2022 15:15,35098.35,35148.75,35087.7,35116.8
6/10/2022 9:15,34686.95,34744.9,34570.25,34631.75
6/10/2022 10:15,34629.65,34679.95,34603.95,34636.75
6/10/2022 11:15,34637.95,34638.9,34538.2,34607.75
6/10/2022 12:15,34608,34612.1,34467.5,34520.55
6/10/2022 13:15,34521.5,34551.3,34413.45,34434.3
6/10/2022 14:15,34433.6,34532.45,34348.05,34515.05
6/10/2022 15:15,34514.65,34523.55,34432.95,34479.4
6/13/2022 9:15,33728.65,33761.7,33271.25,33301.95
6/13/2022 10:15,33299.5,33370.1,33241.2,33349.95
6/13/2022 11:15,33350.15,33383,33301.85,33349.25
6/13/2022 12:15,33349,33403.1,33244.1,33308.9
6/13/2022 13:15,33310.95,33369.8,33213.6,33235.9
6/13/2022 14:15,33233.1,33394.85,33217.5,33394.85
6/13/2022 15:15,33393.85,33457.6,33393.85,33441.7
6/14/2022 9:15,33180.6,33351.7,33126.05,33320.5
6/14/2022 10:15,33320.55,33595.85,33296.7,33587.1
6/14/2022 11:15,33587.5,33617.8,33500.2,33535.2
6/14/2022 12:15,33535.45,33537.25,33294,33412.2
6/14/2022 13:15,33411.9,33482.75,33233.9,33234.45
6/14/2022 14:15,33236.9,33296.7,33173.95,33283.9
6/14/2022 15:15,33280.45,33396.75,33276.85,33329.55
6/15/2022 9:15,33317.8,33471.3,33249.8,33382.7
6/15/2022 10:15,33380.75,33443.5,33272.05,33333
6/15/2022 11:15,33334.6,33457.95,33314.95,33429.7
6/15/2022 12:15,33430.55,33552.9,33391.9,33516.25
6/15/2022 13:15,33515.6,33535.5,33424.05,33446.85
6/15/2022 14:15,33446.6,33467.25,33292.3,33347.1
6/15/2022 15:15,33345.05,33368.8,33316.95,33330
6/16/2022 9:15,33648.8,33754.8,33557.5,33568.6
6/16/2022 10:15,33569.15,33590.35,33389.7,33412.75
6/16/2022 11:15,33410.75,33414.45,33037.35,33108.65
6/16/2022 12:15,33109.65,33218.25,32916.1,32939.95
6/16/2022 13:15,32939.8,32972.75,32656.85,32741.85
6/16/2022 14:15,32743.75,32776,32587.1,32616.95
6/16/2022 15:15,32614.55,32626.5,32542.7,32573.8
6/17/2022 9:15,32393.45,32831.1,32298,32568.4
6/17/2022 10:15,32568.3,32717.35,32548.65,32651.8
6/17/2022 11:15,32651.45,32700.25,32481.65,32660.55
6/17/2022 12:15,32661.15,32819.05,32609.4,32622.7
6/17/2022 13:15,32622.15,32793.3,32592.45,32654.95
6/17/2022 14:15,32657.5,32889.4,32534.3,32687.1
6/17/2022 15:15,32680.95,32881.3,32628.2,32857.05
6/20/2022 9:15,32873.4,32923.75,32455,32751.65
6/20/2022 10:15,32754.5,32815.45,32597.6,32693.05
6/20/2022 11:15,32696.15,32818,32648.5,32737.3
6/20/2022 12:15,32738,32864,32642.1,32674.35
6/20/2022 13:15,32672.4,32760.7,32567.75,32629.5
6/20/2022 14:15,32630.7,32715.15,32427.7,32704.5
6/20/2022 15:15,32705.8,32769.5,32687.8,32699.45
6/21/2022 9:15,32978.05,33155.6,32799,33146.7
6/21/2022 10:15,33148.25,33198.65,33088.55,33196.1
6/21/2022 11:15,33194.5,33290.4,33127.1,33218.55
6/21/2022 12:15,33218.55,33575.1,33215.45,33574.4
6/21/2022 13:15,33574.75,33592.9,33438.9,33497.1
6/21/2022 14:15,33500,33529.95,33164.2,33173.2
6/21/2022 15:15,33172.05,33205.55,33143.1,33186.55
6/22/2022 9:15,33051.65,33080.65,32762.2,32858.6
6/22/2022 10:15,32859.45,33053.15,32838.8,32914.85
6/22/2022 11:15,32917.3,32959.05,32823.05,32883.55
6/22/2022 12:15,32884.15,32956.45,32826.3,32886.95
6/22/2022 13:15,32889,32959.15,32760.75,32921.35
6/22/2022 14:15,32922.7,33001,32832.2,32867.7
6/22/2022 15:15,32868.6,32880.2,32787.7,32793.5
6/23/2022 9:15,32927.4,33426.2,32834.6,33419.9
6/23/2022 10:15,33420.85,33431,33327.4,33370.95
6/23/2022 11:15,33370.15,33416.2,33087.9,33147.7
6/23/2022 12:15,33145.8,33154.9,32654.95,32706.6
6/23/2022 13:15,32705.3,33279.45,32666.35,33016.45
6/23/2022 14:15,33013.95,33306.55,32962,33125.65
6/23/2022 15:15,33128.55,33182.35,33090,33171.05
6/24/2022 9:15,33434.8,33691.5,33432.45,33580.4
6/24/2022 10:15,33579.7,33636.6,33512.7,33599.7
6/24/2022 11:15,33599.9,33636.2,33467.1,33468.8
6/24/2022 12:15,33469.45,33687.9,33451.85,33664.25
6/24/2022 13:15,33666.55,33720.7,33537.05,33689.15
6/24/2022 14:15,33692.25,33708.65,33581.15,33646.4
6/24/2022 15:15,33646.45,33664.75,33603.8,33655.9
6/27/2022 9:15,34126.2,34134.8,33900.8,33901.4
6/27/2022 10:15,33903.8,33974.25,33871.2,33925.75
6/27/2022 11:15,33926.55,33951.2,33785.9,33817.85
6/27/2022 12:15,33822.35,33979.25,33817.35,33909.45
6/27/2022 13:15,33908.25,33948.65,33801.7,33827.35
6/27/2022 14:15,33827.85,33859.1,33736.95,33814.65
6/27/2022 15:15,33811.4,33871.35,33794.45,33814.8
6/28/2022 9:15,33578.2,33691.4,33503.5,33526.3
6/28/2022 10:15,33524.8,33594.9,33506.35,33547.25
6/28/2022 11:15,33545.4,33675.1,33532.6,33628.65
6/28/2022 12:15,33627.8,33744.4,33508.05,33521.1
6/28/2022 13:15,33522.7,33672.25,33515.25,33588.1
6/28/2022 14:15,33586.65,33701.75,33570,33614.2
6/28/2022 15:15,33615.1,33722.5,33604.15,33692.25
6/29/2022 9:15,33273.55,33333.1,33188.2,33258.95
6/29/2022 10:15,33258.25,33335,33231.15,33257.85
6/29/2022 11:15,33258.8,33362.25,33257.75,33319.2
6/29/2022 12:15,33318.9,33416.6,33278.25,33364.15
6/29/2022 13:15,33365,33395.8,33312.25,33347.55
6/29/2022 14:15,33347.75,33393.5,33232.7,33250.5
6/29/2022 15:15,33249.25,33285.45,33227.7,33239.25
6/30/2022 9:15,33180.7,33658.4,33180.7,33447
6/30/2022 10:15,33445.3,33524.1,33339.15,33374.3
6/30/2022 11:15,33371.15,33494.95,33355.5,33382.35
6/30/2022 12:15,33389.1,33557.65,33330.95,33469.9
6/30/2022 13:15,33471,33551.85,33423.7,33548.2
6/30/2022 14:15,33546.7,33568.05,33405,33427.4
6/30/2022 15:15,33429.75,33445.1,33343.25,33360.6
7/1/2022 9:15,33264.75,33264.75,33082.45,33126.2
7/1/2022 10:15,33125.8,33299.5,33112.2,33277.9
7/1/2022 11:15,33275.3,33342.65,33228.2,33313.1
7/1/2022 12:15,33316.45,33444.85,33281.45,33406.3
7/1/2022 13:15,33408.05,33483.2,33354.1,33409.55
7/1/2022 14:15,33410.35,33548.45,33370.5,33532.35
7/1/2022 15:15,33535.75,33664.9,33529.05,33605.35
7/4/2022 9:15,33558.85,33785.05,33518.05,33647.9
7/4/2022 10:15,33644,33774.15,33594.65,33726.95
7/4/2022 11:15,33726.15,33799.2,33715.3,33776.25
7/4/2022 12:15,33777.45,33809.65,33691.8,33735.85
7/4/2022 13:15,33737.1,33786.95,33661.75,33766.45
7/4/2022 14:15,33765.9,33976.95,33729.45,33969.35
7/4/2022 15:15,33967.9,33975.45,33920.95,33964.75
7/5/2022 9:15,34084.7,34289.3,34079.4,34245.05
7/5/2022 10:15,34244,34318.8,34231.55,34255.9
7/5/2022 11:15,34255.6,34346.9,34238.95,34336.2
7/5/2022 12:15,34334.15,34360.6,34245.7,34284.4
7/5/2022 13:15,34281.65,34312,34050,34077
7/5/2022 14:15,34079.05,34106.45,33773.55,33817.4
7/5/2022 15:15,33818.85,33855.85,33760.35,33769.4
7/6/2022 9:15,33929.4,34158,33916.1,34096
7/6/2022 10:15,34098.2,34253.15,34061.15,34177.05
7/6/2022 11:15,34178.55,34218.1,34069.9,34184.1
7/6/2022 12:15,34182,34384.45,34170.45,34384.45
7/6/2022 13:15,34385.2,34385.2,34200,34216.35
7/6/2022 14:15,34217.25,34338.05,34150.75,34331.45
7/6/2022 15:15,34323.5,34382.75,34322.65,34355.55
7/7/2022 9:15,34627.4,34700.3,34560.85,34623.2
7/7/2022 10:15,34626.7,34710.25,34617.4,34660.75
7/7/2022 11:15,34657.45,34745.6,34626.9,34700.4
7/7/2022 12:15,34700.65,34811.35,34680.7,34789
7/7/2022 13:15,34790.55,34928.95,34672.15,34679.85
7/7/2022 14:15,34679.55,34948.85,34638.8,34897.75
7/7/2022 15:15,34898.8,34961.95,34895.4,34935.45
7/8/2022 9:15,35258.9,35258.9,35069.6,35102.5
7/8/2022 10:15,35101.7,35192.55,35093.1,35121.2
7/8/2022 11:15,35121.55,35140.45,35033.25,35064.9
7/8/2022 12:15,35064.45,35132.4,35049.3,35091.2
7/8/2022 13:15,35093.3,35154.1,35032.9,35071.3
7/8/2022 14:15,35070.4,35170,34979.25,35151.1
7/8/2022 15:15,35149.55,35160,35090.4,35125.55
7/11/2022 9:15,35017.6,35354.1,35017.6,35322.6
7/11/2022 10:15,35320.25,35358.75,35282.35,35306
7/11/2022 11:15,35307.2,35315.6,35217.05,35287.1
7/11/2022 12:15,35285.1,35349,35233.85,35332.9
7/11/2022 13:15,35331.1,35451,35272.9,35428.85
7/11/2022 14:15,35428.35,35541.6,35421.7,35470.55
7/11/2022 15:15,35472.1,35495.35,35400.1,35442.2
7/12/2022 9:15,35298.7,35417.3,35236.2,35316.65
7/12/2022 10:15,35317.25,35385.45,35308.85,35336.3
7/12/2022 11:15,35336.75,35341.4,35210,35274.1
7/12/2022 12:15,35274.2,35316.85,35206.1,35273.65
7/12/2022 13:15,35273.9,35377.85,35255.6,35377.85
7/12/2022 14:15,35379.4,35401.1,35124.2,35124.2
7/12/2022 15:15,35123.1,35140.9,35053.05,35054.05
7/13/2022 9:15,35259.8,35307.8,35190.9,35253
7/13/2022 10:15,35252.4,35257.6,35021.05,35061.6
7/13/2022 11:15,35061.65,35129.15,35004.55,35063.55
7/13/2022 12:15,35064.45,35109.75,34862.4,34886
7/13/2022 13:15,34887.55,34903.75,34765.4,34816
7/13/2022 14:15,34816.05,34891.7,34760.5,34818.65
7/13/2022 15:15,34816.15,34874.55,34808.25,34818.9
7/14/2022 9:15,34817.95,35027.2,34756.15,34953.85
7/14/2022 10:15,34956.85,34962.8,34829.2,34860.95
7/14/2022 11:15,34857.8,34857.8,34681,34722.35
7/14/2022 12:15,34722.7,34775,34681.75,34712.95
7/14/2022 13:15,34712.75,34727.7,34590.45,34592.4
7/14/2022 14:15,34589.65,34691.8,34558.45,34660.8
7/14/2022 15:15,34660.45,34672.4,34645.4,34663.15
7/15/2022 9:15,34734.45,34896.1,34545.85,34617.25
7/15/2022 10:15,34621.85,34649.15,34482.85,34501.8
7/15/2022 11:15,34504.25,34617.15,34497.5,34521.95
7/15/2022 12:15,34522.1,34621.2,34465,34601.35
7/15/2022 13:15,34606.15,34632.4,34509.9,34612.05
7/15/2022 14:15,34610.7,34708.5,34593.25,34687.4
7/15/2022 15:15,34688.65,34723.15,34646.15,34704.85
7/18/2022 9:15,34841.85,34955.7,34829.25,34887.15
7/18/2022 10:15,34887.7,34957.2,34806.75,34945.8
7/18/2022 11:15,34944.2,35038.75,34925.3,35029.75
7/18/2022 12:15,35032.25,35124.8,35022.4,35099.15
7/18/2022 13:15,35098.6,35200.55,35069.95,35198.1
7/18/2022 14:15,35196.3,35381.8,35188,35321.05
7/18/2022 15:15,35322.6,35379.5,35311.8,35354
7/19/2022 9:15,35113.25,35466.55,35113.25,35437.65
7/19/2022 10:15,35437.4,35633.75,35389.65,35630.85
7/19/2022 11:15,35632.25,35633.05,35401.2,35587.9
7/19/2022 12:15,35589.6,35620.85,35436.9,35446.95
7/19/2022 13:15,35447.25,35604.35,35418.2,35549.6
7/19/2022 14:15,35549.1,35759.5,35489.35,35725.6
7/19/2022 15:15,35723.35,35740.35,35671.7,35708.15
7/20/2022 9:15,36061.3,36151.1,35915.9,36079.05
7/20/2022 10:15,36077.8,36181.7,36028.3,36155.35
7/20/2022 11:15,36154.9,36168.85,36053.8,36120.5
7/20/2022 12:15,36116.25,36156.95,35997.35,35997.65
7/20/2022 13:15,35998.95,36127.9,35955.75,36056.05
7/20/2022 14:15,36055.85,36061.8,35946.9,35951.8
7/20/2022 15:15,35950.25,35986.1,35877.25,35890.85
7/21/2022 9:15,36026.55,36150.2,35888.5,36143.4
7/21/2022 10:15,36143.3,36154.6,36061.15,36145.5
7/21/2022 11:15,36144.3,36320.45,36137.45,36280.35
7/21/2022 12:15,36280.7,36330.8,36174.3,36204.1
7/21/2022 13:15,36199.4,36233,36069.9,36162.2
7/21/2022 14:15,36162.3,36241.3,36110.5,36191.55
7/21/2022 15:15,36189.1,36259.45,36184.95,36226.15
7/22/2022 9:15,36322.9,36533.3,36288.1,36465.05
7/22/2022 10:15,36464.1,36529.2,36462.6,36491.1
7/22/2022 11:15,36490.05,36682.9,36454.55,36679.75
7/22/2022 12:15,36673.95,36786.15,36643.15,36692.9
7/22/2022 13:15,36688.8,36806.1,36620.4,36752.95
7/22/2022 14:15,36752.8,36823.35,36729.15,36784.05
7/22/2022 15:15,36786.35,36787.9,36688.25,36737.05
7/25/2022 9:15,36766.7,37008.8,36601.45,36688
7/25/2022 10:15,36685.9,36692.15,36484.25,36485.85
7/25/2022 11:15,36480.4,36592.75,36469.95,36532.25
7/25/2022 12:15,36532.2,36645.7,36504.25,36635.7
7/25/2022 13:15,36637.5,36774.15,36539.95,36767.25
7/25/2022 14:15,36764.85,36888.7,36705.85,36711.1
7/25/2022 15:15,36714.3,36744.55,36660.8,36667.85
7/26/2022 9:15,36688.55,36689.5,36392.7,36411.5
7/26/2022 10:15,36409.5,36483.8,36344.55,36388.55
7/26/2022 11:15,36392.2,36562,36374.8,36519.95
7/26/2022 12:15,36518.9,36577.6,36477.45,36523.7
7/26/2022 13:15,36525.85,36575.6,36398.15,36493.55
7/26/2022 14:15,36494.05,36527.45,36391.4,36398.25
7/26/2022 15:15,36401.6,36401.6,36335.95,36349.85
7/27/2022 9:15,36370.55,36523.2,36249.15,36522.55
7/27/2022 10:15,36519.1,36627.55,36469.75,36573
7/27/2022 11:15,36568.8,36660.7,36559.9,36622.4
7/27/2022 12:15,36624.75,36758.3,36570.4,36716.55
7/27/2022 13:15,36716.75,36766,36654.85,36675.1
7/27/2022 14:15,36680.3,36807.35,36665.25,36782.15
7/27/2022 15:15,36782.9,36803.7,36764.15,36795.4
7/28/2022 9:15,37102.45,37250.5,37041.7,37243.35
7/28/2022 10:15,37244.55,37321.85,37231.25,37317.6
7/28/2022 11:15,37317.75,37329.95,37245.25,37317
7/28/2022 12:15,37314.7,37348.35,37254.5,37331.4
7/28/2022 13:15,37329,37393.55,37308.9,37393.55
7/28/2022 14:15,37394.25,37412.4,37273.7,37377.15
7/28/2022 15:15,37373.35,37397.05,37330.6,37336.25
7/29/2022 9:15,37717.3,37737.9,37452.55,37456.85
7/29/2022 10:15,37456.6,37503.6,37223.4,37452
7/29/2022 11:15,37454.1,37540.25,37371.4,37521.05
7/29/2022 12:15,37518.6,37550.05,37454.35,37501.5
7/29/2022 13:15,37500.55,37524.45,37352.8,37378.75
7/29/2022 14:15,37379.6,37519.8,37340.1,37519.55
7/29/2022 15:15,37518.75,37532.6,37480.9,37486
8/1/2022 9:15,37594.15,37655.45,37407.5,37626.9
8/1/2022 10:15,37626.2,37760.95,37603.8,37709.85
8/1/2022 11:15,37711.6,37774.05,37679.55,37729.2
8/1/2022 12:15,37729.15,37834.95,37723.35,37811.2
8/1/2022 13:15,37803.75,37896.75,37770.45,37882.8
8/1/2022 14:15,37881.3,37936.35,37845.15,37876.9
8/1/2022 15:15,37879.95,37901.15,37860.95,37867.15
8/2/2022 9:15,37767.7,37882.75,37633.15,37649.95
8/2/2022 10:15,37648.8,37858.55,37648.8,37826.8
8/2/2022 11:15,37830,38025.9,37796.05,37987.55
8/2/2022 12:15,37987.75,38016.35,37800.8,37901.8
8/2/2022 13:15,37903.15,38082.15,37900.15,38030.45
8/2/2022 14:15,38030.15,38179.4,38007.8,38065.55
8/2/2022 15:15,38065.3,38069.3,37859.85,37876.3
8/3/2022 9:15,37954.55,38067.25,37816.05,37875.15
8/3/2022 10:15,37875.75,37879.25,37726.85,37743.85
8/3/2022 11:15,37745.4,37833.75,37693.8,37744.9
8/3/2022 12:15,37746.25,37922.55,37707.9,37876
8/3/2022 13:15,37878.1,37909.25,37719.25,37864.85
8/3/2022 14:15,37867.05,38035.2,37788.95,38033.95
8/3/2022 15:15,38035.4,38036.2,37967.7,37999.7
8/4/2022 9:15,38111.05,38230.55,38035.35,38070.85
8/4/2022 10:15,38069.45,38090.7,37879.55,37888.15
8/4/2022 11:15,37884.65,37895.1,37252.7,37649.55
8/4/2022 12:15,37651.7,37772.65,37556.85,37659.05
8/4/2022 13:15,37660,37722.75,37522.75,37566.6
8/4/2022 14:15,37570.75,37836.8,37543.95,37739.35
8/4/2022 15:15,37743.05,37754.7,37656,37687.95
8/5/2022 9:15,37868.25,38061.45,37785.5,37981.7
8/5/2022 10:15,37982.85,38149.2,37900.35,38119.6
8/5/2022 11:15,38122.75,38128.05,38009.75,38099.15
8/5/2022 12:15,38098.25,38110.35,37874.7,37950.95
8/5/2022 13:15,37947.2,38033.35,37878.6,37878.6
8/5/2022 14:15,37873.7,37988.55,37825.1,37912.25
8/5/2022 15:15,37910.75,37946.1,37876.9,37907.25
8/8/2022 9:15,37847.35,37996.1,37684.55,37972.15
8/8/2022 10:15,37974.9,38149.8,37972.1,38082.75
8/8/2022 11:15,38081.1,38166.3,38026.55,38161.2
8/8/2022 12:15,38165.95,38247.35,38149.7,38222.15
8/8/2022 13:15,38221.4,38287.25,38172.9,38237.95
8/8/2022 14:15,38235.55,38301.2,38160.4,38227.45
8/8/2022 15:15,38230.25,38262.4,38195.85,38251.2
8/10/2022 9:15,38298.85,38393.55,38165.35,38348.75
8/10/2022 10:15,38347.6,38400.5,38307.3,38337.6
8/10/2022 11:15,38336.75,38347.65,38280.4,38329.45
8/10/2022 12:15,38330.35,38366.3,38296.75,38307.15
8/10/2022 13:15,38307.8,38331.5,38207.5,38327.65
8/10/2022 14:15,38327.25,38356.4,38244.4,38282.65
8/10/2022 15:15,38286.4,38294.45,38256.8,38277
8/11/2022 9:15,38712.95,38852.1,38652.15,38816.95
8/11/2022 10:15,38822,38884.8,38818.15,38852.95
8/11/2022 11:15,38854.4,38861.55,38778.7,38831.6
8/11/2022 12:15,38831.95,38911.05,38823.95,38896.2
8/11/2022 13:15,38893,38897.55,38813.05,38854.15
8/11/2022 14:15,38856.5,38929.75,38836.4,38847.25
8/11/2022 15:15,38843.7,38880.05,38830.25,38835.1
8/12/2022 9:15,38942.45,38971.2,38739.95,38847.9
8/12/2022 10:15,38851.7,38918.45,38790.65,38911.05
8/12/2022 11:15,38911.15,39012.15,38893.35,38996.15
8/12/2022 12:15,38997,39057.85,38973.3,39019.5
8/12/2022 13:15,39018.65,39053.15,38983.15,39043.15
8/12/2022 14:15,39042.1,39046.55,38956.9,39041.15
8/12/2022 15:15,39040.1,39087.8,39033.4,39052.35
8/16/2022 9:15,39284.1,39444.25,39221,39325.55
8/16/2022 10:15,39325.55,39387.7,39319.6,39355.85
8/16/2022 11:15,39357.05,39359.1,39210.05,39236.25
8/16/2022 12:15,39238.05,39287.5,39143.9,39147.45
8/16/2022 13:15,39145.4,39205.8,39120.45,39185.45
8/16/2022 14:15,39188.7,39277.45,39176.7,39263.65
8/16/2022 15:15,39261.1,39272.2,39231.35,39247.35
8/17/2022 9:15,39351.3,39356.95,39204.55,39328.25
8/17/2022 10:15,39328.6,39361.6,39263.9,39355.3
8/17/2022 11:15,39354.95,39378.5,39274.9,39330.85
8/17/2022 12:15,39330.35,39392.35,39303.8,39386.05
8/17/2022 13:15,39384.1,39401.65,39306.65,39355.55
8/17/2022 14:15,39357,39502.55,39324.1,39452.15
8/17/2022 15:15,39453.85,39472.1,39408.65,39416.2
8/18/2022 9:15,39324.4,39632.9,39295.5,39594.15
8/18/2022 10:15,39591.45,39614.2,39501.8,39522.9
8/18/2022 11:15,39523.05,39523.05,39307.5,39385.8
8/18/2022 12:15,39385.4,39473.65,39359.6,39454.35
8/18/2022 13:15,39453.5,39515.35,39400.9,39514.4
8/18/2022 14:15,39514.7,39681.2,39508.75,39650.95
8/18/2022 15:15,39648.2,39703.4,39631.8,39670.8
8/19/2022 9:15,39732.65,39750.9,39488,39568.6
8/19/2022 10:15,39568.3,39580.3,39202.05,39239.9
8/19/2022 11:15,39239.2,39297.05,39018.85,39082.6
8/19/2022 12:15,39085,39146.05,38848.4,39127.8
8/19/2022 13:15,39127.25,39191.5,38867.35,39009.7
8/19/2022 14:15,39010.2,39094.9,38948.25,39018.9
8/19/2022 15:15,39016.8,39040.85,38895.2,38900.15
8/22/2022 9:15,38693.65,38717.6,38351.05,38369.1
8/22/2022 10:15,38370.45,38412.35,38287.5,38317.05
8/22/2022 11:15,38316.9,38412.9,38285.85,38381.3
8/22/2022 12:15,38381.3,38478.7,38314.95,38332.3
8/22/2022 13:15,38331,38367.15,38253.45,38329.55
8/22/2022 14:15,38326.45,38385.8,38248.9,38330.4
8/22/2022 15:15,38333.85,38366.25,38285.15,38331.2
8/23/2022 9:15,37955.45,38568.9,37955.45,38425
8/23/2022 10:15,38422.55,38513.35,38183.05,38209.65
8/23/2022 11:15,38211,38395.6,38201.15,38261
8/23/2022 12:15,38261.25,38462.35,38193.8,38447.1
8/23/2022 13:15,38441.8,38608.85,38441.8,38564.3
8/23/2022 14:15,38563,38661.8,38517.15,38652
8/23/2022 15:15,38657.25,38865.8,38646.35,38852.2
8/24/2022 9:15,38552.7,38838.45,38552.7,38817.6
8/24/2022 10:15,38817.15,38925.7,38787.7,38907.05
8/24/2022 11:15,38907.55,38954.15,38753.95,38797.85
8/24/2022 12:15,38798.55,38853.9,38680.95,38715.1
8/24/2022 13:15,38712.35,38861.85,38637.7,38805
8/24/2022 14:15,38800.75,39072.45,38797.45,39070.15
8/24/2022 15:15,39067.6,39117.7,39040.45,39087.25
8/25/2022 9:15,39190.05,39383.25,39168.9,39330.7
8/25/2022 10:15,39329,39385.45,39284.3,39336.4
8/25/2022 11:15,39336.5,39436.4,39184.15,39423.45
8/25/2022 12:15,39423.05,39471.05,39355.2,39423.2
8/25/2022 13:15,39422.05,39442.55,39361.6,39403.9
8/25/2022 14:15,39403.4,39417.4,38919.2,38931.15
8/25/2022 15:15,38929.35,38930.1,38807.25,38847.95
8/26/2022 9:15,39129.65,39336.05,39124.35,39213
8/26/2022 10:15,39210.95,39240.15,38954.9,38966.5
8/26/2022 11:15,38967.85,39223.65,38945.95,39189.45
8/26/2022 12:15,39189.95,39225.4,39020.1,39074.75
8/26/2022 13:15,39077.3,39150.15,38997.8,39058.85
8/26/2022 14:15,39060.2,39117.2,38849.3,38950.85
8/26/2022 15:15,38951.2,39168.2,38951.2,39036.6
8/29/2022 9:15,38111.6,38394.35,37944.25,38347.2
8/29/2022 10:15,38345.95,38372.1,38161.45,38175.25
8/29/2022 11:15,38172.65,38302.7,38160.6,38273.05
8/29/2022 12:15,38273.2,38379.2,38215.8,38259.4
8/29/2022 13:15,38258.55,38361.85,38250.6,38332.75
8/29/2022 14:15,38332.35,38348.2,38211.1,38249.65
8/29/2022 15:15,38252.85,38358.25,38249.9,38346.85
8/30/2022 9:15,38516.95,38787.75,38489.35,38766.05
8/30/2022 10:15,38766.25,38914.7,38719.8,38910.15
8/30/2022 11:15,38909.7,38957.45,38842.1,38952.35
8/30/2022 12:15,38951.75,39196,38932.65,39154.15
8/30/2022 13:15,39153.55,39325.5,39134.55,39262.75
8/30/2022 14:15,39263.35,39603.95,39260.55,39529.7
8/30/2022 15:15,39529.25,39597.9,39506.6,39520.35
9/1/2022 9:15,38806.7,39628.85,38806.7,39591.95
9/1/2022 10:15,39586.95,39666.55,39452.45,39554.3
9/1/2022 11:15,39548.25,39634.7,39330.25,39479.35
9/1/2022 12:15,39480.25,39487.35,39247.55,39292.75
9/1/2022 13:15,39292.75,39423.15,38981,39146.4
9/1/2022 14:15,39143.4,39388.3,39053.3,39330.4
9/1/2022 15:15,39326.5,39360.3,39278.85,39345.8
9/2/2022 9:15,39422.3,39594.4,39203.4,39260.3
9/2/2022 10:15,39260.1,39380.35,39214.5,39315.1
9/2/2022 11:15,39319.8,39365.25,39216.4,39346.3
9/2/2022 12:15,39344.05,39463.55,39344.05,39460.2
9/2/2022 13:15,39462.5,39559.25,39380.15,39548
9/2/2022 14:15,39548.45,39570.35,39316.4,39465.55
9/2/2022 15:15,39467.1,39514.15,39357.25,39375
9/5/2022 9:15,39412.05,39811.5,39412.05,39788.15
9/5/2022 10:15,39785.3,39822.8,39706,39748.2
9/5/2022 11:15,39745.4,39807,39683.1,39797.35
9/5/2022 12:15,39795.25,39862,39774.75,39784.15
9/5/2022 13:15,39784.65,39853.65,39725.55,39825.9
9/5/2022 14:15,39821.4,39855.15,39767.8,39815.5
9/5/2022 15:15,39815.4,39820.2,39754.45,39754.45
9/6/2022 9:15,39892.95,40071,39741.35,39747.5
9/6/2022 10:15,39744.45,39803.05,39567.5,39800.75
9/6/2022 11:15,39799.25,39962.1,39754,39907.8
9/6/2022 12:15,39907.3,39988,39847,39878.6
9/6/2022 13:15,39878.7,39929.3,39758.2,39834.9
9/6/2022 14:15,39836.05,39854.4,39617.4,39666.6
9/6/2022 15:15,39667.75,39689.85,39624.65,39673.3
9/7/2022 9:15,39337.75,39493.35,39272.95,39447.45
9/7/2022 10:15,39444.3,39462.15,39330.25,39338.25
9/7/2022 11:15,39339.45,39536.05,39323.65,39506.05
9/7/2022 12:15,39506.9,39559.15,39448.5,39500.6
9/7/2022 13:15,39500.35,39570.6,39470.3,39493.95
9/7/2022 14:15,39493.8,39549.55,39384.05,39437.15
9/7/2022 15:15,39432.8,39508.2,39425.9,39457.65
9/8/2022 9:15,39763.9,39956.35,39707.35,39932.1
9/8/2022 10:15,39933.1,39987.45,39870,39925.6
9/8/2022 11:15,39925.9,40050.5,39878,40028.55
9/8/2022 12:15,40029.1,40111.9,39946.75,40013.1
9/8/2022 13:15,40011.45,40148.6,40009.4,40119.2
9/8/2022 14:15,40120.8,40265.3,40108.7,40192.7
9/8/2022 15:15,40191.8,40248.6,40184.55,40242.1
9/9/2022 9:15,40520.75,40603.5,40453.8,40567.1
9/9/2022 10:15,40556.9,40683.75,40539.15,40553.95
9/9/2022 11:15,40555.65,40600.7,40466.6,40471.8
9/9/2022 12:15,40471.05,40512.3,40368.05,40371
9/9/2022 13:15,40374.1,40452.95,40281,40405.8
9/9/2022 14:15,40403.5,40472.35,40343.9,40443.7
9/9/2022 15:15,40448.2,40449.7,40359.05,40385
9/12/2022 9:15,40540.45,40641.4,40378.5,40641.4
9/12/2022 10:15,40640.9,40652.15,40546.2,40559.55
9/12/2022 11:15,40559.1,40672.6,40559.1,40629.75
9/12/2022 12:15,40632.3,40684.9,40584.05,40613.55
9/12/2022 13:15,40613.55,40649,40552.15,40636.65
9/12/2022 14:15,40637.6,40639.4,40544.35,40576.7
9/12/2022 15:15,40579.45,40584.15,40533.1,40561.5
9/13/2022 9:15,40802.1,40829.95,40717.05,40809.3
9/13/2022 10:15,40809.8,40822.35,40720.3,40750.15
9/13/2022 11:15,40751,40785.15,40694.8,40779.4
9/13/2022 12:15,40778,40800.35,40729.55,40777.2
9/13/2022 13:15,40775.2,40866.65,40751.85,40844.95
9/13/2022 14:15,40844.2,40903.55,40776.6,40842.8
9/13/2022 15:15,40841.5,40892.3,40834.25,40864.95
9/14/2022 9:15,40308.8,40833.55,40306.35,40784.6
9/14/2022 10:15,40788.8,41048.05,40778.95,40993.3
9/14/2022 11:15,40993.65,41251.45,40956.2,41196.7
9/14/2022 12:15,41191.9,41433.8,41183.55,41403.1
9/14/2022 13:15,41401.6,41530.9,41278.95,41529.3
9/14/2022 14:15,41526.95,41625.35,41321.65,41327
9/14/2022 15:15,41324.65,41394.4,41304.65,41373.65
9/15/2022 9:15,41533.7,41834.55,41356.35,41465.1
9/15/2022 10:15,41467.75,41565.9,41171.85,41216.5
9/15/2022 11:15,41216.65,41393.1,41156.65,41227.65
9/15/2022 12:15,41224.55,41480.05,41209.8,41396.75
9/15/2022 13:15,41396.85,41445.8,41209.05,41363.65
9/15/2022 14:15,41366.3,41521.15,41168.7,41203.5
9/15/2022 15:15,41200.35,41227.9,41167,41208.45
9/16/2022 9:15,40977.2,41157.7,40823.3,40869
9/16/2022 10:15,40866.6,41091.9,40823.25,41050.45
9/16/2022 11:15,41048.15,41136.4,40998.65,41028.35
9/16/2022 12:15,41029.4,41124,40859.8,40863.3
9/16/2022 13:15,40864.4,40888.25,40560.1,40597.4
9/16/2022 14:15,40593.15,40872.05,40502.5,40827.45
9/16/2022 15:15,40827.9,40858.75,40758,40825.15
9/19/2022 9:15,40685.6,41151.35,40517.8,41093.15
9/19/2022 10:15,41093.6,41182.65,41025.45,41136.1
9/19/2022 11:15,41131.4,41160.9,40985,41064.85
9/19/2022 12:15,41066,41111.1,40955.6,40978.65
9/19/2022 13:15,40982.45,41039.95,40895.45,40937.45
9/19/2022 14:15,40935.15,41000.4,40729.6,40947.55
9/19/2022 15:15,40948.35,40982.45,40923.35,40966.05
9/20/2022 9:15,41304.15,41565.15,41237.75,41540.05
9/20/2022 10:15,41539,41571.1,41443.7,41495.7
9/20/2022 11:15,41493.5,41551.1,41452.9,41538.95
9/20/2022 12:15,41538,41676.75,41515.45,41654.1
9/20/2022 13:15,41654.75,41655.55,41531.2,41599.55
9/20/2022 14:15,41601.2,41641.9,41432.95,41444.5
9/20/2022 15:15,41441.6,41497.35,41399.25,41414.7
9/21/2022 9:15,41282.6,41499.35,41164.05,41263.8
9/21/2022 10:15,41258.55,41413,41232.15,41321.3
9/21/2022 11:15,41320.6,41356.6,40952.85,40998.1
9/21/2022 12:15,40999.6,41156.85,40889.45,41056.65
9/21/2022 13:15,41062.3,41330.9,41051.9,41295.55
9/21/2022 14:15,41299,41319.6,41165.75,41206.4
9/21/2022 15:15,41205.1,41231.15,41161.95,41197.6
9/22/2022 9:15,40889.05,41157.75,40802.6,40881.8
9/22/2022 10:15,40885.85,40885.85,40685.6,40754.8
9/22/2022 11:15,40757.05,40759.1,40512.3,40537.65
9/22/2022 12:15,40537.05,40598.85,40361.05,40571.4
9/22/2022 13:15,40568.45,40930.2,40564.9,40852.15
9/22/2022 14:15,40854.15,40914.05,40566.65,40604.5
9/22/2022 15:15,40603.65,40656.2,40573.3,40637.3
9/23/2022 9:15,40429.35,40528.3,39761.75,39761.75
9/23/2022 10:15,39764.15,39887.35,39668.3,39768.65
9/23/2022 11:15,39764.2,39842.65,39663.85,39692.6
9/23/2022 12:15,39691.25,39711.35,39528.8,39589.55
9/23/2022 13:15,39593.45,39679.65,39448.8,39529.4
9/23/2022 14:15,39532.65,39589.35,39413.6,39543.55
9/23/2022 15:15,39540.55,39640.55,39508.25,39555.35
9/26/2022 9:15,39027.85,39215.65,38647.1,38703.9
9/26/2022 10:15,38704.3,38764.15,38493.4,38537.5
9/26/2022 11:15,38541.65,38813.85,38521.55,38783.3
9/26/2022 12:15,38783,38989.45,38656.2,38955.25
9/26/2022 13:15,38951.05,38977.3,38621.5,38656.2
9/26/2022 14:15,38656.2,38872.15,38531.7,38627.8
9/26/2022 15:15,38622.4,38676.35,38601.85,38661.45
9/27/2022 9:15,38811.7,39048.6,38696.3,38712.15
9/27/2022 10:15,38707.95,38851.55,38391.15,38394.65
9/27/2022 11:15,38393.15,38708.85,38389.7,38645.8
9/27/2022 12:15,38646.25,38665.95,38437.8,38611.15
9/27/2022 13:15,38612.25,38703.05,38514.55,38525.15
9/27/2022 14:15,38520.25,38580.65,38185.3,38328.85
9/27/2022 15:15,38331.55,38526.3,38331.55,38526.3
9/28/2022 9:15,38081.25,38257.6,37831.75,38196.3
9/28/2022 10:15,38196.2,38252.3,37897.45,38067.35
9/28/2022 11:15,38070.15,38367.6,38037.8,38301.35
9/28/2022 12:15,38304.05,38322,38141.9,38187.75
9/28/2022 13:15,38186.95,38289.4,38021.65,38076.55
9/28/2022 14:15,38073.75,38149.55,37770.2,37795.65
9/28/2022 15:15,37790.2,37793.7,37630.55,37676.8
9/29/2022 9:15,38092.85,38283.1,37930.45,38053.9
9/29/2022 10:15,38057.3,38101.85,37907.65,37925.75
9/29/2022 11:15,37925.15,37940.3,37692.65,37773.8
9/29/2022 12:15,37773.85,37850.2,37549.1,37614.6
9/29/2022 13:15,37612,37726.05,37537.1,37641.9
9/29/2022 14:15,37640.05,37845.5,37542.65,37711.8
9/29/2022 15:15,37714.75,37723.4,37641.05,37695.3
9/30/2022 9:15,37660,37838.35,37391.3,37829.7
9/30/2022 10:15,37822.85,38376.35,37822.85,38328.55
9/30/2022 11:15,38330.2,38469.95,38283.6,38405.35
9/30/2022 12:15,38406.35,38702.55,38406.25,38579.8
9/30/2022 13:15,38579.65,38786.05,38579.65,38748.1
9/30/2022 14:15,38749.5,38808.9,38534.95,38584.6
9/30/2022 15:15,38587.45,38778.85,38583.75,38702.75
10/3/2022 9:15,38444.9,38636.95,38192,38237.4
10/3/2022 10:15,38238.1,38280,38160.95,38249.5
10/3/2022 11:15,38249.85,38385.75,38204.45,38211
10/3/2022 12:15,38211.15,38293.3,38118.15,38237.1
10/3/2022 13:15,38239.4,38332.95,38161.35,38192.6
10/3/2022 14:15,38194.6,38248.05,37963.4,38049.65
10/3/2022 15:15,38052.6,38067.05,37967.95,37974.9
10/4/2022 9:15,38700.4,39108.95,38633.85,39015.95
10/4/2022 10:15,39019.7,39046.6,38877.15,38968.95
10/4/2022 11:15,38966.55,39057.25,38914.85,39032.35
10/4/2022 12:15,39029.9,39177.3,39014.65,39075.05
10/4/2022 13:15,39070.85,39116.25,38962.35,39039.9
10/4/2022 14:15,39039.1,39147.55,38965.45,39113.9
10/4/2022 15:15,39113.95,39145.95,39091.15,39121.85
10/6/2022 9:15,39343.7,39521.75,39236.95,39440.5
10/6/2022 10:15,39440.45,39503.15,39391.4,39428.4
10/6/2022 11:15,39424.9,39445,39369.75,39442.35
10/6/2022 12:15,39443.55,39605.85,39405.35,39561.15
10/6/2022 13:15,39560.1,39580.25,39383.2,39395.75
10/6/2022 14:15,39393.7,39404.5,39244.15,39285.55
10/6/2022 15:15,39296.4,39298.25,39238.25,39239.25
10/7/2022 9:15,39093.5,39124.75,38828.2,38977.6
10/7/2022 10:15,38976.6,38983.8,38871.7,38941.9
10/7/2022 11:15,38950,38978.55,38808.45,38836.5
10/7/2022 12:15,38836.1,38957.25,38828.75,38874.3
10/7/2022 13:15,38874.5,38992.55,38827.15,38951.55
10/7/2022 14:15,38951.6,39234.7,38930.85,39147.6
10/7/2022 15:15,39147.5,39213.75,39146.6,39199.4
10/10/2022 9:15,38641.55,38812.45,38520.9,38664.45
10/10/2022 10:15,38666,38869.05,38651.3,38858.05
10/10/2022 11:15,38857.75,39182.65,38838.35,39179.15
10/10/2022 12:15,39176.8,39315.65,39085.25,39156.15
10/10/2022 13:15,39158.85,39193.4,38845.9,38888.05
10/10/2022 14:15,38886.65,39159.35,38872.75,39132.65
10/10/2022 15:15,39137.1,39148.25,39077.65,39113.7
10/11/2022 9:15,39058.85,39058.85,38812.75,38978.4
10/11/2022 10:15,38975.2,39055.65,38896.65,38902.2
10/11/2022 11:15,38898.75,39173.05,38875.3,39121.35
10/11/2022 12:15,39121.95,39144.4,38886.5,38936.75
10/11/2022 13:15,38931.95,39025,38889.05,39022.5
10/11/2022 14:15,39019.45,39041.45,38684.55,38686.2
10/11/2022 15:15,38686.5,38686.75,38624.65,38646.45
10/12/2022 9:15,38784.2,38931.85,38609.25,38782.9
10/12/2022 10:15,38782.15,38903.5,38676.4,38746.95
10/12/2022 11:15,38746.6,38907.55,38746.6,38901.6
10/12/2022 12:15,38902.15,38932.3,38782.7,38819.25
10/12/2022 13:15,38821.15,39043.55,38808.95,39014.6
10/12/2022 14:15,39022.6,39147.15,38970.15,39129.15
10/12/2022 15:15,39127.4,39153.35,39112.2,39128.6
10/13/2022 9:15,38957.65,39058.05,38768.9,38773.95
10/13/2022 10:15,38774.95,38821,38606,38606
10/13/2022 11:15,38605.35,38632.1,38439.35,38544.5
10/13/2022 12:15,38545.3,38701.2,38482.4,38669.35
10/13/2022 13:15,38668.35,38718.85,38512.25,38664.95
10/13/2022 14:15,38666.3,38854.05,38546.55,38620.1
10/13/2022 15:15,38614.25,38685.1,38594.6,38658.1
10/14/2022 9:15,39446.05,39525.05,39323.2,39355.8
10/14/2022 10:15,39356.55,39409.2,39199.95,39367.85
10/14/2022 11:15,39370.1,39506.7,39340.55,39489.35
10/14/2022 12:15,39492.8,39523.05,39354.2,39400.8
10/14/2022 13:15,39397.95,39569.8,39361.25,39477.45
10/14/2022 14:15,39478.65,39497.7,39239.65,39274.85
10/14/2022 15:15,39266.7,39381.65,39256.5,39370.65
10/17/2022 9:15,39295.6,39636,39148.2,39636
10/17/2022 10:15,39636.95,39829.4,39632.05,39728
10/17/2022 11:15,39732.4,39745.85,39605.7,39721.25
10/17/2022 12:15,39721.5,39803.65,39671.9,39785.6
10/17/2022 13:15,39782.65,39883.9,39711.25,39767
10/17/2022 14:15,39765.9,39927.6,39746.65,39903.65
10/17/2022 15:15,39906.25,39971.5,39887.55,39959.45
10/18/2022 9:15,40252.05,40344.25,40141.5,40269.35
10/18/2022 10:15,40270.9,40361.75,40223.9,40275.8
10/18/2022 11:15,40272.2,40360.65,40199.45,40343.2
10/18/2022 12:15,40342.55,40432.7,40292.25,40377.75
10/18/2022 13:15,40379.1,40429.8,40305.3,40326.3
10/18/2022 14:15,40326.7,40387.8,40218.8,40303.5
10/18/2022 15:15,40304.1,40336.85,40290.3,40303.95
10/19/2022 9:15,40556.65,40621.55,40450.5,40557.4
10/19/2022 10:15,40556.85,40607.15,40467.45,40508.25
10/19/2022 11:15,40506.15,40528.45,40341.35,40361.35
10/19/2022 12:15,40362.25,40411.25,40196.4,40274.15
10/19/2022 13:15,40275.4,40486.35,40265.05,40482.45
10/19/2022 14:15,40484.25,40534.2,40242.05,40359.6
10/19/2022 15:15,40361.45,40424.75,40337.35,40379.95
10/20/2022 9:15,40149.5,40194,39899.45,40043.95
10/20/2022 10:15,40041.6,40086.3,39857.85,39898.35
10/20/2022 11:15,39901.7,39990.7,39871.5,39895
10/20/2022 12:15,39893.25,40037.25,39890.95,39968.85
10/20/2022 13:15,39968.15,39988.75,39879.2,39983.75
10/20/2022 14:15,39984.65,40115.75,39965.3,40115
10/20/2022 15:15,40114.4,40168.25,40105.5,40116
10/21/2022 9:15,40370.75,40742.45,40370.4,40726.75
10/21/2022 10:15,40726.05,40753.9,40653.45,40730.3
10/21/2022 11:15,40729.05,40888.75,40702.65,40854.1
10/21/2022 12:15,40856.15,41031.5,40812.2,40993.6
10/21/2022 13:15,40993.95,41010.25,40668.2,40745.15
10/21/2022 14:15,40746.95,40822.9,40610.85,40743.3
10/21/2022 15:15,40744.85,40897.65,40739.1,40881.6
10/24/2022 18:15,41348.35,41420.4,41216.6,41367.3
10/25/2022 9:15,41513.65,41513.65,41124.75,41329.1
10/25/2022 10:15,41329.85,41335.35,41108.55,41123.05
10/25/2022 11:15,41120.8,41238.95,41115.6,41214.7
10/25/2022 12:15,41215,41237.25,41131.75,41148.2
10/25/2022 13:15,41144.95,41364.8,41144.75,41335.65
10/25/2022 14:15,41333.1,41398.25,41090.65,41090.95
10/25/2022 15:15,41096.25,41126.9,41022.2,41045.5
10/27/2022 9:15,41440.7,41511.15,41308.5,41366.15
10/27/2022 10:15,41363.25,41417.7,41291.25,41345.15
10/27/2022 11:15,41340.5,41358.55,41276.1,41299.2
10/27/2022 12:15,41301.15,41328.2,41217.95,41277.35
10/27/2022 13:15,41277.45,41365.9,41267.7,41323.55
10/27/2022 14:15,41324.75,41337.35,41180.2,41279.45
10/27/2022 15:15,41278.3,41365.65,41273.6,41335.4
10/28/2022 9:15,41236.8,41482.15,41200.85,41324.2
10/28/2022 10:15,41326.15,41338.05,41104.85,41170.9
10/28/2022 11:15,41169.6,41171.15,40925.15,41048.25
10/28/2022 12:15,41049.8,41061.35,40889.25,40938.4
10/28/2022 13:15,40935.65,40982.8,40840.25,40874.7
10/28/2022 14:15,40875.35,41022.5,40867,41015.2
10/28/2022 15:15,41016.5,41043.4,40982.05,41034.55
10/31/2022 9:15,41265.7,41351.3,41106.6,41183.95
10/31/2022 10:15,41185.1,41231.75,41119.9,41198.15
10/31/2022 11:15,41197.65,41298.55,41181.85,41269.5
10/31/2022 12:15,41269.5,41330.2,41217.55,41284
10/31/2022 13:15,41282.1,41346.45,41222,41239.55
10/31/2022 14:15,41236.55,41340.9,41216.5,41319.45
10/31/2022 15:15,41320.4,41325,41284.8,41314.9
11/1/2022 9:15,41552.4,41674.1,41394.65,41632.7
11/1/2022 10:15,41633.25,41673.9,41552.4,41645.3
11/1/2022 11:15,41647.3,41650.25,41478.65,41484.6
11/1/2022 12:15,41481.6,41498.45,41220.8,41247.1
11/1/2022 13:15,41247.4,41398.95,41230.5,41325.75
11/1/2022 14:15,41324.65,41378.1,41196.8,41292.1
11/1/2022 15:15,41293.15,41332.85,41254.65,41268.6
11/2/2022 9:15,41472.6,41472.6,41235.25,41426.75
11/2/2022 10:15,41425.05,41445.7,41254.45,41318.7
11/2/2022 11:15,41320.1,41348.3,41265.95,41278.25
11/2/2022 12:15,41278.55,41297.3,41119.8,41178.5
11/2/2022 13:15,41180.55,41223.9,41063.15,41071.85
11/2/2022 14:15,41072.75,41175.45,41071.7,41140.5
11/2/2022 15:15,41137.95,41169.35,41094,41107.75
11/3/2022 9:15,40873.7,41384.05,40848.8,41384.05
11/3/2022 10:15,41384.4,41424.3,41302.2,41401.15
11/3/2022 11:15,41401.85,41475.15,41274.15,41304.5
11/3/2022 12:15,41307.1,41358.65,41236.3,41351.35
11/3/2022 13:15,41351.7,41433.95,41295.7,41337.35
11/3/2022 14:15,41336.7,41367.1,41250.05,41271.5
11/3/2022 15:15,41268.8,41307.65,41257.65,41304.65
11/4/2022 9:15,41314.85,41514.85,41174.7,41180.6
11/4/2022 10:15,41178.45,41206.45,41088.75,41167.05
11/4/2022 11:15,41165.25,41205.35,41128.5,41158.1
11/4/2022 12:15,41160.1,41211.45,41102.35,41180.5
11/4/2022 13:15,41181.15,41222.35,41052.75,41121.65
11/4/2022 14:15,41120.1,41280.75,41088.05,41273.35
11/4/2022 15:15,41272.75,41311.9,41250.95,41297.15
11/7/2022 9:15,41740.65,41774.5,41579.6,41599.3
11/7/2022 10:15,41598.3,41626.7,41442.5,41474.7
11/7/2022 11:15,41476.8,41499.65,41416.4,41476.95
11/7/2022 12:15,41473.9,41516.85,41419.7,41495.15
11/7/2022 13:15,41494.4,41517.55,41338.5,41453.95
11/7/2022 14:15,41454.3,41685.5,41440.4,41678.95
11/7/2022 15:15,41677.2,41758.7,41677.2,41721.6
11/9/2022 9:15,41914.85,41914.85,41715.75,41783.8
11/9/2022 10:15,41781.55,41851.25,41762.8,41798.25
11/9/2022 11:15,41798.6,41836.2,41691.3,41710.6
11/9/2022 12:15,41709.5,41817.1,41707.75,41805.25
11/9/2022 13:15,41805.25,41924.35,41772.2,41924.35
11/9/2022 14:15,41925.25,41948.8,41707.4,41826.6
11/9/2022 15:15,41828.3,41831.25,41668.8,41690.65
11/10/2022 9:15,41462.85,41634.9,41462.85,41533.45
11/10/2022 10:15,41538.25,41565.3,41422.3,41448.65
11/10/2022 11:15,41447.35,41515.75,41363.4,41374.9
11/10/2022 12:15,41374.8,41388.65,41319.45,41385
11/10/2022 13:15,41386.25,41499.2,41362.95,41483.45
11/10/2022 14:15,41482.3,41626.25,41394.95,41603.1
11/10/2022 15:15,41603,41629.5,41589.6,41593.6
11/11/2022 9:15,42163.4,42220.85,41990,42052.55
11/11/2022 10:15,42044.9,42145.3,41919.1,42081.05
11/11/2022 11:15,42091.05,42249.55,42075.4,42200.85
11/11/2022 12:15,42196.95,42345.15,42122.45,42202.05
11/11/2022 13:15,42200.15,42251.55,42073.2,42160.1
11/11/2022 14:15,42153.85,42243.45,42117.25,42138.6
11/11/2022 15:15,42137.45,42156.85,42091.95,42149.7
11/14/2022 9:15,42177.55,42196,41995.25,42023.2
11/14/2022 10:15,42020.9,42100.3,41975.25,42033.8
11/14/2022 11:15,42033.8,42054.5,41966.2,42000.05
11/14/2022 12:15,42001.15,42094.1,41997.3,42063.9
11/14/2022 13:15,42065.35,42225.85,42065.25,42223.55
11/14/2022 14:15,42221.45,42230.15,42064.7,42075.55
11/14/2022 15:15,42077.5,42098.65,42051.25,42072.7
11/15/2022 9:15,42234.85,42285.35,42114.5,42218.65
11/15/2022 10:15,42216.35,42241.25,42133.45,42146.7
11/15/2022 11:15,42147.35,42172.75,42099.6,42103.7
11/15/2022 12:15,42105.05,42257.2,42080.8,42203
11/15/2022 13:15,42202.35,42244.95,42140.45,42172.3
11/15/2022 14:15,42172.4,42375.7,42151.15,42358.85
11/15/2022 15:15,42362.35,42444.05,42357.9,42430.25
11/16/2022 9:15,42371.8,42508.75,42297.7,42500.2
11/16/2022 10:15,42502.15,42556.7,42471.35,42497.55
11/16/2022 11:15,42497.1,42557.05,42422.6,42454.35
11/16/2022 12:15,42454.35,42551.05,42442.05,42523.45
11/16/2022 13:15,42524.15,42599.1,42478.35,42523.3
11/16/2022 14:15,42523.45,42605.5,42398.5,42528.65
11/16/2022 15:15,42531.55,42539.2,42486.35,42498.95
11/17/2022 9:15,42399.65,42551.5,42371.2,42455.05
11/17/2022 10:15,42457.95,42487.2,42427.55,42436.25
11/17/2022 11:15,42439.9,42478.1,42389,42442.4
11/17/2022 12:15,42442.65,42535.6,42427.05,42518.95
11/17/2022 13:15,42519.2,42567.25,42493.6,42561.25
11/17/2022 14:15,42561.2,42621.5,42416.95,42427
11/17/2022 15:15,42428,42462.7,42394.05,42426
11/18/2022 9:15,42545.75,42588.75,42424.75,42438.8
11/18/2022 10:15,42439.85,42490.95,42262.05,42269
11/18/2022 11:15,42271.45,42384.95,42259.9,42340.75
11/18/2022 12:15,42340.35,42366.8,42283.1,42321.7
11/18/2022 13:15,42320.65,42361.95,42224.6,42245.85
11/18/2022 14:15,42251.85,42476.05,42231.35,42448.05
11/18/2022 15:15,42453.75,42455.9,42400.65,42422.65
11/21/2022 9:15,42286.95,42369.15,42202.85,42298
11/21/2022 10:15,42302.8,42355.05,42249.1,42332.85
11/21/2022 11:15,42330.1,42354.3,42254.15,42261.85
11/21/2022 12:15,42263.15,42311.05,42237.6,42259.45
11/21/2022 13:15,42259.75,42328.8,42213.55,42295.25
11/21/2022 14:15,42296.35,42363.55,42236.2,42351.5
11/21/2022 15:15,42352.9,42383.65,42326.65,42360.9
11/22/2022 9:15,42467.4,42467.4,42357.1,42384.65
11/22/2022 10:15,42381.95,42408.75,42348.15,42376.75
11/22/2022 11:15,42369.9,42432.95,42356.95,42423.65
11/22/2022 12:15,42424.55,42450.3,42394.75,42410.05
11/22/2022 13:15,42408.35,42452.3,42404.9,42411.45
11/22/2022 14:15,42411.75,42465.45,42376.3,42461.85
11/22/2022 15:15,42461.15,42505.65,42446.9,42475
11/23/2022 9:15,42668.55,42691.25,42566.7,42668.5
11/23/2022 10:15,42668.6,42695.55,42640.75,42673.45
11/23/2022 11:15,42674.75,42682.8,42642.05,42662.85
11/23/2022 12:15,42660.15,42702.95,42635.05,42681.25
11/23/2022 13:15,42682.3,42771.15,42669.5,42770.05
11/23/2022 14:15,42768.25,42860.5,42710.3,42733.3
11/23/2022 15:15,42732.9,42734.3,42675.5,42675.8
11/24/2022 9:15,42838.35,42962.65,42785.9,42910.85
11/24/2022 10:15,42913.3,42989.65,42897.75,42976.4
11/24/2022 11:15,42975.6,42990.25,42925.8,42986.1
11/24/2022 12:15,42988.6,43009.45,42900.35,42916
11/24/2022 13:15,42916.8,42963.95,42873.55,42956.35
11/24/2022 14:15,42958.75,43069.05,42902.2,43063
11/24/2022 15:15,43063.55,43158.55,43062.35,43102.15
11/25/2022 9:15,43192.45,43338.3,43095.05,43135.5
11/25/2022 10:15,43141.3,43228.05,43034.95,43040.35
11/25/2022 11:15,43037.2,43084.15,42932.5,42968.75
11/25/2022 12:15,42967.9,43041.2,42929.05,42965.65
11/25/2022 13:15,42964.85,43056.9,42935.2,42959.1
11/25/2022 14:15,42958.95,43047.3,42867,43001.55
11/25/2022 15:15,43004.85,43016.75,42932.45,42961.35
11/28/2022 9:15,42757.2,42950.8,42757.2,42897
11/28/2022 10:15,42895.7,42953.75,42872.75,42901.2
11/28/2022 11:15,42902.2,43095.55,42883.4,43092.3
11/28/2022 12:15,43092.95,43157.8,43066.05,43116.55
11/28/2022 13:15,43114.1,43130.7,43001.05,43025.9
11/28/2022 14:15,43025.55,43134,42999,43016.1
11/28/2022 15:15,43016.45,43037.3,42961.75,42983.2
11/29/2022 9:15,42959.4,43241.6,42959.4,43228.55
11/29/2022 10:15,43229.25,43278.2,43208.8,43256.4
11/29/2022 11:15,43253.05,43269.8,43124.75,43191.25
11/29/2022 12:15,43194.2,43194.2,43113.55,43160.85
11/29/2022 13:15,43163.25,43210.95,43150,43162.65
11/29/2022 14:15,43162.1,43191.4,43041.4,43055.6
11/29/2022 15:15,43060.65,43074.6,43012.05,43045.3
11/30/2022 9:15,43122.75,43249.85,43078.85,43107.55
11/30/2022 10:15,43105.85,43105.85,42924.95,42960.95
11/30/2022 11:15,42956.45,42984.45,42881.65,42931.05
11/30/2022 12:15,42929.05,42998.95,42888.45,42998
11/30/2022 13:15,42996.15,43022.1,42922.75,43022.1
11/30/2022 14:15,43019.95,43275.15,42995.5,43275
11/30/2022 15:15,43276.6,43330.15,43214.5,43245.2
12/1/2022 9:15,43512.1,43512.1,43360.15,43376.65
12/1/2022 10:15,43377.15,43416.85,43331.85,43377.15
12/1/2022 11:15,43380.85,43387.05,43336.3,43356.4
12/1/2022 12:15,43355.1,43408.2,43348.2,43387.15
12/1/2022 13:15,43383.35,43408.9,43103.35,43299.25
12/1/2022 14:15,43300.45,43361.95,43207.55,43250.2
12/1/2022 15:15,43250.95,43273.4,43192,43219.75
12/2/2022 9:15,42976.7,43126.2,42976.7,43046.75
12/2/2022 10:15,43046.05,43071.65,43012.4,43047.65
12/2/2022 11:15,43048.65,43091.95,42938.05,42968.5
12/2/2022 12:15,42963.55,43059,42941.95,43048.3
12/2/2022 13:15,43047.85,43083.7,42990.3,43004.4
12/2/2022 14:15,43003.95,43120.05,43001.45,43098.75
12/2/2022 15:15,43098.65,43131.85,43080,43098.6
12/5/2022 9:15,43269.35,43269.35,42986.05,43022.5
12/5/2022 10:15,43022.75,43178.7,43022.75,43173.4
12/5/2022 11:15,43174.1,43211.9,43143.55,43205.65
12/5/2022 12:15,43207.05,43293.9,43181.9,43244.4
12/5/2022 13:15,43241.6,43268.05,43159.05,43225.6
12/5/2022 14:15,43222.95,43371.65,43205.2,43348.35
12/5/2022 15:15,43346.3,43353.9,43289.45,43321.3
12/6/2022 9:15,43093.9,43306.85,43093.9,43261.35
12/6/2022 10:15,43260.35,43286.85,43127.55,43152.95
12/6/2022 11:15,43157.7,43208.2,43140.2,43154.15
12/6/2022 12:15,43154,43201.25,43111.75,43156
12/6/2022 13:15,43156.7,43209.4,43079.4,43130
12/6/2022 14:15,43130.35,43181.25,43088,43152.05
12/6/2022 15:15,43152.25,43157.7,43116.1,43143.15
12/7/2022 9:15,43157.35,43322.6,43143.75,43291.25
12/7/2022 10:15,43299.85,43318.2,42949.95,43019.9
12/7/2022 11:15,43017.45,43126.7,42971.9,43119.1
12/7/2022 12:15,43119.3,43147.25,43063.25,43085
12/7/2022 13:15,43088.1,43180.6,43020.7,43033.95
12/7/2022 14:15,43036.25,43172.8,43027.35,43101.3
12/7/2022 15:15,43102.4,43120.05,43073.95,43108.8
12/8/2022 9:15,43142.25,43392.1,43095.9,43378.9
12/8/2022 10:15,43377.65,43402.05,43319.3,43390.55
12/8/2022 11:15,43393.05,43458.5,43368.65,43403.9
12/8/2022 12:15,43403.95,43434.85,43332.1,43409.9
12/8/2022 13:15,43408.5,43512.35,43394.05,43506.95
12/8/2022 14:15,43511.1,43612.9,43510.1,43592.45
12/8/2022 15:15,43592.55,43634,43586.75,43629.4
12/9/2022 9:15,43765.3,43852.2,43651.7,43805.7
12/9/2022 10:15,43806.1,43819,43673.35,43705
12/9/2022 11:15,43706.85,43778,43679.95,43742.95
12/9/2022 12:15,43743.8,43753.6,43516.3,43571.1
12/9/2022 13:15,43566,43618.05,43460.8,43501.55
12/9/2022 14:15,43502.15,43666.45,43365.55,43662.3
12/9/2022 15:15,43663.05,43704.35,43607.95,43627.5
12/12/2022 9:15,43455.85,43762.75,43380.35,43688.65
12/12/2022 10:15,43690.05,43762.2,43645.25,43724.6
12/12/2022 11:15,43726.25,43748.45,43634.75,43720.35
12/12/2022 12:15,43720.1,43750.4,43679.9,43714.45
12/12/2022 13:15,43718.55,43718.6,43581.75,43684.8
12/12/2022 14:15,43685.4,43733.6,43598.45,43713.65
12/12/2022 15:15,43711.85,43748.25,43665.8,43675.1
12/13/2022 9:15,43793.7,43900.9,43774.2,43867.15
12/13/2022 10:15,43870.8,43951.95,43865.85,43922.55
12/13/2022 11:15,43923.85,43980.55,43918.55,43970.25
12/13/2022 12:15,43970,43970,43874.75,43914.85
12/13/2022 13:15,43914.8,43939.45,43860.25,43867.45
12/13/2022 14:15,43866.3,43959.8,43853.65,43941.6
12/13/2022 15:15,43939.25,43973.75,43906.35,43921.85
12/14/2022 9:15,44078.6,44099.15,43988.25,44029
12/14/2022 10:15,44028.9,44103.75,44017.65,44096.15
12/14/2022 11:15,44095.4,44142,44084.45,44134.2
12/14/2022 12:15,44136.75,44151.5,44070.85,44105.55
12/14/2022 13:15,44105.05,44114.35,44042.15,44060.1
12/14/2022 14:15,44063,44103.75,44000.3,44050.05
12/14/2022 15:15,44048.7,44072.4,43995.05,44014.5
12/15/2022 9:15,43940.1,44120.1,43934.6,44032.85
12/15/2022 10:15,44033.65,44090.5,44014.45,44058.95
12/15/2022 11:15,44058.4,44063.9,43875.65,43884.6
12/15/2022 12:15,43890.6,43914.9,43826.15,43827.3
12/15/2022 13:15,43826.85,43887.85,43804.8,43884.3
12/15/2022 14:15,43884.75,43893.25,43477,43478.3
12/15/2022 15:15,43478.1,43499.9,43380.65,43391.8
12/16/2022 9:15,43261.75,43597.6,43177.4,43189.25
12/16/2022 10:15,43188.55,43235.85,43081.15,43223.4
12/16/2022 11:15,43226.5,43288.15,43115.6,43211.95
12/16/2022 12:15,43209.95,43443.45,43204.85,43353.7
12/16/2022 13:15,43353.6,43398.55,43214.6,43314.2
12/16/2022 14:15,43311.3,43321.75,43103.55,43206
12/16/2022 15:15,43206.9,43283.65,43191.6,43216.6
12/19/2022 9:15,43346.35,43363.55,43112.3,43326.75
12/19/2022 10:15,43326.85,43415.7,43304.95,43358.15
12/19/2022 11:15,43360.8,43438.5,43328.75,43373
12/19/2022 12:15,43373.85,43409.25,43228.9,43246.6
12/19/2022 13:15,43244.65,43363.1,43228.5,43347.05
12/19/2022 14:15,43346.25,43447.9,43342.15,43427.4
12/19/2022 15:15,43427.25,43451.4,43385.75,43440.35
12/20/2022 9:15,43152.65,43349.95,43052,43135.75
12/20/2022 10:15,43133.05,43156.85,43053.45,43081.8
12/20/2022 11:15,43082.55,43101.95,42955.7,43079.45
12/20/2022 12:15,43081.35,43174.4,43059.75,43091.3
12/20/2022 13:15,43093.3,43155.05,43039.25,43122.3
12/20/2022 14:15,43117.95,43415.9,43116.2,43409.9
12/20/2022 15:15,43408.45,43422.65,43360.15,43407.8
12/21/2022 9:15,43525.75,43614.65,43400.3,43481.25
12/21/2022 10:15,43478,43493.1,43257.7,43315.65
12/21/2022 11:15,43312.85,43392.7,43202.45,43213
12/21/2022 12:15,43213.3,43213.75,43007,43101.7
12/21/2022 13:15,43099.75,43103.9,42370.1,42708.4
12/21/2022 14:15,42716.15,42941.35,42551.75,42610.15
12/21/2022 15:15,42609.15,42669.45,42568.15,42658.05
12/22/2022 9:15,42864,42922.4,42433.95,42435.75
12/22/2022 10:15,42445.75,42492.05,42350.3,42479.75
12/22/2022 11:15,42478.4,42573.1,42233.9,42241.35
12/22/2022 12:15,42238.95,42462.7,42235.5,42365.45
12/22/2022 13:15,42362.9,42619.2,42317.3,42602.85
12/22/2022 14:15,42602.6,42637.85,42348.4,42461.2
12/22/2022 15:15,42459.95,42461.05,42348.1,42360.55
12/23/2022 9:15,41951.35,42200.35,41866.65,41927.4
12/23/2022 10:15,41922.2,41997.1,41846,41976.8
12/23/2022 11:15,41976.5,41983.45,41785.4,41861.65
12/23/2022 12:15,41862.2,41932.15,41785.15,41873
12/23/2022 13:15,41875.9,41917.75,41726.55,41728.7
12/23/2022 14:15,41729.05,41844.8,41599.3,41707.55
12/23/2022 15:15,41710.55,41727.55,41650.15,41666.15
12/26/2022 9:15,41716.35,42194.6,41571.95,42143
12/26/2022 10:15,42143.95,42174.95,42073.35,42122.35
12/26/2022 11:15,42120.55,42345.9,42104.45,42331.65
12/26/2022 12:15,42331.75,42342.5,42228.9,42315.15
12/26/2022 13:15,42314.9,42474.75,42297.7,42474.1
12/26/2022 14:15,42476.4,42842.35,42448.75,42564.45
12/26/2022 15:15,42560,42647.2,42552.7,42631
12/27/2022 9:15,42827.75,42918.45,42398.1,42517.85
12/27/2022 10:15,42517.8,42663.85,42479.25,42576
12/27/2022 11:15,42568.55,42631.95,42506.6,42550.5
12/27/2022 12:15,42548.95,42598.55,42408.35,42512.55
12/27/2022 13:15,42515.35,42773.75,42493.5,42766.4
12/27/2022 14:15,42767.5,42855.3,42539.95,42852.1
12/27/2022 15:15,42847.95,42922.6,42844.8,42876.2
12/28/2022 9:15,42733.6,42963.4,42700.9,42944.5
12/28/2022 10:15,42947.4,43015.5,42769.95,43014.05
12/28/2022 11:15,43012,43017.9,42924.9,42986.5
12/28/2022 12:15,42986.55,43034.5,42847,42866.6
12/28/2022 13:15,42862.7,42975.65,42837.75,42953.5
12/28/2022 14:15,42950.75,42978.45,42816.65,42822.85
12/28/2022 15:15,42822.35,42835.5,42748.8,42779.2
12/29/2022 9:15,42684.9,42711.7,42494.35,42532.65
12/29/2022 10:15,42531.3,42637.6,42508.15,42570.55
12/29/2022 11:15,42571.05,42694.1,42547.3,42645.45
12/29/2022 12:15,42647,42775.5,42616.55,42773.7
12/29/2022 13:15,42774.8,42921.65,42710.7,42889.75
12/29/2022 14:15,42892.05,43297.5,42840.9,43277.7
12/29/2022 15:15,43287.4,43361.45,43266.25,43309.1
12/30/2022 9:15,43401.7,43422.05,43142.2,43173.1
12/30/2022 10:15,43171.7,43290.15,43151,43179.1
12/30/2022 11:15,43179.95,43184.65,43056.45,43120.55
12/30/2022 12:15,43118.3,43197.65,43049.6,43075.3
12/30/2022 13:15,43076,43158.25,42994.7,43138
12/30/2022 14:15,43134.6,43203.55,42836.05,42974.05
12/30/2022 15:15,42972.65,43094.95,42927.95,43038.5
1/2/2023 9:15,43038.25,43362.05,42965.2,43261.65
1/2/2023 10:15,43256.1,43373.8,43240.6,43305.85
1/2/2023 11:15,43307.4,43314.2,43214.35,43262.05
1/2/2023 12:15,43260.3,43275.05,43142,43223.15
1/2/2023 13:15,43224.95,43229.6,43084.7,43136.05
1/2/2023 14:15,43136.55,43245.55,43041,43199.45
1/2/2023 15:15,43196.8,43265.9,43190.55,43234.3
1/3/2023 9:15,43151.45,43449.7,43151.45,43442.3
1/3/2023 10:15,43443.75,43457.1,43353.3,43392.6
1/3/2023 11:15,43390.9,43409.75,43269.95,43274.95
1/3/2023 12:15,43275.2,43292.65,43187.5,43276.15
1/3/2023 13:15,43273.2,43452.5,43265.35,43367.65
1/3/2023 14:15,43367.8,43480.6,43348.5,43432.6
1/3/2023 15:15,43433.05,43477.15,43414,43448.35
1/4/2023 9:15,43417.5,43577.35,43181.65,43213.5
1/4/2023 10:15,43213.2,43297.65,43086.1,43114.95
1/4/2023 11:15,43114.85,43159.75,42908.4,42913.15
1/4/2023 12:15,42908.95,43079.15,42908.95,43067.7
1/4/2023 13:15,43066.9,43184.3,43000.4,43167.25
1/4/2023 14:15,43169.75,43186.65,42860.2,42976.15
1/4/2023 15:15,42973.5,42990.05,42912.6,42979.6
1/5/2023 9:15,43073.05,43130.75,42731.2,42853.9
1/5/2023 10:15,42862.45,42911.4,42730.95,42763.75
1/5/2023 11:15,42763.2,42779.35,42572.8,42623.4
1/5/2023 12:15,42631.45,42671.45,42529.45,42572.05
1/5/2023 13:15,42584.5,42587.25,42300.6,42383.85
1/5/2023 14:15,42386.5,42658.8,42381.75,42615.2
1/5/2023 15:15,42613.2,42641.5,42572.8,42615.95
1/6/2023 9:15,42649.7,42685.9,42293.1,42293.4
1/6/2023 10:15,42293.4,42365.4,42238.65,42320.8
1/6/2023 11:15,42319.75,42375.8,42258.15,42296.85
1/6/2023 12:15,42299.15,42313.05,42021.9,42038.4
1/6/2023 13:15,42042.95,42092.7,41918.85,41982.35
1/6/2023 14:15,41982.85,42260.8,41881.45,42229.4
1/6/2023 15:15,42228.7,42243,42153.1,42218
1/9/2023 9:15,42404.85,42543.85,42189.6,42501.7
1/9/2023 10:15,42503.45,42586.05,42478.5,42540.85
1/9/2023 11:15,42544.2,42711.15,42515.25,42681.2
1/9/2023 12:15,42684.95,42706,42562.6,42583.55
1/9/2023 13:15,42584.5,42594.9,42337.8,42458.2
1/9/2023 14:15,42457.4,42621.7,42409.1,42601.25
1/9/2023 15:15,42599.6,42632.7,42539.45,42563.5
1/10/2023 9:15,42642,42661.7,42148.05,42219.65
1/10/2023 10:15,42216.8,42272.85,42071.2,42094.15
1/10/2023 11:15,42092.7,42137.85,42028.05,42101.85
1/10/2023 12:15,42106.3,42174.45,41859.35,41925.8
1/10/2023 13:15,41928.7,42080.8,41899.75,42011.1
1/10/2023 14:15,42008.8,42058.15,41838.6,42043.9
1/10/2023 15:15,42043.05,42061.7,42020.7,42053.5
1/11/2023 9:15,42071.85,42252.4,41731,42252.4
1/11/2023 10:15,42252.15,42272.9,42004.65,42104.3
1/11/2023 11:15,42104.4,42312.95,42047.65,42233.6
1/11/2023 12:15,42235.4,42274.45,42135.3,42225.3
1/11/2023 13:15,42226.55,42266,42054,42100.75
1/11/2023 14:15,42100.45,42316.15,42079.1,42248.45
1/11/2023 15:15,42245.3,42262.75,42190.65,42190.65
1/12/2023 9:15,42238.5,42342.75,42064.5,42124.9
1/12/2023 10:15,42125.1,42125.1,41881.4,41918.8
1/12/2023 11:15,41916.65,42017.4,41867,41948.75
1/12/2023 12:15,41948.9,42114.45,41870.65,41944.6
1/12/2023 13:15,41941.5,41985,41746.3,41960.85
1/12/2023 14:15,41957.75,42133.7,41934.55,42075.45
1/12/2023 15:15,42079.3,42114.75,42069.6,42092.95
1/13/2023 9:15,42171.25,42202.75,41886.8,41963.35
1/13/2023 10:15,41963.8,42058.65,41911.15,41982.05
1/13/2023 11:15,41980.1,42064.7,41936.2,42054.9
1/13/2023 12:15,42055.6,42339.5,42050.2,42338.45
1/13/2023 13:15,42340.3,42452.95,42306.65,42424.2
1/13/2023 14:15,42421,42428.5,42264.05,42376.55
1/13/2023 15:15,42377.3,42404.95,42318.3,42339.25
1/16/2023 9:15,42622.5,42712.3,42447,42573.55
1/16/2023 10:15,42572.75,42575.95,42464.5,42465.8
1/16/2023 11:15,42469.05,42469.35,42301.65,42302.75
1/16/2023 12:15,42303.55,42352.4,42148.8,42336.65
1/16/2023 13:15,42336.75,42457.15,42148.4,42195.2
1/16/2023 14:15,42196.35,42235.95,42068.05,42160.05
1/16/2023 15:15,42158.35,42220.1,42151.5,42161.95
1/17/2023 9:15,42241.2,42383.8,42035.05,42339.25
1/17/2023 10:15,42340.65,42375.65,42212.45,42251.65
1/17/2023 11:15,42252.2,42305.8,42187.3,42248.55
1/17/2023 12:15,42250.35,42250.35,41941.6,41959.5
1/17/2023 13:15,41964.55,42075.05,41863,42044.35
1/17/2023 14:15,42046.8,42255.55,42010.95,42254.5
1/17/2023 15:15,42256.35,42307.8,42237.05,42281.1
1/18/2023 9:15,42271.8,42496.65,42122.15,42453.3
1/18/2023 10:15,42457.55,42462.15,42344.25,42462.15
1/18/2023 11:15,42462.3,42555.25,42452.35,42494
1/18/2023 12:15,42495.6,42521.7,42375.05,42384.5
1/18/2023 13:15,42383.7,42481.6,42358.15,42403.4
1/18/2023 14:15,42401.9,42515.35,42362.05,42416.2
1/18/2023 15:15,42413.75,42489.1,42413.75,42473.75
1/19/2023 9:15,42416.3,42477.6,42300.3,42368.95
1/19/2023 10:15,42368.05,42501.3,42324.2,42345.25
1/19/2023 11:15,42348.15,42409.35,42269.3,42365.2
1/19/2023 12:15,42363.95,42390,42270.05,42292.45
1/19/2023 13:15,42291.25,42370.2,42255.25,42362.55
1/19/2023 14:15,42366.45,42383.9,42237.55,42303.6
1/19/2023 15:15,42300.45,42327.7,42291.3,42298.9
1/20/2023 9:15,42516.05,42674.05,42398.3,42658.1
1/20/2023 10:15,42656.75,42707.3,42574.5,42579.35
1/20/2023 11:15,42576.7,42634.15,42527.85,42579.3
1/20/2023 12:15,42581.65,42676,42566.7,42639.35
1/20/2023 13:15,42641.4,42651.95,42518.55,42580.55
1/20/2023 14:15,42579.85,42601.25,42493.15,42504.45
1/20/2023 15:15,42504.3,42522.85,42471.15,42514.05
1/23/2023 9:15,42891.45,43002.5,42755.9,42927.85
1/23/2023 10:15,42929.55,42981.7,42864.4,42870.95
1/23/2023 11:15,42866.45,42906.95,42778.85,42805.3
1/23/2023 12:15,42804.85,42855.15,42729.5,42785.55
1/23/2023 13:15,42785.75,42853.8,42781.75,42826.15
1/23/2023 14:15,42826.15,42865.3,42774,42833.55
1/23/2023 15:15,42835.4,42840.9,42750.55,42755.8
1/24/2023 9:15,42994.45,43077,42884,42888
1/24/2023 10:15,42893.5,42920.9,42834.2,42840.1
1/24/2023 11:15,42840.15,42840.15,42726.3,42773.05
1/24/2023 12:15,42773.7,42820.7,42736.35,42766
1/24/2023 13:15,42766.1,42786.3,42616.5,42682.85
1/24/2023 14:15,42684.15,42759.2,42622.85,42752.65
1/24/2023 15:15,42749.75,42758.25,42707.6,42715.15
1/25/2023 9:15,42703.6,42703.6,42051.95,42067.25
1/25/2023 10:15,42066.9,42104.35,41912.15,41979.1
1/25/2023 11:15,41981.55,41994.3,41541.25,41766.1
1/25/2023 12:15,41766.9,41827.35,41613.85,41771.95
1/25/2023 13:15,41769.75,41915.6,41704.05,41863.5
1/25/2023 14:15,41860.4,41866.45,41582.9,41654.65
1/25/2023 15:15,41656.4,41700.5,41641.45,41687.6
1/27/2023 9:15,41382.35,41392.3,40666.3,40690.8
1/27/2023 10:15,40691.75,40920.75,40608.1,40645.2
1/27/2023 11:15,40645.8,40710.15,40496.8,40518
1/27/2023 12:15,40517.55,40540.7,40199.2,40358.45
1/27/2023 13:15,40352.75,40480.35,40151,40174.55
1/27/2023 14:15,40177.6,40361.8,40174.55,40360.55
1/27/2023 15:15,40365.45,40435.85,40337.95,40365.3
1/30/2023 9:15,39856.15,40785.55,39668.7,40329
1/30/2023 10:15,40329.55,40363.45,39921.45,39968.45
1/30/2023 11:15,39969.45,40168.4,39935.05,40045.7
1/30/2023 12:15,40045.05,40060.95,39751.05,39754.05
1/30/2023 13:15,39746.1,39849,39421.1,39820.65
1/30/2023 14:15,39816.9,40462.35,39725.5,40462.35
1/30/2023 15:15,40460.95,40474.3,40404.95,40467.3
1/31/2023 9:15,40563.85,40585.85,40176.5,40282.6
1/31/2023 10:15,40278.15,40529.9,40211.35,40436.15
1/31/2023 11:15,40435.35,40675.5,40408.45,40546.25
1/31/2023 12:15,40546.55,40729.6,40484.35,40670.75
1/31/2023 13:15,40678.05,40782.1,40571.35,40585.65
1/31/2023 14:15,40585.9,40712.65,40472.25,40711.25
1/31/2023 15:15,40713.3,40809.55,40672.8,40759.6
2/1/2023 9:15,41115,41174.1,40947.25,41142.2
2/1/2023 10:15,41142.9,41346.95,41111.85,41238.55
2/1/2023 11:15,41236.35,41331.25,40996.85,41229.6
2/1/2023 12:15,41226.9,42011.2,41169.7,41818.55
2/1/2023 13:15,41819.95,41847.8,40819.15,41034
2/1/2023 14:15,41029.4,41032.6,39501.35,40514.85
2/1/2023 15:15,40519.65,40610.7,40487.85,40499.25
2/2/2023 9:15,39943.35,40676.55,39766.95,40373.3
2/2/2023 10:15,40368.15,40515.7,40099.7,40391.8
2/2/2023 11:15,40392.95,40584.7,40294.65,40444.55
2/2/2023 12:15,40440.8,40485.85,40211.2,40296.95
2/2/2023 13:15,40297.6,40374.05,40065.65,40324.8
2/2/2023 14:15,40334.05,40753.7,40322.15,40645.6
2/2/2023 15:15,40642.55,40748.15,40616.9,40722.4
2/3/2023 9:15,41019.35,41281.35,40942.3,41162.05
2/3/2023 10:15,41161.3,41189.05,40795.35,40882.25
2/3/2023 11:15,40888.55,40919.35,40615.9,40893.5
2/3/2023 12:15,40893.6,40979.05,40839.8,40959.05
2/3/2023 13:15,40962.95,41176.55,40877.65,41159.9
2/3/2023 14:15,41164.1,41538.1,41156.6,41512.9
2/3/2023 15:15,41516.25,41531.75,41454.9,41480.75
2/6/2023 9:15,41530.15,41722,41387.35,41611.6
2/6/2023 10:15,41613.6,41617,41263.25,41344.25
2/6/2023 11:15,41342.8,41485.8,41323.9,41360.25
2/6/2023 12:15,41362.1,41441.3,41321.9,41352
2/6/2023 13:15,41350.3,41541.9,41328.2,41480.75
2/6/2023 14:15,41479.65,41486.3,41325.9,41359.6
2/6/2023 15:15,41363.45,41396.8,41336.95,41367.1
2/7/2023 9:15,41513.1,41556.8,41372.75,41429.4
2/7/2023 10:15,41430.9,41542.9,41382.5,41495.6
2/7/2023 11:15,41494.6,41508.5,41343.6,41371.55
2/7/2023 12:15,41370.75,41372.4,41097.1,41119.25
2/7/2023 13:15,41118.1,41466.1,41104.6,41414.1
2/7/2023 14:15,41414.3,41628.75,41371.35,41486.5
2/7/2023 15:15,41488.55,41498.8,41450.15,41464.4
2/8/2023 9:15,41542.05,41789.25,41481.2,41660.1
2/8/2023 10:15,41657.45,41682.65,41404.6,41538.2
2/8/2023 11:15,41538.55,41609.1,41446.05,41515.8
2/8/2023 12:15,41513.8,41574.2,41469.3,41531.3
2/8/2023 13:15,41534,41611.05,41459.65,41554.1
2/8/2023 14:15,41551.85,41597.1,41493.3,41555.55
2/8/2023 15:15,41555.5,41575.55,41484.15,41494.05
2/9/2023 9:15,41634,41634,41256.25,41397.05
2/9/2023 10:15,41397.05,41433.25,41318.35,41387.8
2/9/2023 11:15,41384.6,41460.15,41286.7,41295.7
2/9/2023 12:15,41295.4,41373.7,41276.15,41311
2/9/2023 13:15,41309.8,41573.55,41283.65,41527
2/9/2023 14:15,41527.6,41557.85,41463.95,41547.55
2/9/2023 15:15,41546,41608,41545.05,41576.25
2/10/2023 9:15,41452.4,41657.5,41443.5,41601
2/10/2023 10:15,41600.9,41678.3,41559.85,41637.2
2/10/2023 11:15,41636.4,41652.65,41533.75,41545.05
2/10/2023 12:15,41546.8,41618.3,41510.45,41548.4
2/10/2023 13:15,41545.6,41607.05,41505.95,41576.5
2/10/2023 14:15,41574.7,41604.4,41495.55,41555.3
2/10/2023 15:15,41554.3,41581.95,41530.85,41542.6
2/13/2023 9:15,41563.5,41657.95,41233.8,41292.75
2/13/2023 10:15,41287.8,41406,41260.05,41351.95
2/13/2023 11:15,41352.05,41367.6,41222.25,41266.55
2/13/2023 12:15,41264.2,41297.6,41162.15,41291.2
2/13/2023 13:15,41288.55,41378.7,41268.45,41314.45
2/13/2023 14:15,41312.1,41368.45,41263.65,41269.45
2/13/2023 15:15,41268.15,41289.05,41240.4,41260.85
2/14/2023 9:15,41410.45,41410.45,41198.1,41290.45
2/14/2023 10:15,41292.25,41323.55,41234.45,41275.15
2/14/2023 11:15,41276,41394.6,41240.6,41383.15
2/14/2023 12:15,41381,41464.8,41342.65,41437.85
2/14/2023 13:15,41438.2,41659.15,41388.4,41636.55
2/14/2023 14:15,41626.4,41715.25,41599.55,41633.3
2/14/2023 15:15,41634.85,41659.35,41615,41625.5
2/15/2023 9:15,41674.6,41674.6,41456.05,41581.95
2/15/2023 10:15,41578.45,41656.6,41564.8,41646.75
2/15/2023 11:15,41649.2,41717.65,41520.05,41579.1
2/15/2023 12:15,41579.3,41621.55,41536.95,41555.75
2/15/2023 13:15,41553.8,41621.45,41456.65,41481.8
2/15/2023 14:15,41483.25,41742.45,41457.95,41726.9
2/15/2023 15:15,41725.65,41795.45,41717.4,41756.7
2/16/2023 9:15,41925.7,41974.4,41823.05,41854.65
2/16/2023 10:15,41854.4,41895.85,41784.6,41850.15
2/16/2023 11:15,41847.6,41873.9,41750,41787.5
2/16/2023 12:15,41786.15,41807.05,41676.3,41769.85
2/16/2023 13:15,41763.6,41861.95,41713.65,41775.15
2/16/2023 14:15,41775.35,41798.45,41629.7,41651.1
2/16/2023 15:15,41645.8,41656.4,41523.1,41554.1
2/17/2023 9:15,41514,41514.2,41339.55,41352.5
2/17/2023 10:15,41358.25,41396.6,41257.05,41272.55
2/17/2023 11:15,41269.5,41333.05,41210.7,41229.5
2/17/2023 12:15,41218.4,41235,40944.35,40962.2
2/17/2023 13:15,40957.8,41036.2,40886.9,40949.45
2/17/2023 14:15,40948.75,41163.1,40940.4,41163.1
2/17/2023 15:15,41161.2,41177.9,41129.25,41132
2/20/2023 9:15,41221.55,41292.3,41089.9,41177.15
2/20/2023 10:15,41174.75,41234.1,41076.55,41094.25
2/20/2023 11:15,41099.45,41110.2,40901.4,40906.9
2/20/2023 12:15,40904.45,40987.3,40845.2,40917.5
2/20/2023 13:15,40919.45,40949.9,40738,40748.75
2/20/2023 14:15,40749.2,40764.4,40580.25,40683.75
2/20/2023 15:15,40689.65,40754.1,40679.35,40707.15
2/21/2023 9:15,40784.9,40802.15,40508.85,40785.3
2/21/2023 10:15,40786.75,40913.55,40784.6,40877.35
2/21/2023 11:15,40881.25,40942.75,40697.15,40765.9
2/21/2023 12:15,40758.45,40769.3,40599.75,40679.85
2/21/2023 13:15,40688.55,40782.7,40639.25,40751.6
2/21/2023 14:15,40750.45,40771.65,40584.3,40673.3
2/21/2023 15:15,40672.1,40705.75,40645.25,40696.05
2/22/2023 9:15,40494.15,40518.7,40335.05,40366.25
2/22/2023 10:15,40367,40371,40149.5,40183.25
2/22/2023 11:15,40180.9,40226.55,40090.2,40147.45
2/22/2023 12:15,40146.7,40176,40052,40092.25
2/22/2023 13:15,40094.65,40126.2,39923.35,39926.65
2/22/2023 14:15,39926.4,40134.25,39900.7,40039.4
2/22/2023 15:15,40037.15,40042.2,39950.55,39968.7
2/23/2023 9:15,39983.7,40111.15,39603.8,40019.65
2/23/2023 10:15,40018.05,40146.65,39825.15,39919.8
2/23/2023 11:15,39919.65,39980.3,39774.2,39808.5
2/23/2023 12:15,39793.9,40045.1,39784.4,40005.15
2/23/2023 13:15,40004.25,40142.1,39942.55,40064.6
2/23/2023 14:15,40069.3,40140,39897.8,39974.95
2/23/2023 15:15,39971.7,40088.15,39966.7,40076.05
2/24/2023 9:15,40259.1,40346.95,40026.95,40102.85
2/24/2023 10:15,40104.1,40189.45,39941.1,40036.4
2/24/2023 11:15,40038.05,40131.45,39983,40037.15
2/24/2023 12:15,40035.9,40035.9,39890.65,39942.6
2/24/2023 13:15,39942.85,40063.35,39831.9,39877.8
2/24/2023 14:15,39878.5,39963.5,39823.5,39944.25
2/24/2023 15:15,39942.25,39947.55,39877.65,39904.7
2/27/2023 9:15,39820.4,40133.1,39750,39856.15
2/27/2023 10:15,39856.1,40149.25,39845.35,40134.6
2/27/2023 11:15,40135.7,40274.4,40060.3,40135.9
2/27/2023 12:15,40134.85,40235.5,40075.45,40081.2
2/27/2023 13:15,40078.15,40307.75,40074.05,40234.1
2/27/2023 14:15,40235.05,40337.75,40126.65,40330.4
2/27/2023 15:15,40329.7,40370.2,40298.5,40355.85
2/28/2023 9:15,40302.7,40385.35,40206.5,40287.7
2/28/2023 10:15,40292.7,40382.15,40232.2,40295.05
2/28/2023 11:15,40291.15,40347.7,40221.4,40301.3
2/28/2023 12:15,40300.45,40356.05,40236.95,40272.3
2/28/2023 13:15,40272.7,40337.75,40078.95,40079.1
2/28/2023 14:15,40077.05,40353.5,40075.3,40253
2/28/2023 15:15,40254.1,40315.95,40224.55,40282.85
3/1/2023 9:15,40473.85,40596.8,40360.45,40533.65
3/1/2023 10:15,40531.35,40650.75,40499.65,40649.7
3/1/2023 11:15,40652.1,40687.35,40562.65,40564.25
3/1/2023 12:15,40564.1,40621.45,40514.35,40583.6
3/1/2023 13:15,40584.45,40700,40523.35,40654.15
3/1/2023 14:15,40653.65,40724.05,40619.85,40690.2
3/1/2023 15:15,40690.3,40719.9,40678.3,40703.45
3/2/2023 9:15,40604.55,40771.3,40544.7,40622.45
3/2/2023 10:15,40626.3,40710.35,40588.55,40664.05
3/2/2023 11:15,40665.9,40691.45,40574.15,40624.5
3/2/2023 12:15,40625.3,40639.05,40510.65,40514.5
3/2/2023 13:15,40513.55,40577.55,40370.75,40438.15
3/2/2023 14:15,40433.5,40498.55,40378.8,40415.25
3/2/2023 15:15,40416.2,40417.6,40315.7,40332.7
3/3/2023 9:15,40671.4,41002.8,40630.7,40999.35
3/3/2023 10:15,41001.35,41256.65,40983.55,41195.05
3/3/2023 11:15,41188.25,41318.25,41143.85,41279.95
3/3/2023 12:15,41281.25,41291.45,41155.55,41219.25
3/3/2023 13:15,41218.25,41349.95,41217.5,41336.05
3/3/2023 14:15,41339.25,41389,41225.7,41237.6
3/3/2023 15:15,41237.75,41256.4,41200.55,41236.85
3/6/2023 9:15,41418.4,41662.25,41410,41646.85
3/6/2023 10:15,41647.2,41667.8,41407.8,41484.25
3/6/2023 11:15,41480.6,41492.35,41344.95,41426.2
3/6/2023 12:15,41426.85,41454.2,41336.4,41431.6
3/6/2023 13:15,41429.9,41429.9,41287.9,41329.35
3/6/2023 14:15,41328.75,41388.6,41260.55,41356.7
3/6/2023 15:15,41355.7,41403.75,41336.65,41396
3/8/2023 9:15,41178.35,41355.25,41101.15,41238.55
3/8/2023 10:15,41239.8,41286.9,41181.9,41225.8
3/8/2023 11:15,41226.45,41326.1,41199.45,41283.7
3/8/2023 12:15,41285.65,41372.6,41273.5,41297.5
3/8/2023 13:15,41299.5,41479.05,41278.95,41460
3/8/2023 14:15,41456.9,41603.85,41394.6,41586.25
3/8/2023 15:15,41586,41625.35,41570.95,41573.5
3/9/2023 9:15,41532.65,41631,41436.1,41472.7
3/9/2023 10:15,41468.5,41563.7,41462.05,41560.15
3/9/2023 11:15,41558.95,41655.5,41495.95,41527.9
3/9/2023 12:15,41528.15,41529.1,41415.5,41454.2
3/9/2023 13:15,41457.25,41504.7,41351.2,41385.65
3/9/2023 14:15,41385.55,41414.6,41243.35,41243.35
3/9/2023 15:15,41244.8,41272.1,41209.15,41227.9
3/10/2023 9:15,40805.25,40811.2,40394.75,40540.15
3/10/2023 10:15,40540.7,40659.5,40501.5,40586.35
3/10/2023 11:15,40592.7,40629.2,40506.1,40509.15
3/10/2023 12:15,40507.05,40572.5,40421.7,40528
3/10/2023 13:15,40526.3,40536.9,40394.05,40451.7
3/10/2023 14:15,40451.7,40517.25,40345.4,40489.9
3/10/2023 15:15,40488.9,40523.15,40472.3,40488.75
3/13/2023 9:15,40356.1,40687.75,40348.15,40504
3/13/2023 10:15,40500.8,40540.1,40335.35,40369.35
3/13/2023 11:15,40364.15,40421.8,40153.1,40178.5
3/13/2023 12:15,40179.85,40199.3,39907.9,39909.4
3/13/2023 13:15,39913.4,39987.8,39659.15,39683.15
3/13/2023 14:15,39686,39708,39457,39497.5
3/13/2023 15:15,39502.9,39684.65,39502.9,39627
3/14/2023 9:15,39522.4,39765.7,39326.8,39509.55
3/14/2023 10:15,39507.85,39520.25,39173.6,39185.1
3/14/2023 11:15,39190.15,39313.4,39136.15,39227.9
3/14/2023 12:15,39229.05,39662.65,39215,39300.5
3/14/2023 13:15,39297.9,39543.75,39229.4,39348.6
3/14/2023 14:15,39350.3,39540.75,39242.3,39463.05
3/14/2023 15:15,39462.35,39481.35,39335.65,39481.35
3/15/2023 9:15,39777.9,39909.75,39628.3,39696.85
3/15/2023 10:15,39697.8,39742.65,39504.65,39550.9
3/15/2023 11:15,39551.3,39702.6,39526.3,39527.7
3/15/2023 12:15,39528.95,39549.3,39310.8,39342
3/15/2023 13:15,39341.15,39453.05,39229.7,39283.4
3/15/2023 14:15,39284.5,39340.85,39018.35,39038.05
3/15/2023 15:15,39039.1,39058.4,38938.95,39020.8
3/16/2023 9:15,39061.7,39090.4,38617.8,38666.3
3/16/2023 10:15,38668.15,39263.4,38649.6,39162.85
3/16/2023 11:15,39162.05,39203.9,38821.4,38828.5
3/16/2023 12:15,38829.85,39015.8,38755.95,38954.8
3/16/2023 13:15,38958.35,39216.55,38895.05,39202.2
3/16/2023 14:15,39204.6,39381.05,38990.25,39100.25
3/16/2023 15:15,39102.3,39236.55,39097.35,39210.1
3/17/2023 9:15,39442.4,39597.2,39222.65,39254.1
3/17/2023 10:15,39246.3,39339.75,39096.45,39097.95
3/17/2023 11:15,39098.6,39223.6,38988.9,39019.9
3/17/2023 12:15,39022.15,39097.2,38929.85,39061.2
3/17/2023 13:15,39056.85,39252.6,39011.55,39210.45
3/17/2023 14:15,39212.55,39668.05,39082.05,39624.45
3/17/2023 15:15,39622.25,39691.65,39606.1,39686.6
3/20/2023 9:15,39512.1,39512.1,39119.9,39183.65
3/20/2023 10:15,39184.15,39439.25,39036.05,39313.6
3/20/2023 11:15,39316.55,39318.45,39059.15,39072.35
3/20/2023 12:15,39074.9,39158.9,38977,39063
3/20/2023 13:15,39058.65,39149.2,38943.35,39095.35
3/20/2023 14:15,39094.75,39406.25,39040.8,39368.9
3/20/2023 15:15,39368.3,39417.8,39368.3,39377.3
3/21/2023 9:15,39599.65,39610,39366.3,39572.95
3/21/2023 10:15,39571.55,39589.9,39472.35,39521.85
3/21/2023 11:15,39520.95,39549.65,39393.75,39449.9
3/21/2023 12:15,39450.85,39754.05,39445.7,39735.8
3/21/2023 13:15,39734.4,39844.15,39639.1,39786.05
3/21/2023 14:15,39786.55,39970.2,39783.85,39861.75
3/21/2023 15:15,39859.25,39912.1,39843.7,39867.5
3/22/2023 9:15,40036,40082.75,39844.85,39930.3
3/22/2023 10:15,39935.9,39982.6,39848.45,39908.55
3/22/2023 11:15,39912.2,39999.05,39871.5,39923.05
3/22/2023 12:15,39922.65,40003.9,39903.95,39959.25
3/22/2023 13:15,39957.9,40047.2,39922.95,39990.3
3/22/2023 14:15,39994.2,40024.75,39852,40022.3
3/22/2023 15:15,40021.95,40042.7,39958.85,39958.85
3/23/2023 9:15,39836.15,40054.8,39730.45,39994.3
3/23/2023 10:15,39998.5,40118.05,39944.6,39976.7
3/23/2023 11:15,39976.7,40069.3,39941.8,40055.05
3/23/2023 12:15,40054.2,40201.6,40047.8,40118
3/23/2023 13:15,40117.6,40190.8,39977.15,39977.15
3/23/2023 14:15,39974.3,39997.7,39555.9,39583.6
3/23/2023 15:15,39583.4,39619.1,39556,39580.15
3/24/2023 9:15,39555.25,39667.25,39435.65,39553.9
3/24/2023 10:15,39555.75,39639.3,39476.1,39625.25
3/24/2023 11:15,39623.95,39765.35,39590.7,39723.7
3/24/2023 12:15,39724.8,39767.55,39525.75,39699.95
3/24/2023 13:15,39701.9,39729.6,39529.85,39598.05
3/24/2023 14:15,39601.75,39603.2,39404.6,39442.45
3/24/2023 15:15,39448.45,39453.35,39294.9,39351.8
3/27/2023 9:15,39484.7,39584.55,39320.1,39503.2
3/27/2023 10:15,39506.15,39567.75,39330.75,39377.9
3/27/2023 11:15,39378,39506.6,39277.65,39430.95
3/27/2023 12:15,39429.9,39555.9,39381.45,39383.95
3/27/2023 13:15,39378.6,39505.4,39313.75,39478.05
3/27/2023 14:15,39480.85,39694.05,39411.5,39437
3/27/2023 15:15,39436.4,39440.5,39274.7,39309.45
3/28/2023 9:15,39545.05,39561.55,39391,39463.95
3/28/2023 10:15,39463.1,39494.15,39328.75,39417.15
3/28/2023 11:15,39419.35,39524.4,39389.55,39417.25
3/28/2023 12:15,39417.35,39568.15,39388.1,39558.35
3/28/2023 13:15,39562.05,39573.05,39365.35,39401.25
3/28/2023 14:15,39405.45,39615.35,39346.7,39530.7
3/28/2023 15:15,39532.3,39641.25,39522.55,39605.95
3/29/2023 9:15,39611.55,39748,39611.55,39713.2
3/29/2023 10:15,39712.25,39900.45,39701.25,39782.8
3/29/2023 11:15,39775.5,39848.2,39698.45,39715.1
3/29/2023 12:15,39714.75,39809.2,39662.75,39753.9
3/29/2023 13:15,39752.1,39923.75,39748.15,39897.5
3/29/2023 14:15,39901.35,39953.4,39679,39945.75
3/29/2023 15:15,39949.7,40051.9,39922.5,40013.3
3/31/2023 9:15,40231.25,40519,40205.6,40421
3/31/2023 10:15,40422.5,40481.75,40344.8,40450.75
3/31/2023 11:15,40450,40560.75,40438.05,40458.85
3/31/2023 12:15,40458.6,40557.85,40417.7,40506.2
3/31/2023 13:15,40506.9,40629.45,40475.5,40574.9
3/31/2023 14:15,40579.4,40688.85,40541.05,40619
3/31/2023 15:15,40620.35,40625.7,40535.3,40602.35
4/3/2023 9:15,40695.8,40702.2,40536.15,40657
4/3/2023 10:15,40659.5,40677.2,40580.7,40589.45
4/3/2023 11:15,40588.1,40759.15,40562.3,40683.65
4/3/2023 12:15,40684.25,40757.75,40651.05,40702.25
4/3/2023 13:15,40700.95,40804.2,40685.4,40804.2
4/3/2023 14:15,40804.1,40849.35,40755,40819.45
4/3/2023 15:15,40817.1,40857.05,40795.4,40815.1
4/5/2023 9:15,40972.3,40972.3,40815.45,40915.95
4/5/2023 10:15,40916.45,40932.4,40814.15,40854.55
4/5/2023 11:15,40855.9,40902.5,40843.55,40882.75
4/5/2023 12:15,40883.75,41069.3,40877.6,41049.2
4/5/2023 13:15,41045.8,41053.05,40895.6,40951.45
4/5/2023 14:15,40950,41028.8,40913.85,40962.6
4/5/2023 15:15,40967.15,41028.65,40958.3,41008.55
4/6/2023 9:15,40940.7,41173.8,40821.9,41133.55
4/6/2023 10:15,41138,41274.4,41069.7,41266.55
4/6/2023 11:15,41262.5,41274.3,41061.25,41110.8
4/6/2023 12:15,41111.2,41170.35,41083.2,41111.35
4/6/2023 13:15,41107.95,41160.45,40944,40979.6
4/6/2023 14:15,40976.15,41107.2,40965.5,41051.9
4/6/2023 15:15,41050.7,41064.9,40981.45,41039.05
4/10/2023 9:15,41116.15,41134.9,40876.35,40909.35
4/10/2023 10:15,40911.05,40944.8,40849.7,40908.9
4/10/2023 11:15,40903.6,41026.75,40838,40982.9
4/10/2023 12:15,40984.2,41074.1,40962.55,40967.45
4/10/2023 13:15,40971.45,41013.05,40847.55,40857.2
4/10/2023 14:15,40858.35,40870.3,40730,40810.85
4/10/2023 15:15,40816.5,40859.6,40774.6,40796.45
4/11/2023 9:15,41232,41292.7,41026.25,41264.6
4/11/2023 10:15,41272.45,41353.65,41218.6,41320.4
4/11/2023 11:15,41317.25,41379.5,41270.95,41297.05
4/11/2023 12:15,41293.25,41345.05,41232.75,41242.6
4/11/2023 13:15,41244.9,41377.05,41238.4,41347
4/11/2023 14:15,41346.85,41402.3,41306.7,41383.35
4/11/2023 15:15,41386.25,41400.05,41342.3,41385.05
4/12/2023 9:15,41426,41479.5,41334.85,41404.35
4/12/2023 10:15,41403.1,41482.05,41387.8,41446.65
4/12/2023 11:15,41447.05,41502.7,41418.9,41434.25
4/12/2023 12:15,41432.2,41483.9,41416,41454
4/12/2023 13:15,41453,41576.25,41450,41537.15
4/12/2023 14:15,41534.15,41572.55,41467,41554.4
4/12/2023 15:15,41555.25,41610.15,41544.55,41577.2
4/13/2023 9:15,41680.1,41794,41504.1,41701.65
4/13/2023 10:15,41703.6,41742.15,41581.8,41595.85
4/13/2023 11:15,41594.25,41727.45,41564.1,41673.05
4/13/2023 12:15,41669.5,41749.3,41591.85,41671.8
4/13/2023 13:15,41670.25,41875.7,41658.75,41822
4/13/2023 14:15,41823.15,42189.6,41812.85,42189.6
4/13/2023 15:15,42188.1,42193.95,42111.35,42137.8
4/17/2023 9:15,42603.55,42603.55,41801.15,41922
4/17/2023 10:15,41921.8,42190.5,41914,42037.65
4/17/2023 11:15,42036.6,42147.65,42018.05,42097.05
4/17/2023 12:15,42093.8,42241.1,42068.15,42157.65
4/17/2023 13:15,42160.2,42241.05,42077,42229.15
4/17/2023 14:15,42230.4,42302.75,42154.75,42289.35
4/17/2023 15:15,42291.65,42311.05,42209.7,42216.7
4/18/2023 9:15,42406.95,42446.1,42275,42350.1
4/18/2023 10:15,42349.25,42465.9,42322.5,42433.45
4/18/2023 11:15,42432.15,42471.6,42349.4,42428.15
4/18/2023 12:15,42430.1,42497.95,42399,42468.8
4/18/2023 13:15,42467.2,42469.4,42119.8,42235.75
4/18/2023 14:15,42233.25,42360.55,42197.95,42237.9
4/18/2023 15:15,42236.05,42264.3,42226.05,42255.65
4/19/2023 9:15,42280.1,42338.2,42141.05,42195.25
4/19/2023 10:15,42195.45,42226.9,42159,42176.95
4/19/2023 11:15,42173.5,42182.1,42085.55,42127
4/19/2023 12:15,42127.4,42246.35,42125.55,42146.3
4/19/2023 13:15,42146.2,42196.5,42022.5,42093.05
4/19/2023 14:15,42095.7,42189.15,42072.3,42175.2
4/19/2023 15:15,42176.15,42186.05,42126.75,42151.1
4/20/2023 9:15,42218.5,42377.05,42117.2,42271.2
4/20/2023 10:15,42273.75,42336.65,42176.4,42221.4
4/20/2023 11:15,42229.9,42298.7,42199.05,42264.2
4/20/2023 12:15,42264.1,42306.75,42140.7,42203.35
4/20/2023 13:15,42200.8,42241.2,42109.05,42136.15
4/20/2023 14:15,42136.3,42292.7,42131.75,42292.7
4/20/2023 15:15,42287.1,42300.4,42249.6,42274.2
4/21/2023 9:15,42252.55,42379.6,42188.55,42237.8
4/21/2023 10:15,42236.55,42295.1,42181.7,42225.35
4/21/2023 11:15,42225.45,42225.45,42092.9,42127.55
4/21/2023 12:15,42126.8,42147.35,41963.85,41990.85
4/21/2023 13:15,41991.25,42141.05,41987.6,42093.25
4/21/2023 14:15,42096.55,42187.9,42053.85,42153.3
4/21/2023 15:15,42149.75,42149.75,42045.95,42089.25
4/24/2023 9:15,42469.95,42469.95,42293.45,42356.45
4/24/2023 10:15,42351.15,42409,42314.55,42397
4/24/2023 11:15,42396.75,42437,42326.7,42395.5
4/24/2023 12:15,42393.7,42565.5,42386.45,42565.45
4/24/2023 13:15,42568.7,42709.5,42538.6,42694.1
4/24/2023 14:15,42694.1,42713.25,42576.2,42637.8
4/24/2023 15:15,42636.4,42665.25,42617.9,42641.85
4/25/2023 9:15,42731.6,42808.05,42607.3,42804.6
4/25/2023 10:15,42805.25,42848.5,42743.25,42814.15
4/25/2023 11:15,42810.15,42864.9,42739.4,42779.3
4/25/2023 12:15,42781.95,42800.3,42672.85,42757.95
4/25/2023 13:15,42756.5,42814.05,42706.35,42799.95
4/25/2023 14:15,42798.75,42827.75,42643.8,42691.25
4/25/2023 15:15,42691.85,42691.85,42604.5,42654.15
4/26/2023 9:15,42559.05,42640,42434.85,42531.95
4/26/2023 10:15,42536.1,42641.65,42523.45,42614.7
4/26/2023 11:15,42613.25,42708.7,42613.25,42648.85
4/26/2023 12:15,42647.95,42791.75,42644.4,42703.9
4/26/2023 13:15,42704.45,42782.15,42653.65,42782.15
4/26/2023 14:15,42785.65,42866.45,42700,42844.45
4/26/2023 15:15,42845.35,42869.65,42813,42866.45
4/27/2023 9:15,42753.9,42938.95,42742.45,42834.95
4/27/2023 10:15,42835.6,42897.95,42757.65,42795.1
4/27/2023 11:15,42796.1,42895.25,42777.4,42852.95
4/27/2023 12:15,42853.55,42891.5,42801.2,42851.6
4/27/2023 13:15,42849.65,42992.3,42849.65,42937.6
4/27/2023 14:15,42936.75,43026.15,42798.7,43024.45
4/27/2023 15:15,43022.25,43042.25,42953.75,42961.75
4/28/2023 9:15,43045.5,43081.5,42811.1,42829.8
4/28/2023 10:15,42830.05,42905.2,42821.9,42891.7
4/28/2023 11:15,42889,42950.15,42827.55,42918.65
4/28/2023 12:15,42918.5,42997.8,42881.05,42962.45
4/28/2023 13:15,42962.7,43060.7,42944.4,43036.85
4/28/2023 14:15,43036.7,43268.15,42959.2,43238.05
4/28/2023 15:15,43236.1,43300.2,43212.5,43226.25
5/2/2023 9:15,43395.05,43467.3,43303.2,43411.6
5/2/2023 10:15,43414.8,43433,43343.9,43389.8
5/2/2023 11:15,43392.85,43478.4,43383.5,43461.8
5/2/2023 12:15,43461.85,43483.85,43397.35,43403.1
5/2/2023 13:15,43404.05,43461.75,43353.4,43431.3
5/2/2023 14:15,43431.25,43475.4,43323,43332.1
5/2/2023 15:15,43332,43341.85,43283.65,43309.65
5/3/2023 9:15,43154.85,43242.1,43079.65,43171.7
5/3/2023 10:15,43170.85,43312.8,43169.4,43204.2
5/3/2023 11:15,43203.15,43240.15,43107.75,43121.4
5/3/2023 12:15,43121.5,43260.3,43111.45,43207.85
5/3/2023 13:15,43202.8,43292.25,43180.85,43240.65
5/3/2023 14:15,43241.95,43347.95,43224.2,43340.75
5/3/2023 15:15,43337.45,43354.05,43273.85,43292
5/4/2023 9:15,43236.1,43368.45,43221.25,43301.5
5/4/2023 10:15,43298.9,43400.6,43285.75,43395.5
5/4/2023 11:15,43397.45,43431.4,43346.65,43354.95
5/4/2023 12:15,43348.15,43472.85,43341.45,43427.2
5/4/2023 13:15,43426.85,43510.6,43415.75,43478.65
5/4/2023 14:15,43477.25,43722.3,43442.35,43719.8
5/4/2023 15:15,43720.2,43737.5,43611.35,43635.9
5/5/2023 9:15,43110.65,43568.35,43073.65,43558.7
5/5/2023 10:15,43556.45,43581.55,43228.55,43336.05
5/5/2023 11:15,43341.15,43341.15,43035.65,43216.3
5/5/2023 12:15,43215.1,43282.95,43134.75,43202.35
5/5/2023 13:15,43203.45,43214.45,42915.15,42996.4
5/5/2023 14:15,42994.8,43025.3,42602.25,42668.7
5/5/2023 15:15,42665.1,42699.7,42587.55,42669.25
5/8/2023 9:15,42796.85,43316.85,42796.85,43174.95
5/8/2023 10:15,43174.75,43332.85,43159.8,43257.85
5/8/2023 11:15,43258.65,43328.85,43208.7,43288.2
5/8/2023 12:15,43287.7,43323.45,43203.15,43277.1
5/8/2023 13:15,43277.15,43418.55,43259.85,43321.55
5/8/2023 14:15,43319.85,43361.2,43198.85,43306.4
5/8/2023 15:15,43305.45,43358.95,43267.6,43314.4
5/9/2023 9:15,43438.55,43491.8,43279.8,43415.45
5/9/2023 10:15,43415.75,43478.35,43386.45,43436.25
5/9/2023 11:15,43432.4,43532.4,43401.9,43471.4
5/9/2023 12:15,43471.2,43528.75,43417.05,43423
5/9/2023 13:15,43422.15,43449.75,43162.45,43255.9
5/9/2023 14:15,43246.25,43340.55,43185.95,43223
5/9/2023 15:15,43222.6,43226.9,43129.25,43171.6
5/10/2023 9:15,43275.25,43372.85,42824.55,42917.5
5/10/2023 10:15,42919.65,43143.1,42911.25,43088.6
5/10/2023 11:15,43091.95,43241.7,43053.4,43198.3
5/10/2023 12:15,43194.8,43258.9,43182.15,43249.7
5/10/2023 13:15,43253.55,43282.75,43077.1,43276.8
5/10/2023 14:15,43276.15,43373.6,43177.95,43339.5
5/10/2023 15:15,43342.5,43379.3,43289.1,43343.85
5/11/2023 9:15,43535.1,43607.8,43370.2,43580.85
5/11/2023 10:15,43583.05,43647,43547.85,43574.65
5/11/2023 11:15,43575.6,43615.75,43446.7,43473.9
5/11/2023 12:15,43472.3,43594.85,43460.3,43557.8
5/11/2023 13:15,43559.75,43615.1,43518.45,43568.6
5/11/2023 14:15,43573.95,43672.05,43420.45,43479.35
5/11/2023 15:15,43477.8,43539.1,43459.5,43506.75
5/12/2023 9:15,43447.15,43524.3,43347.75,43437.05
5/12/2023 10:15,43441.75,43584,43424.5,43548.5
5/12/2023 11:15,43542.1,43571.8,43474.85,43541.65
5/12/2023 12:15,43539.1,43642.45,43528.3,43601.7
5/12/2023 13:15,43601.85,43871.4,43599.95,43814.05
5/12/2023 14:15,43817.9,43903.6,43771.5,43797.5
5/12/2023 15:15,43795.45,43812.55,43753.8,43794.2
5/15/2023 9:15,43821.05,43977.8,43673.05,43973.2
5/15/2023 10:15,43971.3,44041.85,43915.05,44015.25
5/15/2023 11:15,44014.75,44071.75,44006.25,44048.35
5/15/2023 12:15,44049.1,44093.05,44009.3,44064
5/15/2023 13:15,44059.9,44144.3,44021.5,44133.8
5/15/2023 14:15,44132.9,44151.7,44016,44068.7
5/15/2023 15:15,44067.55,44114.05,44041.05,44045.15
5/16/2023 9:15,44144.15,44144.15,43855,44115.85
5/16/2023 10:15,44116.65,44123.5,43986.8,44059.5
5/16/2023 11:15,44064.35,44098.45,44013.5,44048.5
5/16/2023 12:15,44046.9,44073.3,43939.55,44022.45
5/16/2023 13:15,44024.1,44124.45,43992.25,44047.1
5/16/2023 14:15,44045.35,44089.5,43856.75,43883.7
5/16/2023 15:15,43886.15,43912.5,43818.6,43856
5/17/2023 9:15,43948.5,43987.25,43807.3,43894.15
5/17/2023 10:15,43890.45,43938.8,43779.4,43857.7
5/17/2023 11:15,43857.6,43859.5,43574,43590.2
5/17/2023 12:15,43593.85,43626.2,43486.2,43488.95
5/17/2023 13:15,43487.7,43597.1,43447.45,43514.4
5/17/2023 14:15,43511.3,43712.4,43478.5,43703.65
5/17/2023 15:15,43701.9,43763.05,43694.8,43748.9
5/18/2023 9:15,44006.9,44067.85,43851.85,43920.05
5/18/2023 10:15,43920.2,44043.2,43885.25,44029.55
5/18/2023 11:15,44029.3,44079.2,43974.35,44016.15
5/18/2023 12:15,44015.7,44023.65,43889.85,43931.25
5/18/2023 13:15,43931.65,44054.15,43784.6,43843.2
5/18/2023 14:15,43843.55,43929.65,43677,43755.45
5/18/2023 15:15,43753,43804.85,43703.45,43770.1
5/19/2023 9:15,43930,43951.6,43532.25,43626.65
5/19/2023 10:15,43631.9,43686.3,43547.9,43665.5
5/19/2023 11:15,43668,43745.3,43606.7,43686.3
5/19/2023 12:15,43684.3,43717.8,43584.65,43687.65
5/19/2023 13:15,43685.2,43817.85,43606.7,43817.85
5/19/2023 14:15,43816.05,44020.8,43796.45,43956.85
5/19/2023 15:15,43963.45,44016.95,43942.5,43956.4
5/22/2023 9:15,43935.3,44026.2,43790.65,43885
5/22/2023 10:15,43883.6,43973.05,43850.35,43904.05
5/22/2023 11:15,43904.7,43922.8,43805.45,43900.45
5/22/2023 12:15,43898.1,43922.05,43780.45,43875.1
5/22/2023 13:15,43875.4,43897.1,43686.1,43873.05
5/22/2023 14:15,43874.05,43973.25,43755.75,43848.25
5/22/2023 15:15,43843.05,43928.75,43813.6,43826.2
5/23/2023 9:15,43978.9,44057.75,43866.05,44010.35
5/23/2023 10:15,44012.25,44082.05,43977.8,44054.7
5/23/2023 11:15,44053.4,44062.15,43972.55,44011.45
5/23/2023 12:15,44011.3,44077.35,43970.55,44010.5
5/23/2023 13:15,44012.8,44087.85,43976.5,44058.85
5/23/2023 14:15,44059.45,44093.8,43955.25,43955.6
5/23/2023 15:15,43955.65,43966.9,43860.4,43873.85
5/24/2023 9:15,43751.95,43935.5,43709.8,43899.95
5/24/2023 10:15,43902.35,44010.45,43854.75,43924.05
5/24/2023 11:15,43919.9,43996,43866,43867.1
5/24/2023 12:15,43868.5,43893.5,43765.55,43766.9
5/24/2023 13:15,43769.1,43851.2,43740.65,43804.6
5/24/2023 14:15,43803.3,43834.9,43639.8,43659.25
5/24/2023 15:15,43662.8,43697.5,43653.2,43662.9
5/25/2023 9:15,43630.25,43702.6,43513.05,43554.85
5/25/2023 10:15,43554.5,43586.75,43474.4,43550.2
5/25/2023 11:15,43549.1,43569.7,43454.75,43547.85
5/25/2023 12:15,43549.6,43601.25,43431.4,43476.45
5/25/2023 13:15,43476.45,43517.6,43393.35,43507.5
5/25/2023 14:15,43507.45,43717.4,43493.55,43688.6
5/25/2023 15:15,43687.7,43717.95,43652,43679.2
5/26/2023 9:15,43765.35,43765.35,43589.15,43650.4
5/26/2023 10:15,43646.4,43709.05,43610.65,43694.3
5/26/2023 11:15,43694.65,43801.05,43683.25,43779.1
5/26/2023 12:15,43775.4,43901.65,43771.7,43856.35
5/26/2023 13:15,43858.1,44049.05,43840.15,44043.3
5/26/2023 14:15,44045.05,44066.5,43965.25,44038.7
5/26/2023 15:15,44036.85,44044.6,43989.4,43996.5
5/29/2023 9:15,44276.8,44457.65,44228.35,44362
5/29/2023 10:15,44361.85,44442.7,44354.25,44436.5
5/29/2023 11:15,44437.25,44478.95,44384.3,44401.2
5/29/2023 12:15,44404.75,44426.8,44359.35,44388
5/29/2023 13:15,44390,44459.6,44386.25,44426.7
5/29/2023 14:15,44427.45,44429.6,44263.95,44313.25
5/29/2023 15:15,44312.85,44323.45,44271.7,44323.45
5/30/2023 9:15,44277.35,44413.75,44211.75,44374.7
5/30/2023 10:15,44372.45,44389.85,44267.4,44277.05
5/30/2023 11:15,44275.8,44334.65,44249.2,44277.2
5/30/2023 12:15,44277.15,44364.95,44261.8,44319.95
5/30/2023 13:15,44318.8,44377.8,44293.85,44364.9
5/30/2023 14:15,44367.85,44485.25,44332.55,44438.05
5/30/2023 15:15,44443.3,44494.75,44432.65,44457.5
5/31/2023 9:15,44318,44332.55,44056.05,44126.45
5/31/2023 10:15,44122.7,44153.8,44052.95,44127.95
5/31/2023 11:15,44128.85,44152.25,43890.55,43961.25
5/31/2023 12:15,43960.45,43979.55,43828.65,43851.55
5/31/2023 13:15,43850.95,43942.4,43824.75,43889.15
5/31/2023 14:15,43890.65,44204.75,43870.2,44124.9
5/31/2023 15:15,44121.8,44264.45,44118.95,44147.8
6/1/2023 9:15,44172.05,44172.05,43972.2,44063.95
6/1/2023 10:15,44061.65,44132.15,44035.55,44107.65
6/1/2023 11:15,44108.3,44141.8,44043.9,44065.2
6/1/2023 12:15,44067.55,44164,44045.1,44142.8
6/1/2023 13:15,44142.1,44177.95,44000.05,44010
6/1/2023 14:15,44009.75,44015.85,43794.65,43794.65
6/1/2023 15:15,43795.6,43801.15,43708.25,43790
6/2/2023 9:15,43997.3,44039.9,43825.35,43848.95
6/2/2023 10:15,43847.8,43936.3,43813.65,43933.9
6/2/2023 11:15,43936.95,43997.85,43892.6,43967.25
6/2/2023 12:15,43965.7,44061.15,43936.05,44042.15
6/2/2023 13:15,44041.45,44088.9,43935.15,43957.9
6/2/2023 14:15,43957.05,44020.75,43840.15,43950.9
6/2/2023 15:15,43950.25,43961.35,43852.3,43880.75
6/5/2023 9:15,44103.25,44245.7,44103.25,44198.75
6/5/2023 10:15,44198.6,44254.7,44151.95,44243.7
6/5/2023 11:15,44243.9,44261.95,44158.85,44206.25
6/5/2023 12:15,44206.85,44226.15,44165.85,44186.65
6/5/2023 13:15,44184.65,44265.25,44174.85,44201.45
6/5/2023 14:15,44204.45,44216.25,44075.7,44122.3
6/5/2023 15:15,44121.35,44149.3,44078.2,44099.75
6/6/2023 9:15,44156.7,44187,44064.2,44085.15
6/6/2023 10:15,44082.25,44095.3,44011,44039.4
6/6/2023 11:15,44038.35,44104.3,44009.7,44084.55
6/6/2023 12:15,44082.7,44126.65,44054.05,44095.55
6/6/2023 13:15,44097.05,44136.1,44060.7,44074.6
6/6/2023 14:15,44071.35,44233.95,44036.1,44219.35
6/6/2023 15:15,44215.7,44235.9,44186.75,44209.4
6/7/2023 9:15,44318.7,44345.8,44232.85,44265.1
6/7/2023 10:15,44264.45,44277.25,44173.95,44211.25
6/7/2023 11:15,44209.8,44227.4,44148.65,44161.05
6/7/2023 12:15,44158.15,44239.55,44157.05,44214.25
6/7/2023 13:15,44215.3,44224.15,44148.9,44172.45
6/7/2023 14:15,44170.85,44286,44164.25,44280.65
6/7/2023 15:15,44281.55,44293.45,44261.15,44279.6
6/8/2023 9:15,44208.3,44435.75,44208.3,44405.95
6/8/2023 10:15,44406.75,44458.15,44394.05,44429.75
6/8/2023 11:15,44429.4,44452.55,44254.6,44303.6
6/8/2023 12:15,44300.8,44302.4,44209.9,44245.65
6/8/2023 13:15,44245,44348.9,44172.9,44226.15
6/8/2023 14:15,44225.45,44248.2,43964,43965.6
6/8/2023 15:15,43966.85,44024.8,43918.1,44007.7
6/9/2023 9:15,44045.75,44218.05,43934.5,44165.2
6/9/2023 10:15,44161.5,44177.65,44075.25,44139.1
6/9/2023 11:15,44140.5,44179.45,44103.55,44162.05
6/9/2023 12:15,44162.25,44199.25,44030.5,44093.25
6/9/2023 13:15,44092.3,44108.35,43973.7,43987.45
6/9/2023 14:15,43986.05,44066.65,43954.35,43993.25
6/9/2023 15:15,43993.05,44010,43970.9,43990.6
6/12/2023 9:15,44035.2,44092.2,43922.5,43969.8
6/12/2023 10:15,43971.2,44038.5,43961.1,44010.55
6/12/2023 11:15,44010.55,44045,43949.75,44011.7
6/12/2023 12:15,44010.65,44020.3,43940.7,43967.85
6/12/2023 13:15,43967.9,44002.85,43939.3,43977.9
6/12/2023 14:15,43975.95,43997.25,43874.05,43937.3
6/12/2023 15:15,43944.4,43960.65,43929,43956.45
6/13/2023 9:15,43889.7,44119,43889.7,44066.05
6/13/2023 10:15,44066.2,44115.55,44039.85,44082.55
6/13/2023 11:15,44083.35,44117.65,44014.1,44031.55
6/13/2023 12:15,44031.9,44040.8,43999.6,44036
6/13/2023 13:15,44035.45,44069.8,43947.35,43992.65
6/13/2023 14:15,43986.3,44103.75,43949.55,44095.05
6/13/2023 15:15,44093.3,44137.8,44085.2,44109.05
6/14/2023 9:15,44181.65,44197.75,43966.3,43988.1
6/14/2023 10:15,43990.25,44048.8,43968.05,43992.95
6/14/2023 11:15,43997.35,44032.6,43970.6,44018.3
6/14/2023 12:15,44021.05,44043,43976.35,44029.55
6/14/2023 13:15,44031.85,44063.35,43979.6,43996.25
6/14/2023 14:15,43999.35,44038,43957.3,43994
6/14/2023 15:15,43994.7,43998.6,43958.7,43964.8
6/15/2023 9:15,44054.35,44058.25,43840.95,43896.6
6/15/2023 10:15,43895.85,43960.05,43872,43882.35
6/15/2023 11:15,43881.75,43887.55,43717.4,43757.35
6/15/2023 12:15,43755.2,43780.7,43636.7,43666.5
6/15/2023 13:15,43664.6,43728.1,43520.9,43525.55
6/15/2023 14:15,43521.05,43552.75,43400.95,43404.9
6/15/2023 15:15,43410.85,43453.2,43397.5,43453.2
6/16/2023 9:15,43583.35,43734.95,43546.8,43734.9
6/16/2023 10:15,43734.1,43768.05,43704.6,43738.3
6/16/2023 11:15,43740.5,43819.15,43694.4,43792.95
6/16/2023 12:15,43792.65,43810.2,43738.85,43766.3
6/16/2023 13:15,43762.6,43785.9,43685.2,43782.25
6/16/2023 14:15,43782.2,44077.55,43768.6,43926.85
6/16/2023 15:15,43930.45,43949.75,43832.55,43906.65
6/19/2023 9:15,44015.3,44026.7,43857.2,43863.45
6/19/2023 10:15,43864.6,43869.95,43596.85,43675.6
6/19/2023 11:15,43671.2,43703.5,43594.85,43646.55
6/19/2023 12:15,43643.95,43757.1,43555.9,43587.75
6/19/2023 13:15,43589.35,43601.35,43502.35,43576.45
6/19/2023 14:15,43578.1,43718.05,43512.6,43662.65
6/19/2023 15:15,43664.85,43673.2,43615.3,43644.05
6/20/2023 9:15,43597.55,43635.25,43417.65,43440.15
6/20/2023 10:15,43438.7,43454.95,43347.4,43420.7
6/20/2023 11:15,43417.55,43475.75,43378.95,43413.6
6/20/2023 12:15,43411.7,43584.7,43394.2,43528
6/20/2023 13:15,43527.5,43569.2,43467.1,43534.25
6/20/2023 14:15,43531.3,43790.05,43490.4,43777.65
6/20/2023 15:15,43778.45,43822.75,43771.5,43796.5
6/21/2023 9:15,43894.4,43945.6,43748.55,43878.25
6/21/2023 10:15,43881.65,43883.2,43722.25,43722.45
6/21/2023 11:15,43727.7,43807.45,43700.25,43777.95
6/21/2023 12:15,43779.35,43877.05,43750.65,43858.6
6/21/2023 13:15,43858.25,43931.65,43835.45,43886.4
6/21/2023 14:15,43886.95,43896.25,43786.05,43883.7
6/21/2023 15:15,43885.65,43897.1,43823.1,43863.8
6/22/2023 9:15,43874.8,43988.35,43802.7,43912.3
6/22/2023 10:15,43910.9,43984.25,43884.85,43930.25
6/22/2023 11:15,43929.55,43945.9,43823.5,43848.6
6/22/2023 12:15,43848.65,43884.4,43724.4,43783.45
6/22/2023 13:15,43784.3,44039.35,43759.2,43932.2
6/22/2023 14:15,43933.55,43948.2,43664.65,43698.5
6/22/2023 15:15,43698.25,43750.85,43679.2,43716.5
6/23/2023 9:15,43641.6,43736.7,43521.35,43684.95
6/23/2023 10:15,43688.95,43792.45,43663.65,43734.9
6/23/2023 11:15,43734.35,43761.3,43673.45,43720.95
6/23/2023 12:15,43723.75,43822.05,43673.8,43723.75
6/23/2023 13:15,43724.95,43788.8,43642.9,43659.95
6/23/2023 14:15,43658.95,43759.4,43609.25,43638.9
6/23/2023 15:15,43637.35,43648.3,43585.9,43617.05
6/26/2023 9:15,43714.75,43769.75,43594.6,43618.45
6/26/2023 10:15,43621.15,43657.75,43553.95,43610.95
6/26/2023 11:15,43614.9,43665.8,43588.35,43640.8
6/26/2023 12:15,43641.05,43688.95,43573.95,43619.5
6/26/2023 13:15,43620.15,43655.85,43559.9,43599.95
6/26/2023 14:15,43600.4,43687.2,43541.75,43666.35
6/26/2023 15:15,43667.25,43671.8,43588.9,43653.65
6/27/2023 9:15,43804.55,43804.55,43695.4,43711.9
6/27/2023 10:15,43710.6,43752.3,43705.15,43744.7
6/27/2023 11:15,43744.65,43826.45,43738.15,43811.15
6/27/2023 12:15,43808.6,43812.65,43720.4,43750.85
6/27/2023 13:15,43753,43919.55,43749.5,43917.1
6/27/2023 14:15,43917.45,44175.85,43907.4,44155.7
6/27/2023 15:15,44153.25,44194.65,44122.35,44164.05
6/28/2023 9:15,44419.5,44419.5,44166.6,44204.2
6/28/2023 10:15,44205.15,44288.7,44168.25,44280.85
6/28/2023 11:15,44278.35,44421.05,44264.85,44320.45
6/28/2023 12:15,44323.85,44385.65,44256.6,44383.7
6/28/2023 13:15,44379.85,44426.8,44310.5,44315.1
6/28/2023 14:15,44316.9,44501.1,44243.1,44314.65
6/28/2023 15:15,44319.6,44415.35,44261.5,44391.55
6/30/2023 9:15,44666,44668.15,44447.2,44593.95
6/30/2023 10:15,44594.25,44605.05,44521.95,44556.6
6/30/2023 11:15,44555.4,44686.6,44555.4,44680.85
6/30/2023 12:15,44680.35,44725.2,44619.75,44707
6/30/2023 13:15,44707.3,44787.1,44700.05,44702.5
6/30/2023 14:15,44703.7,44781.05,44696.65,44766.5
6/30/2023 15:15,44768.75,44773.25,44712.8,44716.95
7/3/2023 9:15,44957.95,45353.2,44882.1,45317.65
7/3/2023 10:15,45317.3,45328.65,45088.4,45096.2
7/3/2023 11:15,45098.55,45184.3,45041,45149.25
7/3/2023 12:15,45149.8,45240.2,45097.3,45206
7/3/2023 13:15,45204.6,45272.05,45138.65,45152.85
7/3/2023 14:15,45153.85,45223.3,45101.1,45142.5
7/3/2023 15:15,45143.15,45190.9,45139.2,45176.35
7/4/2023 9:15,45310.55,45362.8,45000.25,45113.05
7/4/2023 10:15,45114.2,45304.15,45082.05,45276.5
7/4/2023 11:15,45281.55,45435.85,45234.1,45423.1
7/4/2023 12:15,45415,45486.25,45411.35,45450.1
7/4/2023 13:15,45456.3,45655.5,45321.8,45321.8
7/4/2023 14:15,45311.25,45392.4,45220.85,45300.35
7/4/2023 15:15,45299.75,45315.45,45231.3,45283.6
7/5/2023 9:15,45169.7,45418.9,45091.8,45244.7
7/5/2023 10:15,45244.45,45254.4,45139.5,45181.45
7/5/2023 11:15,45181,45271.55,45137.2,45222.1
7/5/2023 12:15,45223.05,45256.55,45158.65,45223.7
7/5/2023 13:15,45224.65,45225.15,45086.85,45183.3
7/5/2023 14:15,45182.65,45195.5,45073.4,45173.95
7/5/2023 15:15,45172.65,45201.55,45158.8,45197.3
7/6/2023 9:15,45060.55,45220.95,45042.6,45182.5
7/6/2023 10:15,45180.65,45205.05,45084.85,45175.9
7/6/2023 11:15,45174.8,45340.25,45166.65,45295.35
7/6/2023 12:15,45296.65,45319.25,45213.25,45213.25
7/6/2023 13:15,45215.45,45310.4,45190.9,45262.35
7/6/2023 14:15,45263.75,45390.25,45245.3,45363.75
7/6/2023 15:15,45363.05,45417.5,45307.35,45314.85
7/7/2023 9:15,45118.05,45227.25,45065.7,45176.45
7/7/2023 10:15,45176.2,45179.85,44914.5,44992.9
7/7/2023 11:15,44991.9,45027.4,44845.7,44930.65
7/7/2023 12:15,44929.85,44957.65,44853.75,44900.4
7/7/2023 13:15,44900.85,44978.5,44888.1,44933.25
7/7/2023 14:15,44933.05,45089.7,44913.8,44920.55
7/7/2023 15:15,44918.05,44931.7,44844.8,44892.1
7/10/2023 9:15,44958.65,45184.3,44885.8,45111.95
7/10/2023 10:15,45114.65,45116.85,44950.1,44959.45
7/10/2023 11:15,44958.7,44958.7,44769.25,44820.45
7/10/2023 12:15,44817.65,44897.6,44757.3,44891.1
7/10/2023 13:15,44897.7,44946.7,44820.25,44889.5
7/10/2023 14:15,44893.2,44893.6,44721.9,44881.35
7/10/2023 15:15,44883.4,44924.75,44849.65,44869.45
7/11/2023 9:15,44998,45076.5,44932.25,45023.6
7/11/2023 10:15,45022.75,45100.6,45000.25,45094.15
7/11/2023 11:15,45092.4,45139.55,45037.35,45092
7/11/2023 12:15,45088.2,45108.15,45021.9,45064.75
7/11/2023 13:15,45063.95,45088.95,44919.65,44930.5
7/11/2023 14:15,44926,44932.75,44663.05,44706.15
7/11/2023 15:15,44705.65,44795.45,44703.45,44786.35
7/12/2023 9:15,44872.6,44937.25,44683.15,44885.95
7/12/2023 10:15,44892.85,44915.5,44770.8,44865.6
7/12/2023 11:15,44865.9,44908.55,44779.3,44828.35
7/12/2023 12:15,44826.45,44870.35,44744.4,44866.4
7/12/2023 13:15,44864.15,44891.5,44800.45,44803.45
7/12/2023 14:15,44802.15,44874,44562.4,44595.3
7/12/2023 15:15,44594.2,44663.3,44590.7,44660.25
7/13/2023 9:15,45009.3,45009.3,44803.65,44971.95
7/13/2023 10:15,44970.7,45021.7,44922.15,45019.35
7/13/2023 11:15,45021.2,45085.15,44949.3,44991
7/13/2023 12:15,44992.05,45039.25,44955.25,45007.15
7/13/2023 13:15,45007.45,45015.4,44727.55,44765.05
7/13/2023 14:15,44763.85,44868.9,44612.2,44664.9
7/13/2023 15:15,44664.35,44754.1,44618.35,44726.45
7/14/2023 9:15,44860.65,44923.85,44750.75,44794.3
7/14/2023 10:15,44796.85,44798.1,44640.3,44684.65
7/14/2023 11:15,44683.55,44764.05,44637.4,44713.95
7/14/2023 12:15,44715.8,44767.5,44660.2,44720.75
7/14/2023 13:15,44722.6,44749.2,44572.55,44615.35
7/14/2023 14:15,44616.5,44867.95,44547.8,44862.9
7/14/2023 15:15,44862,44898.15,44853.4,44891
7/17/2023 9:15,44951.2,44964.65,44695.05,44826.65
7/17/2023 10:15,44831.5,44877.6,44749.1,44781.05
7/17/2023 11:15,44780.15,44798.9,44709.6,44773.6
7/17/2023 12:15,44772.4,44973.9,44725.8,44973.75
7/17/2023 13:15,44975.05,45142.35,44949.9,45045.75
7/17/2023 14:15,45047.95,45518,45047.95,45515.95
7/17/2023 15:15,45516.45,45556.45,45477.3,45502.1
7/18/2023 9:15,45754.8,45905.85,45580.25,45691.55
7/18/2023 10:15,45685.5,45840.05,45666.5,45838.55
7/18/2023 11:15,45839.15,45849.1,45322.75,45386.05
7/18/2023 12:15,45386.95,45653.7,45286.5,45464.05
7/18/2023 13:15,45460.4,45580,45414.9,45473.55
7/18/2023 14:15,45475.4,45509.7,45281.3,45369.55
7/18/2023 15:15,45367.25,45431.05,45341.95,45412
7/19/2023 9:15,45622.5,45649.65,45505.45,45573.05
7/19/2023 10:15,45572.4,45650.65,45473.7,45478.15
7/19/2023 11:15,45475.25,45557.65,45433,45486.95
7/19/2023 12:15,45485.6,45662.1,45482.6,45625.2
7/19/2023 13:15,45623.6,45669.05,45554.8,45627
7/19/2023 14:15,45628.75,45707.4,45515.6,45655.25
7/19/2023 15:15,45656.25,45675.65,45650.35,45668.2
7/20/2023 9:15,45689.05,45773.95,45640.95,45664.45
7/20/2023 10:15,45658.6,45753.4,45654.25,45708.5
7/20/2023 11:15,45710.8,45813.45,45681.75,45776.85
7/20/2023 12:15,45776.8,45868.75,45750.8,45861.8
7/20/2023 13:15,45858.85,46162.85,45854.4,46109.4
7/20/2023 14:15,46110.1,46256.2,45982,46227.75
7/20/2023 15:15,46226.5,46242.2,46146.6,46171.45
7/21/2023 9:15,46063.95,46369.5,46051.9,46120.6
7/21/2023 10:15,46129.6,46129.6,46027.05,46066.85
7/21/2023 11:15,46066.05,46126.35,45989.1,46052.15
7/21/2023 12:15,46053.5,46130.75,45925.9,46096.5
7/21/2023 13:15,46097.45,46263.15,46076.7,46160.85
7/21/2023 14:15,46161.2,46206.55,45948.9,46083.8
7/21/2023 15:15,46081.85,46149,46069.85,46133.45
7/24/2023 9:15,46131.9,46148.25,45975.15,46062.1
7/24/2023 10:15,46058.9,46191.5,46052.9,46111.3
7/24/2023 11:15,46109.95,46155.25,45858.75,45912.25
7/24/2023 12:15,45908.75,46090.65,45884.7,46059.1
7/24/2023 13:15,46058.65,46088.7,45910.8,45941.5
7/24/2023 14:15,45943.9,46061.1,45872.05,45894
7/24/2023 15:15,45894.6,45975.45,45887.95,45921.4
7/25/2023 9:15,46154.7,46156.1,45948.75,46013.6
7/25/2023 10:15,46012.5,46014.05,45836.95,45878.45
7/25/2023 11:15,45878.25,45924.85,45757.65,45800.65
7/25/2023 12:15,45798.65,45942.75,45789.8,45814.85
7/25/2023 13:15,45818,45830.6,45622.85,45698.1
7/25/2023 14:15,45702.5,45933.35,45694.35,45810.45
7/25/2023 15:15,45805.25,45860.35,45803.4,45838.1
7/26/2023 9:15,45935.15,45962.45,45804.7,45959.8
7/26/2023 10:15,45960.65,45995.85,45867.9,45872.95
7/26/2023 11:15,45871.2,45966.95,45843.7,45960.2
7/26/2023 12:15,45958.55,46000.35,45903.25,45933
7/26/2023 13:15,45932.45,46041,45931.35,45985.65
7/26/2023 14:15,45983.45,46096.6,45941.6,46071.25
7/26/2023 15:15,46069.7,46083.35,46025.5,46043.4
7/27/2023 9:15,46285.85,46310.1,46175.5,46212.55
7/27/2023 10:15,46215.85,46303.45,46056.7,46086.05
7/27/2023 11:15,46086.95,46086.95,45839.7,45857.1
7/27/2023 12:15,45853.1,45903,45721.75,45815.8
7/27/2023 13:15,45818.65,45862.35,45681.1,45734.1
7/27/2023 14:15,45739.75,45775.35,45570.65,45695.25
7/27/2023 15:15,45696.05,45791.35,45684.85,45774.6
7/28/2023 9:15,45560.9,45727.75,45370.75,45423.8
7/28/2023 10:15,45424.95,45521.05,45376.2,45446.5
7/28/2023 11:15,45446.75,45491.45,45366.2,45400
7/28/2023 12:15,45398.05,45436.95,45324.85,45368.35
7/28/2023 13:15,45367.55,45373.95,45238.8,45336.1
7/28/2023 14:15,45338.35,45514.65,45281.15,45489.55
7/28/2023 15:15,45488.85,45508.95,45429.6,45460.7
7/31/2023 9:15,45546.35,45563.1,45359.75,45494.7
7/31/2023 10:15,45496.95,45581.7,45450.05,45549.65
7/31/2023 11:15,45550.65,45580.15,45501.1,45541.6
7/31/2023 12:15,45546,45583.15,45475.7,45575.9
7/31/2023 13:15,45575.25,45658.7,45555.7,45568.6
7/31/2023 14:15,45568.35,45694.9,45560.65,45658.05
7/31/2023 15:15,45658.55,45691.45,45616.2,45629.7
8/1/2023 9:15,45740,45782.75,45662.15,45718.2
8/1/2023 10:15,45721.1,45727.25,45560.15,45580.5
8/1/2023 11:15,45585.55,45625.7,45539.6,45569.65
8/1/2023 12:15,45568.95,45595.45,45471.05,45543.8
8/1/2023 13:15,45543.5,45622.55,45494,45506.35
8/1/2023 14:15,45505.9,45640,45487,45582.55
8/1/2023 15:15,45580.95,45639.35,45548.7,45598.05
8/2/2023 9:15,45234.65,45404.9,45234.65,45279.5
8/2/2023 10:15,45278.15,45289.8,45003.6,45096.45
8/2/2023 11:15,45097.3,45102,44986.25,45068.5
8/2/2023 12:15,45070.25,45131.4,44960.9,44962
8/2/2023 13:15,44963,44980.7,44744.2,44750.35
8/2/2023 14:15,44752,45049.15,44722.5,45043.65
8/2/2023 15:15,45043,45085.95,44982.4,44989.4
8/3/2023 9:15,44862.85,45038.45,44793.5,44810
8/3/2023 10:15,44812.3,44883.05,44758.1,44855.55
8/3/2023 11:15,44854.8,44878.55,44732.6,44739.35
8/3/2023 12:15,44738.7,44756.2,44462.7,44513.3
8/3/2023 13:15,44510.35,44537.75,44284.65,44319.75
8/3/2023 14:15,44322.85,44550.9,44313.3,44550.9
8/3/2023 15:15,44550.5,44613.1,44550.5,44582.05
8/4/2023 9:15,44754.75,44762.55,44522.75,44653.4
8/4/2023 10:15,44653.25,44860.8,44607.7,44826.95
8/4/2023 11:15,44829.6,45118.05,44826.75,45046.5
8/4/2023 12:15,45055.2,45088.3,44884,44889.5
8/4/2023 13:15,44890.9,44925.25,44595.55,44721.8
8/4/2023 14:15,44723.55,44946.15,44672.7,44928.8
8/4/2023 15:15,44932.5,44947.2,44850.1,44858.5
8/7/2023 9:15,44993.7,44997.25,44812.65,44931.8
8/7/2023 10:15,44932.65,44978.4,44775.25,44809.65
8/7/2023 11:15,44803.65,44900.9,44793.25,44826.9
8/7/2023 12:15,44834.6,44934.7,44804.25,44826.7
8/7/2023 13:15,44827.65,45011.35,44809.95,44843.8
8/7/2023 14:15,44844.25,44906.55,44794.15,44852.35
8/7/2023 15:15,44852.3,44857,44816.7,44833
8/8/2023 9:15,44888.95,44940.7,44820,44906.45
8/8/2023 10:15,44907.2,45096.85,44878.75,44966.85
8/8/2023 11:15,44967,45020.45,44891.9,45016.75
8/8/2023 12:15,45015.1,45039.05,44933,45000
8/8/2023 13:15,44995.65,45032.7,44937.5,44982.85
8/8/2023 14:15,44983.65,45050,44889.9,44950.4
8/8/2023 15:15,44954.6,45007.35,44942.65,44982.9
8/9/2023 9:15,44973.45,44975,44666.25,44727.75
8/9/2023 10:15,44726.8,44730.45,44550.85,44599.65
8/9/2023 11:15,44593.05,44627.85,44536.85,44625.95
8/9/2023 12:15,44623.9,44681.35,44568.85,44653
8/9/2023 13:15,44650.35,44706.9,44584.15,44688.9
8/9/2023 14:15,44686.8,44904.85,44638,44895.2
8/9/2023 15:15,44893.7,44921,44822.35,44881.05
8/10/2023 9:15,44797.65,44958.35,44685.8,44954.4
8/10/2023 10:15,44955.7,44979,44481.45,44585.3
8/10/2023 11:15,44584.3,44730.9,44575,44588.95
8/10/2023 12:15,44591.25,44681.8,44573,44673.4
8/10/2023 13:15,44671.85,44697.35,44419.05,44542.35
8/10/2023 14:15,44541.05,44604.05,44490.6,44550.1
8/10/2023 15:15,44550.3,44570.3,44488.95,44544.2
8/11/2023 9:15,44568.15,44568.15,44279.15,44325.2
8/11/2023 10:15,44325.6,44408.55,44311.85,44338.2
8/11/2023 11:15,44339.2,44413.3,44322.15,44375.75
8/11/2023 12:15,44376.35,44462.85,44251.1,44391.65
8/11/2023 13:15,44392.55,44405.2,44275.35,44308.3
8/11/2023 14:15,44309.25,44339.75,44122.6,44154.3
8/11/2023 15:15,44155.1,44275.8,44151.9,44262.55
8/14/2023 9:15,44066.6,44084.15,43777.65,43888.25
8/14/2023 10:15,43893.3,43953.85,43840.55,43896.85
8/14/2023 11:15,43898.55,44017,43888.85,44010.95
8/14/2023 12:15,44014.95,44037,43910.95,43945.55
8/14/2023 13:15,43946.1,44126.9,43904.75,44103.15
8/14/2023 14:15,44100.95,44209.15,44066.5,44079.35
8/14/2023 15:15,44079,44105.2,43996.1,44061.75
8/16/2023 9:15,43726.25,43851.7,43614.35,43841.4
8/16/2023 10:15,43843.3,43905.35,43800.05,43810.65
8/16/2023 11:15,43810.15,43847.6,43731,43824.85
8/16/2023 12:15,43823.3,43935.3,43811.05,43913.45
8/16/2023 13:15,43912.2,43972.85,43863.4,43878
8/16/2023 14:15,43879.3,44002.8,43853.8,43943.05
8/16/2023 15:15,43943.8,43954.1,43897.9,43914.9
8/17/2023 9:15,43897.25,44001.7,43837.05,43967.5
8/17/2023 10:15,43968.2,44071.85,43952.9,44008.2
8/17/2023 11:15,44006.15,44011.4,43838.75,43866.9
8/17/2023 12:15,43865.6,43877.45,43748.2,43769.15
8/17/2023 13:15,43767.35,43882.65,43759.2,43859.65
8/17/2023 14:15,43861.45,43916.15,43814.2,43883.9
8/17/2023 15:15,43886.5,43922,43853.9,43865.65
8/18/2023 9:15,43724.75,43952.3,43684.4,43864.35
8/18/2023 10:15,43863.75,43957.65,43855.8,43902.5
8/18/2023 11:15,43901.3,43931.65,43850.85,43862.9
8/18/2023 12:15,43862.25,43872.65,43818.95,43826.6
8/18/2023 13:15,43828.95,43883.3,43774.7,43854.7
8/18/2023 14:15,43857.8,43935.15,43852.3,43875.65
8/18/2023 15:15,43875.15,43878.9,43763.2,43793.2
8/21/2023 9:15,43952.85,43988.2,43862.9,43893.1
8/21/2023 10:15,43892.1,44061.8,43889.4,44024.7
8/21/2023 11:15,44024.55,44043.4,43953.8,44011.6
8/21/2023 12:15,44015.95,44086.15,44001.9,44073.05
8/21/2023 13:15,44072.35,44113.8,44019.85,44035.35
8/21/2023 14:15,44037.15,44102.2,43988.25,44002.55
8/21/2023 15:15,44000.25,44004,43941.95,43961.35
8/22/2023 9:15,44125,44151.3,44036.3,44073.85
8/22/2023 10:15,44075.6,44127.1,44051.15,44074
8/22/2023 11:15,44076.05,44101,44044.5,44069.5
8/22/2023 12:15,44069.25,44101.55,44021.6,44077.35
8/22/2023 13:15,44079.6,44109.7,44022.5,44062.4
8/22/2023 14:15,44060.3,44070.6,43943.6,44000.75
8/22/2023 15:15,43998.1,44036.95,43942.75,43950.4
8/23/2023 9:15,44064.5,44151.6,43952.25,43984.75
8/23/2023 10:15,43984.5,44139.45,43954.3,44119.95
8/23/2023 11:15,44122.45,44237.25,44107.1,44218.7
8/23/2023 12:15,44222.8,44416.75,44184.75,44366.6
8/23/2023 13:15,44369.15,44521.65,44355.9,44497.95
8/23/2023 14:15,44497.85,44517.9,44432.35,44485.2
8/23/2023 15:15,44485.85,44495.75,44446,44479.9
8/24/2023 9:15,44704.2,44949.9,44628.8,44904.05
8/24/2023 10:15,44903.3,44918.15,44646.45,44677.85
8/24/2023 11:15,44681.05,44733.25,44576.35,44625.35
8/24/2023 12:15,44625.65,44671.6,44550.25,44584.95
8/24/2023 13:15,44584.85,44626.65,44532.45,44621.5
8/24/2023 14:15,44617.75,44621.3,44442.75,44543.3
8/24/2023 15:15,44542.7,44546.4,44433.75,44461.1
8/25/2023 9:15,44276.2,44356.35,44142.35,44266.4
8/25/2023 10:15,44268.2,44270.6,43986.55,44055.45
8/25/2023 11:15,44056.3,44359.1,44033.55,44257.15
8/25/2023 12:15,44245.5,44353.9,44223.1,44274.2
8/25/2023 13:15,44279.3,44323.15,44239.25,44239.25
8/25/2023 14:15,44239.75,44298.8,44175.25,44241.95
8/25/2023 15:15,44243.7,44268.05,44134.55,44167.95
8/28/2023 9:15,44253.65,44378.15,44201.9,44260.8
8/28/2023 10:15,44257.25,44340.75,44237.5,44334.55
8/28/2023 11:15,44335.95,44443.85,44333.75,44404.6
8/28/2023 12:15,44404.3,44535.4,44393.1,44485.85
8/28/2023 13:15,44488.9,44610.4,44479.75,44547.15
8/28/2023 14:15,44546.65,44559.15,44463.5,44478.65
8/28/2023 15:15,44479.85,44516.65,44475.55,44507.75
8/29/2023 9:15,44655.75,44673,44537.95,44566.3
8/29/2023 10:15,44565.15,44575.15,44475.1,44518.05
8/29/2023 11:15,44516.65,44596.75,44510.25,44571.45
8/29/2023 12:15,44570.25,44598.7,44502.35,44546.6
8/29/2023 13:15,44548.9,44585.5,44515.1,44515.1
8/29/2023 14:15,44516,44528.8,44432.45,44489.25
8/29/2023 15:15,44490.6,44520.2,44477.7,44511.65
8/30/2023 9:15,44706.55,44779.65,44650.9,44703.6
8/30/2023 10:15,44701.1,44711,44638,44657.2
8/30/2023 11:15,44656.75,44666.45,44597.95,44624.05
8/30/2023 12:15,44625.15,44632.2,44553.9,44614.25
8/30/2023 13:15,44612.65,44616.15,44508.3,44520.5
8/30/2023 14:15,44518.1,44529.3,44178.4,44210.85
8/30/2023 15:15,44210.35,44245.5,44151.5,44208.8
8/31/2023 9:15,44265.85,44399.65,44104.25,44239.7
8/31/2023 10:15,44234.45,44277.45,44031.8,44070.65
8/31/2023 11:15,44072.7,44110.5,43970.55,44029.65
8/31/2023 12:15,44027.7,44047.1,43898.8,43905.9
8/31/2023 13:15,43905.55,44094.8,43897.6,43978.7
8/31/2023 14:15,43976.7,44018.5,43914.85,44010.9
8/31/2023 15:15,44011.4,44102.85,43964.65,44060.75
9/1/2023 9:15,43996.1,44037.4,43832.8,43879.1
9/1/2023 10:15,43877.75,44139.4,43870.4,44027.8
9/1/2023 11:15,44026.2,44075.7,43958.95,44012.35
9/1/2023 12:15,44013.35,44311.05,43986.65,44289.65
9/1/2023 13:15,44288.55,44514.65,44228.15,44473.6
9/1/2023 14:15,44472.6,44568.55,44416.05,44443.1
9/1/2023 15:15,44444.8,44454.5,44352.65,44403.7
9/4/2023 9:15,44647.65,44656.05,44399.4,44423.5
9/4/2023 10:15,44422.95,44479.1,44310.95,44453.75
9/4/2023 11:15,44454.05,44513.85,44407.9,44449.95
9/4/2023 12:15,44448.8,44556.15,44448.15,44536.7
9/4/2023 13:15,44535.1,44567.1,44462.2,44508.95
9/4/2023 14:15,44509,44594.6,44471.95,44572.2
9/4/2023 15:15,44569.4,44605.75,44554.5,44584.25
9/5/2023 9:15,44625.05,44668.7,44543.9,44653.7
9/5/2023 10:15,44650.65,44655.55,44481,44539
9/5/2023 11:15,44543.05,44578,44460.85,44486.65
9/5/2023 12:15,44485.25,44497.9,44426.15,44495.9
9/5/2023 13:15,44496.85,44517.7,44401.7,44482
9/5/2023 14:15,44479.55,44548,44462.85,44538.35
9/5/2023 15:15,44538.1,44570.75,44519.1,44543.85
9/6/2023 9:15,44494.65,44577,44441.85,44469.35
9/6/2023 10:15,44467.5,44557.8,44432.8,44475.9
9/6/2023 11:15,44476.05,44483.6,44335.85,44391.35
9/6/2023 12:15,44395.5,44398.6,44261.05,44285.25
9/6/2023 13:15,44287.75,44327.8,44207.25,44299.35
9/6/2023 14:15,44299.6,44455,44295.05,44388.95
9/6/2023 15:15,44388,44524.05,44388,44468.55
9/7/2023 9:15,44418.05,44507.05,44341.2,44468.2
9/7/2023 10:15,44476.35,44672.95,44433.65,44672.8
9/7/2023 11:15,44672.6,44689.95,44439.05,44468.6
9/7/2023 12:15,44468.25,44497.85,44400.85,44454.45
9/7/2023 13:15,44456.4,44650.4,44452.05,44631
9/7/2023 14:15,44633.45,44915.55,44626.8,44852.5
9/7/2023 15:15,44852.8,44884.45,44827.2,44855.55
9/8/2023 9:15,44953.65,45002.55,44832.9,44923.7
9/8/2023 10:15,44923.5,44940.65,44812.15,44879.4
9/8/2023 11:15,44877.65,45144.3,44858.85,45129.3
9/8/2023 12:15,45129.55,45177.9,45080.4,45129.8
9/8/2023 13:15,45119.6,45231.5,45038.4,45216.2
9/8/2023 14:15,45218.5,45383.35,45075.25,45141.05
9/8/2023 15:15,45137.6,45215.75,45137.1,45169.55
9/11/2023 9:15,45340.8,45441.55,45236.7,45398.9
9/11/2023 10:15,45398.4,45415.05,45294.9,45332.65
9/11/2023 11:15,45332.05,45431.9,45330.45,45380.15
9/11/2023 12:15,45382.8,45467,45379.6,45407.7
9/11/2023 13:15,45406.3,45485.9,45389.55,45459.95
9/11/2023 14:15,45463.2,45585.6,45449.25,45575.3
9/11/2023 15:15,45575,45630.6,45572.85,45618.95
9/12/2023 9:15,45893.8,45893.8,45401.4,45484.45
9/12/2023 10:15,45483.8,45598.5,45396,45582.3
9/12/2023 11:15,45584.4,45622.7,45509.3,45578.35
9/12/2023 12:15,45583.65,45592.85,45322.95,45419.6
9/12/2023 13:15,45421.7,45533.95,45359.8,45510.3
9/12/2023 14:15,45513.2,45533.45,45420.3,45498.6
9/12/2023 15:15,45497.65,45564.4,45480.65,45490.1
9/13/2023 9:15,45449.35,45499.9,45301.85,45367.75
9/13/2023 10:15,45366.4,45612.7,45332.25,45610.25
9/13/2023 11:15,45608.75,45725.4,45580.3,45682.1
9/13/2023 12:15,45680.8,45888.35,45656.55,45856.85
9/13/2023 13:15,45854.2,45947.4,45834.6,45913.4
9/13/2023 14:15,45916.55,45990.5,45871.7,45904.25
9/13/2023 15:15,45904.15,45922.55,45846.7,45899.6
9/14/2023 9:15,46013.3,46153.9,45843.25,45895.05
9/14/2023 10:15,45894.8,46033.6,45810.15,46012.1
9/14/2023 11:15,46012.45,46029.65,45917.8,45990.65
9/14/2023 12:15,46001,46013.65,45831.05,45963.15
9/14/2023 13:15,45965.35,46015.4,45816.95,45893.55
9/14/2023 14:15,45894.9,46059.9,45879.45,46004.9
9/14/2023 15:15,46000.25,46039.1,45963.75,45983.65
9/15/2023 9:15,46122.15,46176.7,46048.55,46099.45
9/15/2023 10:15,46099.55,46256.6,46073.25,46225.05
9/15/2023 11:15,46225.4,46280.85,46188.65,46236.15
9/15/2023 12:15,46236.2,46240.35,46032.9,46133.55
9/15/2023 13:15,46132.7,46201.9,46082.25,46197
9/15/2023 14:15,46196.9,46310.4,46172.85,46200.3
9/15/2023 15:15,46200.35,46238.4,46138.7,46154.05
9/18/2023 9:15,46100.95,46180.35,46070.95,46140.15
9/18/2023 10:15,46141.45,46173.75,46101.85,46167.35
9/18/2023 11:15,46169.3,46252.95,46119.8,46128.15
9/18/2023 12:15,46127.9,46159.85,46073.35,46111.95
9/18/2023 13:15,46115.9,46143.9,46049.7,46055.55
9/18/2023 14:15,46053.8,46139.9,45951.45,45951.45
9/18/2023 15:15,45952.15,45982.25,45908.9,45945.45
9/20/2023 9:15,45493.7,45745.15,45476.75,45564.65
9/20/2023 10:15,45567.85,45588.55,45405.75,45431.8
9/20/2023 11:15,45434.7,45458,45361.9,45403.75
9/20/2023 12:15,45402.7,45458.05,45328.2,45350.85
9/20/2023 13:15,45353.6,45393.6,45281.5,45376.45
9/20/2023 14:15,45390.35,45409.6,45284.05,45380.15
9/20/2023 15:15,45381.45,45461.7,45364,45442.65
9/21/2023 9:15,45179.6,45276.8,45041.15,45093.8
9/21/2023 10:15,45101.6,45222.75,45065.6,45178.5
9/21/2023 11:15,45179.05,45180.1,44901.4,44923.65
9/21/2023 12:15,44917.5,44935.4,44741.35,44804.15
9/21/2023 13:15,44805.45,44885.1,44650.75,44667.7
9/21/2023 14:15,44666.85,44720.25,44593.4,44629.75
9/21/2023 15:15,44625.2,44660.45,44600.3,44610.2
9/22/2023 9:15,44707.35,44950.45,44552.5,44652.35
9/22/2023 10:15,44656.25,44984.9,44623.15,44924.65
9/22/2023 11:15,44923.75,44996.75,44823.65,44963.5
9/22/2023 12:15,44966.95,44991.7,44857.6,44907.55
9/22/2023 13:15,44907.45,44924.35,44662.75,44753.3
9/22/2023 14:15,44749.05,44786.7,44557.75,44591.2
9/22/2023 15:15,44591.1,44649.45,44580.45,44639.95
9/25/2023 9:15,44615,44710.95,44427.05,44431.8
9/25/2023 10:15,44431.05,44520.25,44403.65,44430.15
9/25/2023 11:15,44431.5,44645.8,44409.95,44613.65
9/25/2023 12:15,44614.2,44889.65,44613.05,44859.95
9/25/2023 13:15,44858.85,44936.55,44614.15,44619.3
9/25/2023 14:15,44619.2,44864.2,44584.3,44781.25
9/25/2023 15:15,44779.5,44802,44733.4,44758.4
9/26/2023 9:15,44722.5,44773.8,44610.5,44720.15
9/26/2023 10:15,44720.4,44734.05,44613.25,44698.35
9/26/2023 11:15,44696.2,44715.7,44632,44685.6
9/26/2023 12:15,44684,44701.65,44532.45,44642.65
9/26/2023 13:15,44638.1,44685.95,44623.8,44653.4
9/26/2023 14:15,44657.4,44668.7,44583.1,44629.7
9/26/2023 15:15,44628.5,44663.2,44616.95,44662.45
9/27/2023 9:15,44465.9,44524.55,44202.2,44224.35
9/27/2023 10:15,44224.4,44410.9,44182.5,44407.5
9/27/2023 11:15,44414.65,44461.15,44317.9,44355.85
9/27/2023 12:15,44351.75,44493,44348.8,44472.4
9/27/2023 13:15,44473.9,44668,44440.65,44591.15
9/27/2023 14:15,44592.85,44648.8,44499,44573.95
9/27/2023 15:15,44574.65,44616.1,44559.6,44600.75
9/28/2023 9:15,44700.35,44733.4,44524.55,44690.05
9/28/2023 10:15,44691.8,44756.8,44448.9,44457.35
9/28/2023 11:15,44462.2,44539.4,44427.8,44478.25
9/28/2023 12:15,44477.65,44498.45,44392.5,44433.85
9/28/2023 13:15,44433.3,44436.65,44313.05,44348.85
9/28/2023 14:15,44346.9,44421.5,44260.75,44283.45
9/28/2023 15:15,44281.75,44337.7,44248.2,44288.2
9/29/2023 9:15,44445.35,44586.35,44344.9,44568
9/29/2023 10:15,44568,44628.15,44497.2,44585.85
9/29/2023 11:15,44581.5,44687.25,44538.4,44663.95
9/29/2023 12:15,44662.45,44679.65,44572.9,44620.5
9/29/2023 13:15,44617.45,44720,44580.5,44689.15
9/29/2023 14:15,44686.85,44755.05,44550.3,44550.9
9/29/2023 15:15,44553.8,44604.2,44538.2,44603.15
10/3/2023 9:15,44561.5,44566.3,44243.1,44342.2
10/3/2023 10:15,44343.35,44375.1,44269.25,44318.55
10/3/2023 11:15,44318.75,44397.8,44305.6,44367.35
10/3/2023 12:15,44370.1,44407.4,44336,44386.55
10/3/2023 13:15,44387.25,44435.5,44307.35,44357.25
10/3/2023 14:15,44365.55,44415.85,44337.65,44391.15
10/3/2023 15:15,44392.4,44415.85,44377.6,44395.3
10/4/2023 9:15,44108.15,44161.35,43900.2,43915.7
10/4/2023 10:15,43916.4,44044.4,43885.2,43972.65
10/4/2023 11:15,43972.75,43998.95,43857.5,43901.35
10/4/2023 12:15,43899.55,43945.05,43868.7,43936.3
10/4/2023 13:15,43939.35,43978.25,43886.95,43956.1
10/4/2023 14:15,43954.85,43996.7,43906.5,43975.5
10/4/2023 15:15,43974.95,44026.95,43951.95,43993.3
10/5/2023 9:15,44181.35,44274.7,44145.4,44202.55
10/5/2023 10:15,44203.35,44316.75,44108.3,44308
10/5/2023 11:15,44309.4,44391.85,44284.5,44330
10/5/2023 12:15,44330.4,44334.5,44221.85,44246.4
10/5/2023 13:15,44246.75,44308.45,44227.35,44247.25
10/5/2023 14:15,44244.7,44285.5,44186.25,44208
10/5/2023 15:15,44205.8,44250.35,44185.05,44208.25
10/6/2023 9:15,44395.4,44401.05,44242.95,44317.35
10/6/2023 10:15,44311.15,44500.7,44306.85,44411.25
10/6/2023 11:15,44410.2,44415,44255.65,44293.85
10/6/2023 12:15,44291.65,44364.35,44259.7,44349.85
10/6/2023 13:15,44347.5,44471.05,44341.85,44440.9
10/6/2023 14:15,44441.7,44456.35,44349.05,44366.3
10/6/2023 15:15,44371.4,44380.8,44328.9,44368.05
10/9/2023 9:15,44057.8,44113.2,43796.75,44026.1
10/9/2023 10:15,44023.45,44066.05,43958.95,43989.1
10/9/2023 11:15,43989.75,44009.8,43964.4,43982.5
10/9/2023 12:15,43982.6,43982.6,43828.7,43865.3
10/9/2023 13:15,43863.05,43915,43859.7,43890.9
10/9/2023 14:15,43891.4,43965.6,43858.4,43894.7
10/9/2023 15:15,43893.55,43894.8,43863.1,43868.5
10/10/2023 9:15,44027.55,44139.4,44004.55,44073.95
10/10/2023 10:15,44076.6,44123.35,44058.25,44065.95
10/10/2023 11:15,44068.75,44302.65,44045.35,44298.2
10/10/2023 12:15,44297.95,44398.3,44255.6,44362.55
10/10/2023 13:15,44362.6,44487.25,44356.15,44423.55
10/10/2023 14:15,44426.4,44480.05,44328.25,44352.75
10/10/2023 15:15,44354.45,44386.6,44347.4,44378.4
10/11/2023 9:15,44554.9,44710.55,44500.05,44533.55
10/11/2023 10:15,44531.2,44597.6,44445.6,44474.75
10/11/2023 11:15,44465.2,44546.7,44451.25,44524.1
10/11/2023 12:15,44525.95,44546.25,44452.2,44540.65
10/11/2023 13:15,44540.5,44543.2,44411.4,44454.25
10/11/2023 14:15,44455.75,44556.6,44439.7,44516.7
10/11/2023 15:15,44517.05,44544.85,44488.7,44519.85
10/12/2023 9:15,44571.55,44693.05,44530.05,44639.7
10/12/2023 10:15,44644.45,44662.15,44560.85,44637.4
10/12/2023 11:15,44637.05,44645,44578.6,44619.4
10/12/2023 12:15,44622.25,44645.6,44535.05,44555.85
10/12/2023 13:15,44554.1,44616.9,44545.75,44592.25
10/12/2023 14:15,44589.25,44632.45,44568.35,44610.5
10/12/2023 15:15,44609.05,44622.8,44570.85,44570.85
10/13/2023 9:15,44322.05,44380.55,44214.45,44242.25
10/13/2023 10:15,44245.6,44288.7,44204.85,44260.75
10/13/2023 11:15,44256.8,44316.45,44243.45,44246.15
10/13/2023 12:15,44253.7,44364.4,44247.9,44340.5
10/13/2023 13:15,44345.55,44510.55,44290.65,44503.8
10/13/2023 14:15,44507.65,44563.05,44278.75,44301.15
10/13/2023 15:15,44300.3,44314.55,44203.7,44220.5
10/16/2023 9:15,44204.75,44223.1,44044.4,44192.25
10/16/2023 10:15,44194.65,44283.9,44148.2,44223.45
10/16/2023 11:15,44224.5,44356.95,44192.7,44310.1
10/16/2023 12:15,44304.45,44340.9,44259.8,44270.05
10/16/2023 13:15,44267.8,44309.9,44227.25,44257.8
10/16/2023 14:15,44255.65,44300,44214.5,44217.15
10/16/2023 15:15,44217.2,44253.5,44207.7,44242.55
10/17/2023 9:15,44589.8,44589.85,44434.1,44456.6
10/17/2023 10:15,44460.7,44527.95,44453.5,44511.3
10/17/2023 11:15,44511.15,44516.7,44457.75,44512.25
10/17/2023 12:15,44510.1,44525.4,44466.6,44513.15
10/17/2023 13:15,44512.95,44544.9,44336.95,44351.6
10/17/2023 14:15,44348.85,44446.25,44345.6,44399.65
10/17/2023 15:15,44396.45,44460.2,44373.35,44441.3
10/18/2023 9:15,44404.2,44412.5,44236.1,44355.4
10/18/2023 10:15,44355.6,44366.95,43877.2,43932.75
10/18/2023 11:15,43937.35,43999.25,43868.15,43908.45
10/18/2023 12:15,43911.25,43977.65,43887.55,43967.95
10/18/2023 13:15,43966.95,43974.3,43894.8,43945.9
10/18/2023 14:15,43944.4,43957.05,43861.45,43919.65
10/18/2023 15:15,43917.6,43919.3,43879.7,43894.45
10/19/2023 9:15,43616.75,43812.15,43558.1,43764.3
10/19/2023 10:15,43761.6,43785.65,43686.75,43749.8
10/19/2023 11:15,43749.65,43992.6,43745,43960.65
10/19/2023 12:15,43961.6,43965.85,43824.4,43850.1
10/19/2023 13:15,43848.6,44058.8,43762.7,43945.85
10/19/2023 14:15,43943.8,43957.05,43726.85,43730.85
10/19/2023 15:15,43729.85,43754.4,43713.15,43752.45
10/20/2023 9:15,43584.25,43797.85,43567.45,43753.85
10/20/2023 10:15,43754.5,43771.2,43657,43743.8
10/20/2023 11:15,43744.75,43768.6,43616,43709.75
10/20/2023 12:15,43708.95,43751.35,43686.9,43730.2
10/20/2023 13:15,43726.75,43877.5,43691.35,43749.6
10/20/2023 14:15,43747.65,43811.45,43676.7,43736.85
10/20/2023 15:15,43735.6,43740.65,43710.2,43740.65
10/23/2023 9:15,43822.7,43831.3,43642.45,43667.95
10/23/2023 10:15,43669.3,43693.85,43623.3,43665.6
10/23/2023 11:15,43666.9,43722.4,43583.95,43683.25
10/23/2023 12:15,43685.35,43726.15,43601.5,43616.15
10/23/2023 13:15,43617.1,43677.15,43599.35,43621.95
10/23/2023 14:15,43620,43630.5,43029.45,43127.8
10/23/2023 15:15,43131.05,43190.4,43089.15,43186
10/25/2023 9:15,43308.3,43397.45,43163.25,43349
10/25/2023 10:15,43343.8,43374.9,43216.2,43271.5
10/25/2023 11:15,43271.1,43291.5,43114.4,43152.9
10/25/2023 12:15,43152.4,43174,42824.3,42837.55
10/25/2023 13:15,42837,42995.55,42808.05,42994.6
10/25/2023 14:15,42990.75,43000.35,42812.3,42832.85
10/25/2023 15:15,42831.8,42866.4,42758.4,42848.15
10/26/2023 9:15,42708.4,42716.2,42359.9,42376.15
10/26/2023 10:15,42375.05,42406.9,42203.3,42212.1
10/26/2023 11:15,42215.1,42241.9,42105.4,42144.2
10/26/2023 12:15,42147.3,42329.65,42143.2,42273.8
10/26/2023 13:15,42270.5,42329.15,42186.75,42272.6
10/26/2023 14:15,42273.2,42373.9,42193.8,42290.3
10/26/2023 15:15,42292.85,42326.7,42261.3,42288.15
10/27/2023 9:15,42555.6,42726.4,42482.75,42608.55
10/27/2023 10:15,42608.85,42709.95,42577.6,42694.55
10/27/2023 11:15,42694.95,42784,42674.45,42726.75
10/27/2023 12:15,42726.1,42740.35,42632.1,42666.85
10/27/2023 13:15,42666.1,42746.9,42653.45,42721.3
10/27/2023 14:15,42720.95,42817.25,42701.55,42753.6
10/27/2023 15:15,42753.15,42840.15,42753.15,42831.25
10/30/2023 9:15,42721.4,42809.85,42390.5,42490.1
10/30/2023 10:15,42495.75,42771.8,42462.45,42701.6
10/30/2023 11:15,42700.6,42958,42686.8,42925.1
10/30/2023 12:15,42922.4,43006.05,42868.3,42996.25
10/30/2023 13:15,42993.75,42997.1,42893.95,42932.8
10/30/2023 14:15,42926.8,43063.45,42876.75,43029.5
10/30/2023 15:15,43029.2,43112.5,43023.1,43073.6
10/31/2023 9:15,43356.85,43356.85,42996.45,43038.2
10/31/2023 10:15,43040.25,43071.1,42938.2,43007.85
10/31/2023 11:15,43006.9,43044.4,42852.85,42909.45
10/31/2023 12:15,42907.8,43052.5,42896.15,43004.85
10/31/2023 13:15,43003.65,43035.45,42942.3,42993.1
10/31/2023 14:15,42990.35,43086.4,42797.15,42843.6
10/31/2023 15:15,42843.95,42865.3,42811.05,42827.75
11/1/2023 9:15,42694.25,42815.15,42633.4,42708.6
11/1/2023 10:15,42716.25,42745.55,42604.25,42666.95
11/1/2023 11:15,42667.4,42737.5,42630.05,42733.25
11/1/2023 12:15,42733.3,42772.6,42630.9,42652.25
11/1/2023 13:15,42653.5,42723.95,42589.65,42669.1
11/1/2023 14:15,42669.3,42737.4,42625.55,42705.25
11/1/2023 15:15,42705.85,42746.15,42688.6,42734.15
11/2/2023 9:15,43018.7,43271.5,42986.35,43123.8
11/2/2023 10:15,43126.45,43178.5,43036.65,43083.5
11/2/2023 11:15,43084.45,43088.65,42796.45,42869.1
11/2/2023 12:15,42866.75,42942.65,42852.45,42942.45
11/2/2023 13:15,42942.65,42963.8,42852.95,42947.1
11/2/2023 14:15,42946.75,43086.35,42896.5,42963.8
11/2/2023 15:15,42970.45,43040.2,42959.7,43033.5
11/3/2023 9:15,43318.3,43367.6,43221,43339.55
11/3/2023 10:15,43338.3,43410.7,43305.35,43349.7
11/3/2023 11:15,43349.25,43371.35,43291.9,43330.65
11/3/2023 12:15,43331.4,43363.45,43293.6,43342.3
11/3/2023 13:15,43342.6,43394.3,43333.2,43359.95
11/3/2023 14:15,43360.1,43416.1,43281.7,43307.25
11/3/2023 15:15,43307.55,43326.05,43300.4,43306.95
11/6/2023 9:15,43627.75,43636.8,43473.65,43507.25
11/6/2023 10:15,43510.7,43549.7,43415.2,43450.8
11/6/2023 11:15,43451.7,43514.6,43438.2,43489.8
11/6/2023 12:15,43487,43533.35,43458.1,43521.3
11/6/2023 13:15,43518.7,43569.2,43497.15,43566.9
11/6/2023 14:15,43565.55,43640.4,43528.65,43627.7
11/6/2023 15:15,43629.35,43648.7,43603.65,43628
11/7/2023 9:15,43598.85,43607.35,43374.65,43429.55
11/7/2023 10:15,43431.8,43513.8,43411.25,43485.55
11/7/2023 11:15,43487.65,43518.85,43283.85,43330.05
11/7/2023 12:15,43331.95,43393.25,43300.7,43386.55
11/7/2023 13:15,43389.8,43648.85,43352.25,43615.35
11/7/2023 14:15,43614.45,43727.35,43577.65,43718.45
11/7/2023 15:15,43717,43799.35,43710,43780.15
11/8/2023 9:15,43791.8,43797.55,43612.2,43619.5
11/8/2023 10:15,43619.85,43698.3,43547.75,43574.25
11/8/2023 11:15,43569.05,43658.15,43550,43651.85
11/8/2023 12:15,43648.55,43662.55,43580.55,43641.55
11/8/2023 13:15,43641.35,43704.9,43590.55,43593
11/8/2023 14:15,43591.1,43689,43568.9,43666
11/8/2023 15:15,43667.4,43677.35,43635.75,43646.6
11/9/2023 9:15,43626.1,43745.5,43542.65,43726.25
11/9/2023 10:15,43726.15,43772.55,43682.7,43746.5
11/9/2023 11:15,43745.45,43876.75,43728.5,43830.5
11/9/2023 12:15,43831.2,43845.6,43719.1,43739.85
11/9/2023 13:15,43739.45,43782.25,43700.4,43763.1
11/9/2023 14:15,43763.6,43776,43667.25,43672.65
11/9/2023 15:15,43670.65,43698.7,43656.95,43695.9
11/10/2023 9:15,43543.25,43624.75,43504.95,43607.75
11/10/2023 10:15,43606.6,43737.75,43604.55,43645.05
11/10/2023 11:15,43645.95,43711.35,43607.6,43694.75
11/10/2023 12:15,43696.8,43801.4,43670.9,43718.85
11/10/2023 13:15,43719.45,43794.1,43698.45,43717.1
11/10/2023 14:15,43717.45,43816.65,43641.9,43812.55
11/10/2023 15:15,43811.3,43908.7,43806.35,43879.9
11/12/2023 18:15,44054.5,44056,43916.6,43978.7
11/13/2023 9:15,43915.1,43934.6,43783.4,43868.4
11/13/2023 10:15,43868.7,43877.35,43681.4,43723.9
11/13/2023 11:15,43726.5,43892.35,43718.15,43869.25
11/13/2023 12:15,43870,43902.25,43843.95,43867.65
11/13/2023 13:15,43867.15,43947.55,43865.6,43923
11/13/2023 14:15,43922.3,43970.75,43865.05,43881.55
11/13/2023 15:15,43882.85,43911.45,43865.25,43885.45
11/15/2023 9:15,44398.45,44408.55,44203.05,44249.45
11/15/2023 10:15,44242.15,44267.8,44166.1,44214.3
11/15/2023 11:15,44215.05,44234.75,44174.1,44223
11/15/2023 12:15,44225.25,44241.65,44180.65,44224.85
11/15/2023 13:15,44225.75,44261.3,44199.3,44231.5
11/15/2023 14:15,44234.3,44244.95,44164.55,44206.85
11/15/2023 15:15,44206.55,44239.7,44187.3,44215.25
11/16/2023 9:15,44251.7,44274.6,44145.7,44223.95
11/16/2023 10:15,44227.25,44391.2,44220.9,44388.9
11/16/2023 11:15,44389.25,44409.05,44307.4,44324.5
11/16/2023 12:15,44320.85,44345.35,44262.65,44310.85
11/16/2023 13:15,44309.85,44372.8,44283.7,44368.8
11/16/2023 14:15,44371.2,44420.95,44064.15,44085.5
11/16/2023 15:15,44083.8,44156.25,44078.5,44137.55
11/17/2023 9:15,43656.25,43872.85,43574.1,43727.1
11/17/2023 10:15,43714.6,43770.7,43556.5,43673.35
11/17/2023 11:15,43673.95,43726.8,43644.8,43687.45
11/17/2023 12:15,43689.2,43731,43608.15,43681.1
11/17/2023 13:15,43680.15,43698.25,43601.5,43674.65
11/17/2023 14:15,43675.1,43695.75,43564.15,43606.25
11/17/2023 15:15,43606.1,43625.2,43513.85,43545.35
11/20/2023 9:15,43591.5,43618.8,43450.05,43531
11/20/2023 10:15,43535.8,43724,43525.55,43529
11/20/2023 11:15,43526.45,43619.25,43507.2,43601.75
11/20/2023 12:15,43601.1,43680.55,43575.95,43655.35
11/20/2023 13:15,43655.65,43682.35,43599.85,43604.35
11/20/2023 14:15,43604.15,43664.25,43567.95,43581.65
11/20/2023 15:15,43580.85,43589.3,43563,43566.45
11/21/2023 9:15,43790.95,43790.95,43680.15,43697.4
11/21/2023 10:15,43696.95,43751.7,43672.55,43718.85
11/21/2023 11:15,43719.35,43759.9,43704.3,43752.2
11/21/2023 12:15,43753.6,43778.35,43586.45,43647.1
11/21/2023 13:15,43644.05,43731,43635,43680.55
11/21/2023 14:15,43679.55,43702.9,43664.25,43686.65
11/21/2023 15:15,43681.6,43710.05,43672.6,43694.95
11/22/2023 9:15,43663.6,43692.5,43548.4,43626.35
11/22/2023 10:15,43625.25,43644.6,43490.4,43535.25
11/22/2023 11:15,43534.75,43562.2,43310.3,43310.3
11/22/2023 12:15,43306.05,43344,43230.95,43320.35
11/22/2023 13:15,43319.3,43349.15,43279.35,43292.4
11/22/2023 14:15,43292.35,43470.25,43288.85,43432.6
11/22/2023 15:15,43437,43481.1,43418.7,43454.6
11/23/2023 9:15,43452.75,43635.3,43451.35,43593.8
11/23/2023 10:15,43594.5,43632.8,43508.1,43538.2
11/23/2023 11:15,43537.9,43585.75,43519.45,43524.75
11/23/2023 12:15,43528.85,43624.25,43526.05,43583.35
11/23/2023 13:15,43584.3,43649.65,43565.15,43592.15
11/23/2023 14:15,43595.35,43613.45,43561.15,43582.3
11/23/2023 15:15,43583.95,43602.25,43560.4,43590.4
11/24/2023 9:15,43607.35,43647,43566.15,43616.35
11/24/2023 10:15,43620.05,43754.45,43602.3,43722.05
11/24/2023 11:15,43720.25,43743.75,43674.2,43712.7
11/24/2023 12:15,43717.5,43727.75,43594.8,43599.75
11/24/2023 13:15,43603.75,43724.3,43588.05,43709.5
11/24/2023 14:15,43710.65,43805.6,43684.1,43778.1
11/24/2023 15:15,43781.75,43806.5,43733.4,43754.6
11/28/2023 9:15,43851.55,43866.8,43739.8,43816.7
11/28/2023 10:15,43817,43838.5,43795.5,43818.85
11/28/2023 11:15,43818.05,43855.7,43800.6,43839.1
11/28/2023 12:15,43835.45,43954.15,43824.2,43857.25
11/28/2023 13:15,43858.55,43865.2,43802.5,43813.8
11/28/2023 14:15,43814.65,43910.75,43807.75,43894.95
11/28/2023 15:15,43893.2,43960.3,43855.45,43943.95
11/29/2023 9:15,44081.75,44163.5,44003.45,44126.65
11/29/2023 10:15,44123.35,44146.35,44085.8,44140.65
11/29/2023 11:15,44139.9,44328.3,44121.3,44288.8
11/29/2023 12:15,44289.1,44362.05,44248,44360.5
11/29/2023 13:15,44362.4,44397.05,44321.65,44332.1
11/29/2023 14:15,44330.35,44609.25,44310.8,44600.5
11/29/2023 15:15,44602,44630.35,44568.05,44582.8
11/30/2023 9:15,44711.2,44764.8,44342.55,44392.5
11/30/2023 10:15,44393.45,44452.65,44273.55,44347.85
11/30/2023 11:15,44347.5,44370.7,44313.6,44334.9
11/30/2023 12:15,44336.85,44392.7,44254.6,44322.65
11/30/2023 13:15,44323.5,44439.9,44284.05,44297.55
11/30/2023 14:15,44296.1,44512.95,44293.8,44480.55
11/30/2023 15:15,44478.8,44586.9,44460.6,44466.3
12/1/2023 9:15,44580.15,44944.55,44531.75,44915.85
12/1/2023 10:15,44916.15,44916.15,44847.95,44894.2
12/1/2023 11:15,44891.75,44949.8,44845.5,44853.6
12/1/2023 12:15,44849.5,44909.2,44826.35,44863.4
12/1/2023 13:15,44864.15,44951.1,44808.25,44860.7
12/1/2023 14:15,44869.05,44911.5,44752.8,44810.6
12/1/2023 15:15,44811.2,44847.7,44786.9,44815.7
12/4/2023 9:15,45671.5,45837.05,45484.2,45740.05
12/4/2023 10:15,45739.75,45770.5,45657.35,45708.75
12/4/2023 11:15,45711.35,45829.8,45709.5,45815.55
12/4/2023 12:15,45820.85,46036.95,45818.85,46005.25
12/4/2023 13:15,46006.9,46168.3,45948.75,46154.45
12/4/2023 14:15,46158.35,46476.85,46118.6,46412.1
12/4/2023 15:15,46414,46484.45,46406.8,46445.4
12/5/2023 9:15,46895.9,47057.25,46653.65,47049.95
12/5/2023 10:15,47051.4,47230.55,46954.1,47018.25
12/5/2023 11:15,47013.4,47029.1,46736.1,46876.3
12/5/2023 12:15,46875.5,47008.4,46857.9,47003.55
12/5/2023 13:15,47005.8,47075.35,46918.8,46984.65
12/5/2023 14:15,46985.75,47067,46940.6,47016
12/5/2023 15:15,47014.6,47030.9,46952.55,46968.95
12/6/2023 9:15,47256.75,47259.85,46776.65,46805.2
12/6/2023 10:15,46813.25,46969.2,46750.2,46883.55
12/6/2023 11:15,46884.2,46950.6,46836.9,46935.2
12/6/2023 12:15,46936,46944.7,46804.4,46817.1
12/6/2023 13:15,46820.3,46914.5,46767.45,46858.8
12/6/2023 14:15,46861.15,46946.5,46790.7,46835.5
12/6/2023 15:15,46836.05,46849.7,46787.25,46801.85
12/7/2023 9:15,46735.4,46774.2,46507.15,46581.15
12/7/2023 10:15,46580,46903.8,46552,46874.8
12/7/2023 11:15,46879.55,46901.4,46764,46843.75
12/7/2023 12:15,46844.35,46875.35,46778.2,46845.4
12/7/2023 13:15,46844.7,46927.7,46813.4,46848.05
12/7/2023 14:15,46849.5,46916,46795.5,46829.2
12/7/2023 15:15,46829.35,46889.95,46812.65,46839.4
12/8/2023 9:15,46797.2,47124.15,46793.9,47097.5
12/8/2023 10:15,47097.7,47170.25,46938.75,47086.05
12/8/2023 11:15,47083.85,47125.8,47016,47031.35
12/8/2023 12:15,47032.65,47051.05,46850.5,46941.15
12/8/2023 13:15,46946.1,47023.35,46907.65,47014.65
12/8/2023 14:15,47017.4,47303.3,46935.65,47287.65
12/8/2023 15:15,47284.45,47303.65,47252.15,47283.75
12/11/2023 9:15,47233.3,47498.1,47186.6,47476
12/11/2023 10:15,47474.3,47588,47275.95,47375.15
12/11/2023 11:15,47371.35,47388.7,47310.7,47360.35
12/11/2023 12:15,47359.3,47378.15,47278.45,47373.55
12/11/2023 13:15,47378.1,47408.05,47333.05,47392.1
12/11/2023 14:15,47392.65,47430.8,47304.3,47333.7
12/11/2023 15:15,47333.55,47338.95,47246.85,47299.7
12/12/2023 9:15,47421.7,47454,47225.05,47243.05
12/12/2023 10:15,47243.55,47347.35,47159.4,47339.15
12/12/2023 11:15,47340.05,47347.55,47252.15,47293.6
12/12/2023 12:15,47293.85,47312.5,47176.85,47198.25
12/12/2023 13:15,47202.15,47243.45,47113.6,47123.5
12/12/2023 14:15,47124.35,47190.45,47076.5,47094.9
12/12/2023 15:15,47094.35,47122.45,47004.05,47063.8
12/13/2023 9:15,47190.75,47201.95,46886.9,46963.8
12/13/2023 10:15,46964.2,47042.15,46909.25,47012
12/13/2023 11:15,47014.4,47016.6,46936.6,46973.75
12/13/2023 12:15,46974.5,47126.1,46934.4,47089.65
12/13/2023 13:15,47091.3,47159.55,47045.6,47098.15
12/13/2023 14:15,47098.35,47134.65,47001.05,47080.3
12/13/2023 15:15,47083.3,47145.8,47054.95,47113.3
12/14/2023 9:15,47567.65,47943.6,47510.85,47890.2
12/14/2023 10:15,47890.1,47896.5,47739.05,47836.7
12/14/2023 11:15,47839.15,47862.25,47756.25,47763.4
12/14/2023 12:15,47761.65,47855.4,47732.3,47829.8
12/14/2023 13:15,47830.65,47881.7,47761.75,47810.4
12/14/2023 14:15,47806.5,47815.35,47657.6,47712
12/14/2023 15:15,47713,47794.35,47705.05,47751.4
12/15/2023 9:15,47939.9,47987.25,47666.35,47797.8
12/15/2023 10:15,47800.55,47842.95,47632.85,47698.9
12/15/2023 11:15,47697.1,47772.2,47659.7,47679.4
12/15/2023 12:15,47680.8,47782.1,47664.55,47735.7
12/15/2023 13:15,47734.7,47968,47732.25,47907.85
12/15/2023 14:15,47909.4,48219.95,47895.7,48148.8
12/15/2023 15:15,48146,48174,48071.65,48071.65
12/18/2023 9:15,48068.5,48069.35,47810.3,47915.45
12/18/2023 10:15,47915.7,48076.6,47900.85,47993.5
12/18/2023 11:15,47993.25,48021.45,47944.4,47982.05
12/18/2023 12:15,47978.75,47996.2,47859.1,47870.8
12/18/2023 13:15,47867.05,47965.25,47865.15,47945.4
12/18/2023 14:15,47942.5,47975.75,47824.7,47848.1
12/18/2023 15:15,47849.25,47887.25,47806.7,47862.05
12/19/2023 9:15,47940.4,47976.5,47646.05,47677.35
12/19/2023 10:15,47677.75,47815.95,47670.1,47749.6
12/19/2023 11:15,47751.1,47942.7,47714.75,47879.15
12/19/2023 12:15,47883.45,47971,47876.2,47894.3
12/19/2023 13:15,47894.5,48017,47860.75,47979.5
12/19/2023 14:15,47979.5,48006.15,47789.95,47855.05
12/19/2023 15:15,47853.45,47897.8,47830.05,47845.35
12/20/2023 9:15,48085.35,48166.15,47955.05,47993.3
12/20/2023 10:15,47984.65,48039.1,47947.75,47959.9
12/20/2023 11:15,47960.05,47980.25,47888.1,47944.75
12/20/2023 12:15,47944.85,48008.7,47865.95,47887.05
12/20/2023 13:15,47891.2,47908.2,47576.15,47586.45
12/20/2023 14:15,47590.85,47670,47400.65,47405
12/20/2023 15:15,47407.7,47459.25,47202.65,47216.5
12/21/2023 9:15,47172.45,47275.6,46919.7,47231.2
12/21/2023 10:15,47230.6,47494,47130.2,47380.7
12/21/2023 11:15,47384.1,47434.15,47289.3,47352.2
12/21/2023 12:15,47353.6,47625.15,47341.3,47564.75
12/21/2023 13:15,47553.4,47591.75,47331.55,47467.3
12/21/2023 14:15,47465.85,47932.4,47416.5,47913.85
12/21/2023 15:15,47909.5,47917.15,47787.5,47852.7
12/22/2023 9:15,47837.75,47951.5,47685.25,47931.5
12/22/2023 10:15,47931.95,48071.4,47841.75,47980.05
12/22/2023 11:15,47983.45,48011.8,47871.8,47923.65
12/22/2023 12:15,47922.35,47938.05,47683.35,47785.55
12/22/2023 13:15,47782.95,47826.95,47421.95,47611.5
12/22/2023 14:15,47612.2,47743.3,47439.3,47490.05
12/22/2023 15:15,47489.2,47522.4,47415.85,47458.75
12/26/2023 9:15,47576.4,47624.2,47411.65,47507.95
12/26/2023 10:15,47505.45,47761.2,47504.2,47688.75
12/26/2023 11:15,47690.2,47740.25,47650.15,47698.55
12/26/2023 12:15,47697.5,47821.95,47636.9,47701.6
12/26/2023 13:15,47702.15,47770.5,47669.5,47717.75
12/26/2023 14:15,47715.75,47838.45,47683.35,47711.25
12/26/2023 15:15,47713.85,47785.9,47709.2,47762.5
12/27/2023 9:15,47818.5,48027.15,47806.7,47987.85
12/27/2023 10:15,47986.7,48091.8,47972.9,48055.15
12/27/2023 11:15,48050.85,48245.05,48043.15,48187.65
12/27/2023 12:15,48187.4,48190.65,47944.45,47952.15
12/27/2023 13:15,47953.65,48044.35,47884.55,48040.8
12/27/2023 14:15,48040,48347.65,47971.3,48313.3
12/27/2023 15:15,48312.85,48325.45,48258.95,48280.55
12/28/2023 9:15,48479.05,48636.45,48343.15,48407.85
12/28/2023 10:15,48409.1,48544.15,48370.8,48499.7
12/28/2023 11:15,48500.3,48543,48452.75,48474.95
12/28/2023 12:15,48478,48614.05,48462.25,48585.8
12/28/2023 13:15,48589.85,48599.65,48477.75,48492.65
12/28/2023 14:15,48482.75,48553.95,48419.5,48548.55
12/28/2023 15:15,48547.4,48566.15,48455.65,48484.2
12/29/2023 9:15,48374.85,48477.7,48220.5,48228.85
12/29/2023 10:15,48236.7,48291.2,48174.2,48215.1
12/29/2023 11:15,48207.3,48325.2,48207.3,48277.3
12/29/2023 12:15,48273.3,48310.1,48166.1,48244.9
12/29/2023 13:15,48246.4,48260.5,48097.05,48108.8
12/29/2023 14:15,48110.5,48385.5,48091.85,48258.85
12/29/2023 15:15,48255.2,48306.9,48223.85,48268.9
1/1/2024 9:15,48203.45,48318.95,48134.9,48250.5
1/1/2024 10:15,48249,48368.65,48220.05,48332.5
1/1/2024 11:15,48329.2,48361.15,48287.55,48354.8
1/1/2024 12:15,48350.95,48362.2,48275.3,48307.7
1/1/2024 13:15,48311.2,48369.9,48283.5,48357
1/1/2024 14:15,48352.6,48450,48164.15,48213.65
1/1/2024 15:15,48217.25,48240.1,48044.15,48064.3
1/2/2024 9:15,48194.8,48223.55,47892.85,47968.65
1/2/2024 10:15,47967.6,47984.55,47814.75,47861.65
1/2/2024 11:15,47859.95,47965.1,47830.55,47859.6
1/2/2024 12:15,47865.5,47928.2,47765.05,47831.75
1/2/2024 13:15,47834.05,47874.8,47798.2,47867.8
1/2/2024 14:15,47868.15,47889.3,47689.8,47754.45
1/2/2024 15:15,47757.25,47777.55,47697.6,47710.55
1/3/2024 9:15,47796.3,47798.75,47481.35,47577.45
1/3/2024 10:15,47576.15,47690.05,47532.85,47669.85
1/3/2024 11:15,47670.9,47784.85,47641.7,47684.85
1/3/2024 12:15,47689.85,47744.35,47555.45,47734.65
1/3/2024 13:15,47735.55,47785.35,47683.85,47749.75
1/3/2024 14:15,47748.35,47753.4,47657.1,47718.9
1/3/2024 15:15,47717.35,47777.9,47676.75,47738.55
1/4/2024 9:15,47805.4,47993.65,47738.15,47973
1/4/2024 10:15,47972.55,48113.8,47941.4,48102.15
1/4/2024 11:15,48099.3,48181.25,48075.55,48115.45
1/4/2024 12:15,48117.55,48220.25,48108.45,48215
1/4/2024 13:15,48213.4,48221.3,48063.7,48091.75
1/4/2024 14:15,48093.45,48198.3,48073.75,48180.4
1/4/2024 15:15,48176.8,48281.2,48175.95,48245.8
1/5/2024 9:15,48245.55,48381.95,48233.3,48295.6
1/5/2024 10:15,48300.05,48309.9,48086.4,48131.45
1/5/2024 11:15,48132.35,48142.15,48030.2,48092.75
1/5/2024 12:15,48094.55,48151.45,48047.95,48085.75
1/5/2024 13:15,48086.75,48103.45,47890.05,47905
1/5/2024 14:15,47902.3,48264.1,47822.85,48167.6
1/5/2024 15:15,48167.55,48168.7,48043.05,48089.15
1/8/2024 9:15,48096.65,48154.5,47932.8,47985.95
1/8/2024 10:15,47985.85,48082.1,47827.1,47874.5
1/8/2024 11:15,47875.4,47911.8,47722.75,47751.75
1/8/2024 12:15,47754.35,47842.45,47732.75,47758
1/8/2024 13:15,47757.3,47831.1,47718.9,47768.7
1/8/2024 14:15,47768.65,47784.15,47387.35,47454.45
1/8/2024 15:15,47456,47494,47403.2,47464
1/9/2024 9:15,47705.4,47798.05,47590.6,47706.35
1/9/2024 10:15,47710.25,47939.3,47703.8,47899.2
1/9/2024 11:15,47897.4,47909.65,47760.75,47780.8
1/9/2024 12:15,47783,47877.05,47780.5,47837.25
1/9/2024 13:15,47838.75,47874.25,47655.8,47674.8
1/9/2024 14:15,47677,47689.8,47206.25,47269.95
1/9/2024 15:15,47272.75,47280.9,47156.05,47230.95
1/10/2024 9:15,47073.85,47325.65,47010.8,47317.95
1/10/2024 10:15,47320.15,47386.45,47215.95,47275.4
1/10/2024 11:15,47275.4,47355.6,47223.45,47263.6
1/10/2024 12:15,47262.75,47307.3,47126.9,47259.35
1/10/2024 13:15,47258.65,47396.65,47207.95,47332.3
1/10/2024 14:15,47336.7,47423.45,47279.95,47336.15
1/10/2024 15:15,47333.1,47404.95,47328.05,47359.35
1/11/2024 9:15,47538.6,47662.1,47459.25,47501.55
1/11/2024 10:15,47503.35,47558.1,47408.7,47483.5
1/11/2024 11:15,47489.4,47540.05,47457.85,47468.9
1/11/2024 12:15,47469.5,47595.15,47444.4,47527.7
1/11/2024 13:15,47528.35,47551.4,47260.85,47300.25
1/11/2024 14:15,47297.65,47506.25,47237,47432.55
1/11/2024 15:15,47432.65,47464.4,47421.65,47445.95
1/12/2024 9:15,47572.7,47639.65,47408.5,47629.6
1/12/2024 10:15,47628.25,47784.65,47606.25,47706.8
1/12/2024 11:15,47707.5,47743.7,47615.7,47664.6
1/12/2024 12:15,47662.5,47773.95,47626.5,47733.5
1/12/2024 13:15,47732.45,47858.1,47712.3,47811.35
1/12/2024 14:15,47811.25,47873.7,47602.8,47659.95
1/12/2024 15:15,47661.4,47755.6,47657.5,47724.65
1/15/2024 9:15,47891.05,48129.35,47825.4,47949.15
1/15/2024 10:15,47950.3,48065.45,47935.7,48048.5
1/15/2024 11:15,48049.3,48091.15,47973.7,48084.85
1/15/2024 12:15,48084.85,48199.95,48072.45,48148.45
1/15/2024 13:15,48149.7,48158.3,48032.3,48083.55
1/15/2024 14:15,48085.25,48147,48022.55,48140.85
1/15/2024 15:15,48147.25,48248.05,48140.6,48223.6
1/16/2024 9:15,48109.95,48254.7,48031.2,48241.25
1/16/2024 10:15,48242.95,48292.7,48191.75,48267.85
1/16/2024 11:15,48264.65,48305.4,48177.3,48214.3
1/16/2024 12:15,48212.9,48265.75,48091.5,48122.85
1/16/2024 13:15,48119.75,48182.1,48002.85,48151.3
1/16/2024 14:15,48151.65,48168.35,48049.45,48125.35
1/16/2024 15:15,48125.8,48138.85,48096.3,48111.7
1/17/2024 9:15,46573.95,47212.75,46534.3,46953.35
1/17/2024 10:15,46950.95,46982.05,46586.55,46613.35
1/17/2024 11:15,46609.45,46641.7,46271.35,46381.05
1/17/2024 12:15,46385.95,46466.95,46237.4,46264.25
1/17/2024 13:15,46264.7,46387.15,46212.95,46320.15
1/17/2024 14:15,46331.2,46343.1,45979.6,46122.15
1/17/2024 15:15,46119,46125.85,46028.8,46083.5
1/18/2024 9:15,45492.75,45925.6,45430.7,45780.9
1/18/2024 10:15,45776.7,46033.75,45698.6,45995.1
1/18/2024 11:15,45986.5,46180.6,45889.65,46170.75
1/18/2024 12:15,46174.05,46184.05,45650.9,45739.5
1/18/2024 13:15,45741.9,45803.55,45571.25,45655.45
1/18/2024 14:15,45658.95,45786.7,45507.05,45699.95
1/18/2024 15:15,45701.35,45778,45676.4,45762
1/19/2024 9:15,46103.5,46183.85,46017.25,46109.45
1/19/2024 10:15,46111.85,46249.85,45895.65,45930.15
1/19/2024 11:15,45925.95,46048.05,45848.5,45912.25
1/19/2024 12:15,45906.55,45920.05,45826.35,45912.15
1/19/2024 13:15,45909,45944.05,45592.7,45595.8
1/19/2024 14:15,45593,45767.7,45558.05,45692.5
1/19/2024 15:15,45692.45,45748.35,45689.65,45735.8
1/20/2024 9:15,45989.25,46069,45749.05,45840.05
1/20/2024 10:15,45840.4,46006.05,45828.6,45951.9
1/20/2024 11:15,45951.1,45961.95,45859,45911.2
1/20/2024 12:15,45912.3,46109.1,45640.9,46078.15
1/20/2024 13:15,46075.65,46183.7,46022.7,46108.8
1/20/2024 14:15,46108.25,46150.85,45940.5,46075.05
1/20/2024 15:15,46076,46129.45,46049.85,46108.8
1/23/2024 9:15,46495.45,46580.3,45898.6,45993.7
1/23/2024 10:15,45992.45,46053.05,45645.3,45723.85
1/23/2024 11:15,45724.5,45734.25,45089.6,45143.85
1/23/2024 12:15,45143.85,45362.85,45141.4,45222.2
1/23/2024 13:15,45225.05,45268.95,45063,45073.9
1/23/2024 14:15,45074.35,45105.9,44886.1,45029.8
1/23/2024 15:15,45029.45,45066.6,44976.4,45006.35
1/24/2024 9:15,44489.4,45397.7,44489.4,45261.95
1/24/2024 10:15,45263.35,45485.5,45192.8,45255
1/24/2024 11:15,45255.1,45323.75,44664.8,44709.1
1/24/2024 12:15,44709.55,44891.35,44604.5,44804.05
1/24/2024 13:15,44802.45,44916.45,44666.2,44774.1
1/24/2024 14:15,44776.25,45148.2,44737.7,45108.45
1/24/2024 15:15,45108.35,45146,45055.45,45071.3
1/25/2024 9:15,45057.95,45136.1,44804,44824.35
1/25/2024 10:15,44825.95,44836.55,44547.05,44601
1/25/2024 11:15,44602.45,44769.1,44513.65,44558.6
1/25/2024 12:15,44561.55,44631.95,44429,44542.25
1/25/2024 13:15,44543.55,44648.65,44444.35,44537.55
1/25/2024 14:15,44534.2,44909.3,44494.45,44872.45
1/25/2024 15:15,44874.85,45139.05,44869.35,44988.5
1/29/2024 9:15,45171.5,45499.45,45110.9,45463.9
1/29/2024 10:15,45464.8,45660.35,45454.25,45546.55
1/29/2024 11:15,45544.05,45556.15,45323.35,45497.55
1/29/2024 12:15,45500.35,45554.85,45383.65,45449.8
1/29/2024 13:15,45449.05,45511.9,45341.65,45439.35
1/29/2024 14:15,45438.95,45507.75,45203.8,45493.15
1/29/2024 15:15,45489.2,45538.55,45470.6,45499.05
1/30/2024 9:15,45481.5,45678.7,45264.15,45351.35
1/30/2024 10:15,45361.65,45445.35,45278.95,45342.45
1/30/2024 11:15,45342.6,45524.2,45314.85,45454.3
1/30/2024 12:15,45452.25,45481.3,45396.9,45440.2
1/30/2024 13:15,45439.7,45472.15,45336.5,45466.2
1/30/2024 14:15,45465.65,45492.5,45206.05,45395.8
1/30/2024 15:15,45396.1,45409.1,45290.6,45319.55
1/31/2024 9:15,45295.65,45859.15,45071.2,45824.45
1/31/2024 10:15,45818.2,46132.2,45760.7,46056.25
1/31/2024 11:15,46054.15,46179.75,46022.3,46046.35
1/31/2024 12:15,46047.05,46082.2,45872,46015.45
1/31/2024 13:15,46014.45,46084.35,45935.65,46041.3
1/31/2024 14:15,46041.7,46137.8,45922.35,45990.6
1/31/2024 15:15,45989.35,46025,45943.55,45974
2/1/2024 9:15,46164.9,46173.3,45702.4,45899.05
2/1/2024 10:15,45894.05,46113.6,45837.4,46033.3
2/1/2024 11:15,46046.75,46185.15,45668.35,46098.95
2/1/2024 12:15,46089.4,46306.9,45928.5,46176.4
2/1/2024 13:15,46179.35,46223.25,45958.05,46123.65
2/1/2024 14:15,46121.2,46217.3,46048.45,46154.4
2/1/2024 15:15,46146.4,46253.55,46143.45,46206.9
2/2/2024 9:15,46568.2,46699.6,46501.1,46612
2/2/2024 10:15,46611.85,46611.85,46415.45,46583
2/2/2024 11:15,46577,46892.35,46577,46744.5
2/2/2024 12:15,46743.3,46755.3,46233.75,46254.7
2/2/2024 13:15,46252.55,46368.55,46130.4,46307.85
2/2/2024 14:15,46309.1,46342.9,45941,45963.8
2/2/2024 15:15,45962.65,45977.8,45901.25,45954.65
2/5/2024 9:15,45962.25,46040.05,45615.1,45904.6
2/5/2024 10:15,45904.45,45935.8,45747.75,45879.5
2/5/2024 11:15,45874.75,45977.65,45811.75,45911.15
2/5/2024 12:15,45911.5,46048.6,45870.05,45986.2
2/5/2024 13:15,45983.9,46008.85,45844.9,45932
2/5/2024 14:15,45934.25,45957.05,45710.7,45834.9
2/5/2024 15:15,45835.1,45864.35,45745.7,45756.65
2/6/2024 9:15,45891.2,45932.15,45592.2,45729.7
2/6/2024 10:15,45729.15,45744,45527,45612.55
2/6/2024 11:15,45615.4,45869.55,45576.25,45793.1
2/6/2024 12:15,45792.2,45801.75,45649.95,45702.45
2/6/2024 13:15,45706.5,45764.3,45571.25,45619.65
2/6/2024 14:15,45623.8,45734.3,45575.6,45669
2/6/2024 15:15,45671.15,45784.1,45644.8,45774.45
2/7/2024 9:15,45944.6,46062.85,45802.65,45875.4
2/7/2024 10:15,45874.05,45901.85,45787.3,45856.85
2/7/2024 11:15,45855.55,45858.8,45620.5,45709.6
2/7/2024 12:15,45710.25,45756.35,45670.65,45717.15
2/7/2024 13:15,45717.7,45821.1,45680.9,45778.55
2/7/2024 14:15,45785.45,45848.05,45735,45848.05
2/7/2024 15:15,45839.85,45939.25,45787.9,45916.4
2/8/2024 9:15,45973.85,46181.2,45921.4,46020.6
2/8/2024 10:15,46023.05,46051.3,45227.2,45405
2/8/2024 11:15,45398.25,45517.2,45324.3,45481.25
2/8/2024 12:15,45479.4,45501.65,45337.25,45457.5
2/8/2024 13:15,45460.7,45533.65,45360.55,45373.9
2/8/2024 14:15,45376.75,45416.05,44893.75,44979.85
2/8/2024 15:15,44986.2,45108.7,44948.9,45105.45
2/9/2024 9:15,44986.75,45352.5,44859.15,45348
2/9/2024 10:15,45347.65,45349.95,45052.9,45166.15
2/9/2024 11:15,45167.95,45488.9,45113.2,45387.5
2/9/2024 12:15,45387.95,45481.7,45300.55,45455.6
2/9/2024 13:15,45456.35,45464.4,45263.9,45360.95
2/9/2024 14:15,45364.65,45717.5,45346,45617.05
2/9/2024 15:15,45617.7,45713.4,45608.4,45706.55
2/12/2024 9:15,45664.3,45748.5,45337,45376.35
2/12/2024 10:15,45376.5,45403.7,45146.3,45334.8
2/12/2024 11:15,45334.85,45346.4,44988.25,45050.95
2/12/2024 12:15,45051.25,45096,44651,44745.85
2/12/2024 13:15,44750.85,44958.45,44633.85,44939.1
2/12/2024 14:15,44937.95,44996.75,44781.05,44838.7
2/12/2024 15:15,44838.7,44933.5,44807.95,44887.75
2/13/2024 9:15,45056.8,45442.85,44819.55,45402.5
2/13/2024 10:15,45403.95,45461.95,45326.45,45389.05
2/13/2024 11:15,45390.1,45390.1,45082.7,45082.85
2/13/2024 12:15,45086.7,45341.3,44984.35,45285.8
2/13/2024 13:15,45282.95,45750.4,45282.05,45601.75
2/13/2024 14:15,45600.7,45622.25,45451.6,45521.45
2/13/2024 15:15,45521.95,45564.45,45383.15,45419.85
2/14/2024 9:15,45014.65,45259.05,44860.75,45255.9
2/14/2024 10:15,45271.3,45454.5,45197.05,45361.35
2/14/2024 11:15,45360.3,45480.5,45227.6,45398.95
2/14/2024 12:15,45395.15,45764.55,45394.95,45666.8
2/14/2024 13:15,45665.95,45683.85,45430,45683.85
2/14/2024 14:15,45684.85,46170.45,45660.4,45785.45
2/14/2024 15:15,45780.9,45953.8,45690.75,45920.55
2/15/2024 9:15,46027.1,46100.65,45590.2,45853.2
2/15/2024 10:15,45854.8,45976.15,45806.6,45894.95
2/15/2024 11:15,45895.75,46080.9,45846.45,46051.6
2/15/2024 12:15,46050.5,46092.65,45889.5,45980.7
2/15/2024 13:15,45982.65,46232.8,45922.15,46121
2/15/2024 14:15,46112.05,46256.7,46027.9,46207.3
2/15/2024 15:15,46211.6,46297.7,46167.9,46266
2/16/2024 9:15,46454.3,46485.25,46264.4,46453.1
2/16/2024 10:15,46452.3,46461,46354.2,46390.1
2/16/2024 11:15,46389.75,46477.75,46290.5,46451.5
2/16/2024 12:15,46449.5,46478.5,46362.15,46442.35
2/16/2024 13:15,46443.15,46693.4,46314.85,46413.9
2/16/2024 14:15,46408.9,46549.75,46331.3,46353.5
2/16/2024 15:15,46353.15,46381.95,46310.3,46369.75
2/19/2024 9:15,46554.9,46619.05,46317.7,46455.45
2/19/2024 10:15,46454.05,46632.55,46411.1,46605.7
2/19/2024 11:15,46612.6,46692.25,46533.4,46622.05
2/19/2024 12:15,46624,46676.8,46585.95,46669.75
2/19/2024 13:15,46670.2,46717.4,46558.6,46647.3
2/19/2024 14:15,46648.3,46695.85,46453.85,46515.95
2/19/2024 15:15,46519.55,46578.65,46498.85,46556.1
2/20/2024 9:15,46444.9,46878.85,46367.8,46878.85
2/20/2024 10:15,46873.05,46968.8,46792.9,46882.25
2/20/2024 11:15,46878.45,46980.7,46828.4,46932.15
2/20/2024 12:15,46933.1,46991.4,46900.45,46934.3
2/20/2024 13:15,46935.05,47059.3,46806.15,46917
2/20/2024 14:15,46917.85,47128.35,46915.25,47094.2
2/20/2024 15:15,47094.4,47136.75,47081.9,47126.65
2/21/2024 9:15,47363.4,47363.4,47074.75,47138.95
2/21/2024 10:15,47134.1,47172.65,46925.05,47025.55
2/21/2024 11:15,47026.05,47188.1,46985.35,47138.9
2/21/2024 12:15,47140.45,47319.2,47127.75,47271.2
2/21/2024 13:15,47270.65,47298.85,47033.75,47086.4
2/21/2024 14:15,47089.2,47155.7,46967.55,47060.1
2/21/2024 15:15,47059.25,47073.05,46886.95,46933.6
2/22/2024 9:15,46934.55,47024.05,46600.5,46652
2/22/2024 10:15,46651.35,46664.3,46462,46558
2/22/2024 11:15,46556.45,46636.5,46426.85,46575.4
2/22/2024 12:15,46579.2,46612.3,46476.3,46530.8
2/22/2024 13:15,46529.05,46909.55,46513.35,46754.65
2/22/2024 14:15,46748,46955.65,46667.75,46906.55
2/22/2024 15:15,46909.1,47010.6,46889.15,46944.85
2/23/2024 9:15,47060.7,47174.25,46927.9,47173.35
2/23/2024 10:15,47176,47245.35,46851.8,47021.9
2/23/2024 11:15,47018,47074.7,46931.55,46992.3
2/23/2024 12:15,46986.25,47084.7,46941.6,47050.35
2/23/2024 13:15,47049.75,47055.6,46755.9,46776.8
2/23/2024 14:15,46777.35,46961.45,46741.85,46819.85
2/23/2024 15:15,46820.3,46853.3,46723.15,46768.6
2/26/2024 9:15,46615.85,46893.15,46553.05,46645.35
2/26/2024 10:15,46644.95,46714.55,46559.7,46639.95
2/26/2024 11:15,46639.75,46665.9,46542.35,46583.75
2/26/2024 12:15,46581.15,46805.4,46513.55,46771.95
2/26/2024 13:15,46770.8,46801.8,46646.4,46696.15
2/26/2024 14:15,46698.5,46759.25,46556.65,46562.25
2/26/2024 15:15,46564.55,46590.3,46526.55,46565.6
2/27/2024 9:15,46480.2,46604.1,46359.8,46384.6
2/27/2024 10:15,46386.9,46506.75,46324.9,46453.3
2/27/2024 11:15,46452.85,46533.7,46411.45,46454.35
2/27/2024 12:15,46455.85,46670,46398.1,46664.5
2/27/2024 13:15,46656.7,46722.25,46522.9,46644.35
2/27/2024 14:15,46642.8,46687.9,46541.7,46585.3
2/27/2024 15:15,46580.85,46626.65,46553.7,46613.85
2/28/2024 9:15,46640.9,46731.15,46523.3,46708.1
2/28/2024 10:15,46705.95,46754.55,46040.3,46204.2
2/28/2024 11:15,46206.4,46312.3,46149.6,46235.15
2/28/2024 12:15,46237.55,46259.05,45913.65,45939.75
2/28/2024 13:15,45944.1,46279.55,45944.1,46252.9
2/28/2024 14:15,46253.65,46254.15,45920.95,45962.35
2/28/2024 15:15,45961.65,45963.45,45852.55,45910.55
2/29/2024 9:15,45881.45,46154.2,45661.75,45738.4
2/29/2024 10:15,45739.85,45908.05,45702.8,45903.65
2/29/2024 11:15,45904.55,45931.3,45802.35,45889.7
2/29/2024 12:15,45887,46086.7,45804.65,46075.75
2/29/2024 13:15,46073.5,46189.15,46005.5,46144.1
2/29/2024 14:15,46141.2,46329.65,45933.15,46155.05
2/29/2024 15:15,46152.55,46322.6,46144.7,46277
3/1/2024 9:15,46218,46625,46218,46604.9
3/1/2024 10:15,46599.9,46726.6,46569.25,46685.45
3/1/2024 11:15,46685.55,46969.55,46685.55,46911
3/1/2024 12:15,46911.05,47082.6,46887.95,46993.55
3/1/2024 13:15,46993.1,47174.65,46965.6,47161.6
3/1/2024 14:15,47160.95,47334.85,47142.4,47313.5
3/1/2024 15:15,47312.5,47342.25,47212.75,47255.95
3/2/2024 9:15,47377.45,47438.6,47241.1,47297
3/2/2024 11:15,47327,47348.15,47237,47294.55
3/2/2024 12:15,47295.3,47314.5,47281.35,47294.6
3/4/2024 9:15,47318.5,47461.15,47279.25,47413.3
3/4/2024 10:15,47411.65,47520.9,47191.65,47320.65
3/4/2024 11:15,47319.9,47355.85,47249,47309.3
3/4/2024 12:15,47300.6,47373.1,47273.75,47326.75
3/4/2024 13:15,47326.4,47490.65,47325.05,47485.3
3/4/2024 14:15,47485.1,47529.6,47335,47484.8
3/4/2024 15:15,47481.35,47486,47378,47425.65
3/5/2024 9:15,47265.7,47390.7,47196.75,47330.45
3/5/2024 10:15,47331.3,47420.85,47241.8,47358.15
3/5/2024 11:15,47359.4,47429.25,47273.7,47382.9
3/5/2024 12:15,47379.25,47737.85,47353.75,47676.8
3/5/2024 13:15,47674.8,47712.7,47512.75,47596.65
3/5/2024 14:15,47597.75,47701,47529.75,47583.35
3/5/2024 15:15,47583.3,47611.1,47560.9,47582.15
3/6/2024 9:15,47451.65,48073.8,47442.25,48016.75
3/6/2024 10:15,48012.8,48155.85,47905.85,48010.3
3/6/2024 11:15,48017.25,48067.35,47921.05,48035.7
3/6/2024 12:15,48038.05,48113.65,47970.7,48112.9
3/6/2024 13:15,48109.45,48149.25,48015.6,48121.95
3/6/2024 14:15,48123.9,48161.25,47876,47919.95
3/6/2024 15:15,47916.5,48021.55,47861.2,47959.85
3/7/2024 9:15,48035.8,48071.7,47837.4,47944.8
3/7/2024 10:15,47946.6,47986,47747.2,47876.25
3/7/2024 11:15,47876.55,47909.9,47815.85,47836
3/7/2024 12:15,47837.45,47861.6,47777.25,47854.6
3/7/2024 13:15,47846.4,47901.5,47810.95,47852.65
3/7/2024 14:15,47844.55,47975.6,47803.95,47857
3/7/2024 15:15,47857.3,47858.95,47762.8,47788
3/11/2024 9:15,47792.2,47853.8,47594.85,47599.85
3/11/2024 10:15,47594.85,47680.6,47577.45,47621.55
3/11/2024 11:15,47618.05,47618.05,47323.4,47345.7
3/11/2024 12:15,47344.35,47415.15,47275.1,47308.2
3/11/2024 13:15,47308.75,47388.8,47282.55,47288.15
3/11/2024 14:15,47292.45,47422.3,47230.65,47343.65
3/11/2024 15:15,47340.95,47340.95,47264.25,47280.25
3/12/2024 9:15,47351.35,47812.75,47196.95,47728.75
3/12/2024 10:15,47728.35,47768.6,46884.45,47329.5
3/12/2024 11:15,47331.6,47407.8,47178.1,47266.05
3/12/2024 12:15,47268,47433.55,47247.95,47410.7
3/12/2024 13:15,47412.25,47491.95,47361.35,47387.5
3/12/2024 14:15,47385.55,47438.25,47240.1,47266.3
3/12/2024 15:15,47261.5,47306.65,47251.5,47277.3
3/13/2024 9:15,47341.15,47453.3,47210.3,47430.75
3/13/2024 10:15,47426,47468.7,47179.45,47232.6
3/13/2024 11:15,47234.15,47247.6,47029.3,47069.95
3/13/2024 12:15,47076.75,47151.2,47038.6,47104.3
3/13/2024 13:15,47099.95,47163.05,46904.5,46934.1
3/13/2024 14:15,46923.1,47128.7,46853.75,46861.35
3/13/2024 15:15,46862.45,46991.35,46842.15,46895.2
3/14/2024 9:15,46825.75,46868.8,46565.55,46685.15
3/14/2024 10:15,46690.25,47084.65,46687.55,47064.5
3/14/2024 11:15,47065.35,47231.5,47002,47128
3/14/2024 12:15,47128.5,47192.1,46915.4,47044.65
3/14/2024 13:15,47043.2,47072.9,46761.6,46803.55
3/14/2024 14:15,46801.75,46905.35,46688.35,46799.6
3/14/2024 15:15,46795.1,46845.4,46742.55,46834.7
3/15/2024 9:15,46572.1,46802.55,46418.75,46499.55
3/15/2024 10:15,46497.9,46574.75,46310.5,46379.5
3/15/2024 11:15,46384.45,46474.2,46327.6,46365.2
3/15/2024 12:15,46365.5,46499.7,46332.65,46439.2
3/15/2024 13:15,46437.1,46708.15,46407.1,46569.2
3/15/2024 14:15,46570.35,46675.35,46381.7,46561.95
3/15/2024 15:15,46559.35,46673.7,46512.8,46542.05
3/18/2024 9:15,46458.75,46677.85,46304.4,46374.25
3/18/2024 10:15,46375.4,46530.75,46205.85,46205.85
3/18/2024 11:15,46200.7,46699.85,46022.15,46589.45
3/18/2024 12:15,46591.95,46739.25,46520.2,46622.3
3/18/2024 13:15,46626.2,46649.65,46543.35,46573.9
3/18/2024 14:15,46577.25,46727.3,46489.45,46554.15
3/18/2024 15:15,46549.1,46628.65,46549.1,46617.9
3/19/2024 9:15,46421.9,46602.35,46344.5,46413.9
3/19/2024 10:15,46415.1,46553.5,46322.5,46418.2
3/19/2024 11:15,46415.55,46524.45,46394.9,46419.9
3/19/2024 12:15,46419.4,46480.5,46409.35,46432.8
3/19/2024 13:15,46434.25,46456.25,46302.1,46333.15
3/19/2024 14:15,46334.15,46464.2,46258.75,46373.95
3/19/2024 15:15,46368.95,46387.65,46331.15,46333.1
3/20/2024 9:15,46392.9,46570.25,46107.15,46137.05
3/20/2024 10:15,46136.5,46181.1,45828.8,46137.5
3/20/2024 11:15,46138.25,46308.5,46051.3,46283.6
3/20/2024 12:15,46289.6,46590.05,46271.1,46542.65
3/20/2024 13:15,46551.15,46655.55,46310.6,46342.15
3/20/2024 14:15,46343.6,46417.55,46200,46316.95
3/20/2024 15:15,46314.85,46412,46271.5,46370.2
3/21/2024 9:15,46674.85,46979.35,46674.85,46951.45
3/21/2024 10:15,46947.45,46990.25,46760.3,46875.7
3/21/2024 11:15,46873.85,46898.55,46605.05,46627.3
3/21/2024 12:15,46628.35,46768.85,46570.15,46727.75
3/21/2024 13:15,46724.35,46778.05,46645.65,46680.75
3/21/2024 14:15,46685.95,46740,46633.35,46704.5
3/21/2024 15:15,46697.95,46713.05,46670.75,46679.25
3/22/2024 9:15,46634.9,46894.5,46566.8,46848.05
3/22/2024 10:15,46845.8,46938.85,46803.75,46870.3
3/22/2024 11:15,46870.45,46948.5,46840.3,46859.75
3/22/2024 12:15,46858.6,46919.15,46812.75,46882.45
3/22/2024 13:15,46881.5,46907.95,46809.25,46855.75
3/22/2024 14:15,46851.7,46974.15,46801.15,46845.1
3/22/2024 15:15,46848.05,46867.65,46812.25,46849.05
3/26/2024 9:15,46552.95,46788.35,46552.95,46638.15
3/26/2024 10:15,46634.55,46725.65,46605.5,46636.5
3/26/2024 11:15,46635.2,46753.95,46621.95,46680.75
3/26/2024 12:15,46681.45,46752.1,46675.95,46710.25
3/26/2024 13:15,46711.4,46724.4,46584.6,46634.85
3/26/2024 14:15,46637.3,46663.25,46529.05,46609.35
3/26/2024 15:15,46608.45,46647.5,46573.05,46617.45
3/27/2024 9:15,46643.45,46920.6,46643.45,46871.25
3/27/2024 10:15,46875.5,46946.55,46743.75,46796.4
3/27/2024 11:15,46789.3,46833.35,46764.4,46792.55
3/27/2024 12:15,46791.2,46827.35,46754.25,46794.3
3/27/2024 13:15,46791.2,46825.5,46751.3,46763.8
3/27/2024 14:15,46761.4,46788.3,46671.9,46787.4
3/27/2024 15:15,46789.3,46956.1,46772.2,46851.15
3/28/2024 9:15,46827.85,47177.1,46827.85,47161.45
3/28/2024 10:15,47162,47347.25,47160.75,47346.05
3/28/2024 11:15,47346.6,47350.2,47184.65,47207.4
3/28/2024 12:15,47207.5,47381.1,47179.25,47337.8
3/28/2024 13:15,47337.85,47422.95,47318.3,47407.35
3/28/2024 14:15,47407.35,47440.45,46997.55,47036.7
3/28/2024 15:15,47038.3,47165.8,47029.15,47146.75
4/1/2024 9:15,47391.05,47642.15,47373.1,47543.55
4/1/2024 10:15,47542.35,47612.25,47485.05,47563.65
4/1/2024 11:15,47566.65,47589.05,47537.2,47547.7
4/1/2024 12:15,47547.55,47572.5,47432.3,47466.8
4/1/2024 13:15,47468.1,47562.8,47461,47498.55
4/1/2024 14:15,47505.5,47591.5,47447.9,47583.85
4/1/2024 15:15,47585.8,47646.8,47542.6,47558.7
4/2/2024 9:15,47490.75,47707.35,47408.55,47575.75
4/2/2024 10:15,47577.9,47697.35,47546.4,47623.25
4/2/2024 11:15,47619.55,47649.2,47582.3,47598.85
4/2/2024 12:15,47597.65,47663.1,47549.95,47573.35
4/2/2024 13:15,47576.5,47631.35,47501.7,47543.9
4/2/2024 14:15,47545.1,47593.7,47490.6,47531.35
4/2/2024 15:15,47530.35,47582.3,47525.25,47562.6
4/3/2024 9:15,47350.25,47517.95,47279.8,47493
4/3/2024 10:15,47494.45,47536.6,47428.85,47490.1
4/3/2024 11:15,47490.55,47625.95,47481.2,47623.6
4/3/2024 12:15,47624.5,47648.65,47561.8,47599.9
4/3/2024 13:15,47594.05,47676.95,47525.95,47582.15
4/3/2024 14:15,47585.95,47647.5,47525.7,47626.55
4/3/2024 15:15,47626.7,47663.75,47621.95,47661.1
4/4/2024 9:15,48086.2,48254.65,47772.4,47772.4
4/4/2024 10:15,47769.5,47934.3,47712.7,47926
4/4/2024 11:15,47928.75,47943.05,47804.9,47849.7
4/4/2024 12:15,47849.7,48053.95,47842.55,48016.9
4/4/2024 13:15,48009.2,48145.7,47896.15,47992.75
4/4/2024 14:15,47990.45,48125.6,47975.55,48051
4/4/2024 15:15,48053.1,48139.9,48039.25,48126.2
4/5/2024 9:15,48104.65,48163.75,47894.5,48091.85
4/5/2024 10:15,48092.2,48268.05,48052.5,48237.85
4/5/2024 11:15,48236.65,48290.45,48164.3,48266.4
4/5/2024 12:15,48265.75,48267.35,48162,48185.35
4/5/2024 13:15,48183.5,48363.4,48173.95,48268.8
4/5/2024 14:15,48269,48554.5,48254.7,48518.55
4/5/2024 15:15,48515.35,48557.4,48480.8,48520.95
4/8/2024 9:15,48586.75,48629.05,48424.65,48524.5
4/8/2024 10:15,48529.6,48565.5,48496.1,48562
4/8/2024 11:15,48561.45,48595.15,48532.2,48563.85
4/8/2024 12:15,48562.9,48691.1,48561.7,48669.45
4/8/2024 13:15,48672.75,48716.95,48499.8,48567.3
4/8/2024 14:15,48570.2,48624.55,48548.4,48605.85
4/8/2024 15:15,48606.85,48608.5,48535.35,48565.75
4/9/2024 9:15,48810.8,48856.65,48621.85,48823.55
4/9/2024 10:15,48824.8,48940.35,48791.7,48826.8
4/9/2024 11:15,48827.25,48960.75,48816.95,48907.5
4/9/2024 12:15,48908,48929,48799.3,48836.1
4/9/2024 13:15,48834.3,48847.25,48571.05,48593.75
4/9/2024 14:15,48593.4,48768.6,48568.25,48737.15
4/9/2024 15:15,48736.8,48771,48699.8,48710.45
4/10/2024 9:15,48879.55,48942.05,48669.25,48883.4
4/10/2024 10:15,48880,48966.95,48839.05,48904.85
4/10/2024 11:15,48903.7,48915.15,48827.5,48889.6
4/10/2024 12:15,48884.2,48902.45,48808.7,48882.35
4/10/2024 13:15,48880.95,48937.05,48856.7,48893.1
4/10/2024 14:15,48895.1,49057.4,48885.55,49007.45
4/10/2024 15:15,49010.6,49010.6,48899.55,48912
4/12/2024 9:15,48671.2,48882.65,48648,48677.1
4/12/2024 10:15,48677.65,48732.35,48597.65,48683.95
4/12/2024 11:15,48683.85,48800.25,48675.7,48786.65
4/12/2024 12:15,48787.25,48797.35,48547.65,48614.1
4/12/2024 13:15,48614.65,48646.6,48527,48552.8
4/12/2024 14:15,48547.95,48665.55,48541.55,48572.15
4/12/2024 15:15,48570.05,48579.35,48477.55,48477.55
4/15/2024 9:15,48057.5,48255.5,47904.95,47981.95
4/15/2024 10:15,47982.4,48119.65,47953.2,48027.65
4/15/2024 11:15,48028.3,48074.1,47998.95,48065.8
4/15/2024 12:15,48064.55,48071.3,47956.9,47979.4
4/15/2024 13:15,47983.6,48020.85,47933.55,47960.7
4/15/2024 14:15,47960.7,47970.95,47745.3,47770.2
4/15/2024 15:15,47772.45,47807.3,47725.8,47757.35
4/16/2024 9:15,47436.7,47571.3,47316.55,47523.9
4/16/2024 10:15,47521,47544.15,47435.2,47530.65
4/16/2024 11:15,47532.85,47570.25,47395.75,47468.6
4/16/2024 12:15,47468.95,47475.1,47413.3,47436.3
4/16/2024 13:15,47434.6,47517.65,47406.7,47487.85
4/16/2024 14:15,47486.65,47525.35,47392.65,47524.25
4/16/2024 15:15,47524.75,47609,47504.3,47598.25
4/18/2024 9:15,47592.7,47829.75,47527.55,47577.15
4/18/2024 10:15,47575.5,47748.95,47465.3,47719.8
4/18/2024 11:15,47716.65,47741.25,47610.55,47614.95
4/18/2024 12:15,47616.25,47714.75,47609.8,47666.85
4/18/2024 13:15,47663.1,47716.85,47133.15,47351
4/18/2024 14:15,47349.15,47414.8,46982.95,46995.9
4/18/2024 15:15,46995.7,47174.05,46982.15,47131.8
4/19/2024 9:15,46744.95,46952.5,46579.05,46903.75
4/19/2024 10:15,46904.35,46927.9,46792.5,46884.75
4/19/2024 11:15,46885.3,47045.4,46863.65,46966.3
4/19/2024 12:15,46963.7,47357.3,46939.45,47295.85
4/19/2024 13:15,47294.95,47653.95,47203.25,47542.45
4/19/2024 14:15,47550.95,47635.45,47375.35,47628.1
4/19/2024 15:15,47631.95,47668.7,47551.85,47614.15
4/22/2024 9:15,48145.7,48146.3,47671.25,47750.45
4/22/2024 10:15,47751.85,47842.6,47628.45,47822.6
4/22/2024 11:15,47822.8,47886.35,47787.7,47825.7
4/22/2024 12:15,47821.9,47850.7,47744.35,47783.3
4/22/2024 13:15,47782.4,47882.35,47766.7,47837.45
4/22/2024 14:15,47834.45,47962.65,47782.65,47959.95
4/22/2024 15:15,47954.6,48009.55,47902.5,47999.85
4/23/2024 9:15,48299.6,48302.7,47942.75,48069.6
4/23/2024 10:15,48069.4,48084.5,47937.45,47982.75
4/23/2024 11:15,47985.45,48054.5,47976.5,48047.6
4/23/2024 12:15,48046.85,48088.85,47941.15,47977.85
4/23/2024 13:15,47981.55,48023,47899.3,47977.15
4/23/2024 14:15,47977.15,48039.75,47929.3,48003.1
4/23/2024 15:15,48004.4,48009.4,47933,47935.6
4/24/2024 9:15,48120.9,48199.15,48028.7,48166.3
4/24/2024 10:15,48171.25,48235.2,48161.6,48197.5
4/24/2024 11:15,48195.75,48220,48160.75,48200.15
4/24/2024 12:15,48198.2,48209.3,48157.25,48203.25
4/24/2024 13:15,48202.4,48228.05,48182.55,48205.85
4/24/2024 14:15,48204.8,48246.2,48132.75,48176.55
4/24/2024 15:15,48178.05,48208,48152.15,48195.35
4/25/2024 9:15,47772.65,48320.1,47737.2,48302.45
4/25/2024 10:15,48299.5,48348.05,48087,48288.75
4/25/2024 11:15,48290.2,48302.45,48128,48161.75
4/25/2024 12:15,48164.75,48370.35,48151.45,48357.85
4/25/2024 13:15,48360.1,48566.15,48313.3,48531.3
4/25/2024 14:15,48531.35,48625.45,48481.1,48482.8
4/25/2024 15:15,48482.95,48504.55,48435.5,48497.3
4/26/2024 9:15,48660,48679.65,48411.45,48475.3
4/26/2024 10:15,48469.9,48524.6,48340.45,48388.95
4/26/2024 11:15,48388.2,48453.6,48361.25,48400.85
4/26/2024 12:15,48399.9,48508.85,48379.05,48495.75
4/26/2024 13:15,48490.3,48499,48220.45,48288.2
4/26/2024 14:15,48293.8,48359.55,48088.25,48154.75
4/26/2024 15:15,48155.4,48352.55,48146.55,48284.3
4/29/2024 9:15,48359.9,48592.65,48342.7,48556.8
4/29/2024 10:15,48552.05,48778.6,48520.8,48720.9
4/29/2024 11:15,48721.35,48979.1,48705.5,48952.1
4/29/2024 12:15,48946.7,49031.85,48902.7,48996.85
4/29/2024 13:15,48995.25,49399.3,48981.2,49348.45
4/29/2024 14:15,49347.6,49473.6,49253.75,49462.15
4/29/2024 15:15,49462.65,49464.6,49359.15,49380.65
4/30/2024 9:15,49477.1,49672.85,49354.35,49504.45
4/30/2024 10:15,49522.15,49659.05,49476.4,49587.65
4/30/2024 11:15,49598.35,49617.8,49505.4,49562.6
4/30/2024 12:15,49561.2,49576.65,49441.9,49463.1
4/30/2024 13:15,49466.5,49953.45,49421.2,49913.2
4/30/2024 14:15,49914.35,49974.75,49373.3,49410.25
4/30/2024 15:15,49409.1,49409.1,49249.9,49291.35
5/2/2024 9:15,49262,49529.35,49221.45,49476.05
5/2/2024 10:15,49465.1,49475.65,49232,49249.25
5/2/2024 11:15,49251.9,49350.45,49123.6,49254.35
5/2/2024 12:15,49251.15,49314.35,49178.15,49259
5/2/2024 13:15,49258.5,49344.9,49214.6,49254.1
5/2/2024 14:15,49251.6,49275.55,49174.3,49242.65
5/2/2024 15:15,49237.65,49265.6,49217.85,49243.55
5/3/2024 9:15,49375.05,49607.75,49246.05,49253.7
5/3/2024 10:15,49253.3,49299.45,49005.3,49096.6
5/3/2024 11:15,49093.2,49099.35,48816.8,48914.45
5/3/2024 12:15,48913.3,49130.75,48715.95,48747.95
5/3/2024 13:15,48740.3,48874.55,48659.7,48821.6
5/3/2024 14:15,48817.05,48949.55,48731,48940.9
5/3/2024 15:15,48939.2,48997.25,48853.9,48877.85
5/6/2024 9:15,49174.55,49252.65,48874.65,49103.8
5/6/2024 10:15,49107.5,49231.6,49026.05,49094.8
5/6/2024 11:15,49094.45,49140.95,49014.85,49080.8
5/6/2024 12:15,49079.5,49091.15,48863.8,48900.3
5/6/2024 13:15,48900.55,48955.6,48821.1,48841.35
5/6/2024 14:15,48835.3,49010.45,48784,48898
5/6/2024 15:15,48897.35,48954.7,48874.25,48931.85
5/7/2024 9:15,48965.05,49023.5,48522.55,48598.05
5/7/2024 10:15,48598.2,48609.6,48360.75,48376.9
5/7/2024 11:15,48378.6,48379.45,48230.4,48286.1
5/7/2024 12:15,48280.9,48345.3,48222.2,48299.7
5/7/2024 13:15,48300.05,48457.45,48291.85,48393.9
5/7/2024 14:15,48390.4,48399,48213.75,48305.3
5/7/2024 15:15,48309.9,48352,48249.4,48275.6
5/8/2024 9:15,48124.2,48223.05,48038.45,48100.6
5/8/2024 10:15,48108,48108,47851.15,47951.35
5/8/2024 11:15,47951.9,48171.15,47944.65,48084.15
5/8/2024 12:15,48085.75,48162.85,48038.9,48106.45
5/8/2024 13:15,48103.65,48173.65,47973.55,48020.5
5/8/2024 14:15,48020,48090.45,47959.15,48017.9
5/8/2024 15:15,48016.7,48105.5,47992.45,48101.6
5/9/2024 9:15,47976.35,48258.65,47964.85,47992.45
5/9/2024 10:15,47987.55,48024.55,47764,47778.25
5/9/2024 11:15,47775.55,47868.45,47661.05,47849.75
5/9/2024 12:15,47850.65,47910.95,47615.7,47687.25
5/9/2024 13:15,47685.5,47892.25,47609.65,47783.35
5/9/2024 14:15,47776.8,47806,47460.75,47465.75
5/9/2024 15:15,47469.5,47520.3,47440.65,47515.45
5/10/2024 9:15,47555.5,47868.7,47362.7,47790.85
5/10/2024 10:15,47791.95,47824.6,47563.2,47673
5/10/2024 11:15,47672.45,47777.15,47601.65,47651.85
5/10/2024 12:15,47650.5,47670.9,47313.35,47430.45
5/10/2024 13:15,47426.65,47592.55,47387.35,47479.9
5/10/2024 14:15,47479.15,47515.65,47362.75,47424.05
5/10/2024 15:15,47426.8,47455.25,47411.15,47440.85
5/13/2024 9:15,47389.8,47508.55,47021.9,47128.05
5/13/2024 10:15,47126.35,47194.65,46983.25,47133.6
5/13/2024 11:15,47132.55,47339.55,47129.7,47313.15
5/13/2024 12:15,47313.9,47520.15,47298.5,47470.95
5/13/2024 13:15,47471.35,47774.35,47155.65,47720.75
5/13/2024 14:15,47721.5,47831.65,47662.7,47727.45
5/13/2024 15:15,47728.55,47841.6,47714.55,47784.9
5/14/2024 9:15,47763.5,47908.95,47607.85,47666.05
5/14/2024 10:15,47666,47828.6,47657.6,47812.7
5/14/2024 11:15,47810.6,47832.45,47721.35,47792.2
5/14/2024 12:15,47793.9,47937.25,47740.2,47837.6
5/14/2024 13:15,47836.7,47912.9,47780.4,47858.95
5/14/2024 14:15,47857.95,47902.6,47751.3,47859.2
5/14/2024 15:15,47861.1,47910.3,47842.05,47872
5/15/2024 9:15,47923.1,47957.2,47690.7,47735.45
5/15/2024 10:15,47733.9,47790.1,47658.5,47725
5/15/2024 11:15,47727.85,47748.7,47586.7,47681.1
5/15/2024 12:15,47679.95,47696.2,47586.2,47614.75
5/15/2024 13:15,47612.3,47655.35,47534.5,47629.8
5/15/2024 14:15,47629,47734.9,47584.4,47718.2
5/15/2024 15:15,47719,47730.95,47665.75,47710.8
5/16/2024 9:15,47945.85,48001.9,47741.4,47791.2
5/16/2024 10:15,47789.05,47796.5,47340.35,47481.15
5/16/2024 11:15,47480.7,47837.85,47396.45,47833.35
5/16/2024 12:15,47841.2,47876.9,47440.7,47484.3
5/16/2024 13:15,47484.4,47535.8,47345.1,47404.9
5/16/2024 14:15,47407.65,47998.95,47395.05,47973.7
5/16/2024 15:15,47973.7,48052.9,47958.05,47977.4
5/17/2024 9:15,47842.95,48025.35,47758.8,47952.8
5/17/2024 10:15,47949.15,48160.3,47922.9,48144.85
5/17/2024 11:15,48145.15,48185.7,48028.25,48040.85
5/17/2024 12:15,48043.8,48134.65,48024.6,48065
5/17/2024 13:15,48068.35,48143.55,48003.9,48115.3
5/17/2024 14:15,48110.85,48163.2,48022.55,48130.85
5/17/2024 15:15,48129.3,48188.65,48111.55,48121.35
5/18/2024 9:15,48197.3,48227.05,48111.2,48151.6
5/18/2024 11:15,48168,48209,48108.15,48194.3
5/18/2024 12:15,48197.35,48220.9,48178.1,48204
5/21/2024 9:15,47927.1,48218.7,47927.1,48000.55
5/21/2024 10:15,48003.2,48126.8,47961.2,48112.55
5/21/2024 11:15,48110.8,48204.1,48108.55,48170.75
5/21/2024 12:15,48169.1,48259.75,48116.2,48231.8
5/21/2024 13:15,48232.85,48241.7,48098.15,48113.75
5/21/2024 14:15,48112.65,48144.65,48001.1,48030.85
5/21/2024 15:15,48033.5,48055.5,47968.65,47989.85
5/22/2024 9:15,48113.9,48114.05,47702.15,47801.9
5/22/2024 10:15,47805.45,47828.95,47634.2,47674.3
5/22/2024 11:15,47673.2,47757.3,47633.3,47717.95
5/22/2024 12:15,47716.6,47759.95,47625.15,47649.35
5/22/2024 13:15,47648.15,47803.55,47643.9,47706.9
5/22/2024 14:15,47708.25,47851.5,47435.25,47826.75
5/22/2024 15:15,47828.5,47959.15,47825.3,47906.05
5/23/2024 9:15,47899.35,48204.45,47873.15,48190.1
5/23/2024 10:15,48188.55,48395.25,48179.4,48313.5
5/23/2024 11:15,48314.05,48463.3,48309.55,48428.55
5/23/2024 12:15,48430.95,48626.55,48427.45,48539.1
5/23/2024 13:15,48536.2,48711.9,48454.65,48709.6
5/23/2024 14:15,48705.75,48829.7,48607.2,48802.2
5/23/2024 15:15,48804.4,48826.15,48731.5,48737.05
5/24/2024 9:15,48668,48976.7,48644.8,48679.15
5/24/2024 10:15,48680.9,48874.65,48675.1,48784.95
5/24/2024 11:15,48783.2,48857.55,48781.25,48851.8
5/24/2024 12:15,48853.4,48946.4,48801.25,48881.95
5/24/2024 13:15,48880,48938.45,48858.1,48933.3
5/24/2024 14:15,48932.35,49052.95,48870.7,48976.05
5/24/2024 15:15,48982.2,48999.2,48928.95,48948.9
5/27/2024 9:15,49105.9,49296.25,49051.25,49217.6
5/27/2024 10:15,49214.8,49356.95,49206.2,49310.15
5/27/2024 11:15,49308.9,49524.65,49287.55,49520.75
5/27/2024 12:15,49518.2,49688.85,49505,49583.7
5/27/2024 13:15,49588.6,49645.65,49502.45,49612.95
5/27/2024 14:15,49614.35,49640.35,49059.65,49312.75
5/27/2024 15:15,49310.25,49324.65,49215.95,49280.2
5/28/2024 9:15,49390.9,49511.15,49223,49310.5
5/28/2024 10:15,49308.45,49388,49253.1,49294.65
5/28/2024 11:15,49294.45,49315.85,49164.3,49172.7
5/28/2024 12:15,49173.75,49327.75,49086.4,49288.15
5/28/2024 13:15,49288.25,49321,49186.9,49250.4
5/28/2024 14:15,49245.15,49291.1,49135.2,49151.9
5/28/2024 15:15,49153.8,49171.4,49043.65,49060.1
5/29/2024 9:15,48786.7,49022.6,48689.5,48705.85
5/29/2024 10:15,48709.15,48729.2,48601.75,48629.15
5/29/2024 11:15,48627.65,48697.6,48549.5,48620.6
5/29/2024 12:15,48615.7,48670.75,48560.45,48579.45
5/29/2024 13:15,48580,48662.55,48502.65,48549.5
5/29/2024 14:15,48556.25,48580.15,48401.55,48525.7
5/29/2024 15:15,48518.4,48624.9,48460.75,48563.05
5/30/2024 9:15,48313.6,48919.9,48313.6,48654
5/30/2024 10:15,48649.3,48788.65,48632.15,48646.15
5/30/2024 11:15,48642.95,48713.2,48531.05,48644.1
5/30/2024 12:15,48644.9,48874.2,48614.7,48851.1
5/30/2024 13:15,48850.25,49044.6,48766.1,48852.4
5/30/2024 14:15,48850.5,48905.4,48545,48637.25
5/30/2024 15:15,48642.25,48838.65,48642.25,48822.85
5/31/2024 9:15,48895.15,49079.05,48719.5,48719.5
5/31/2024 10:15,48717.85,48821.2,48612.45,48698.5
5/31/2024 11:15,48698.35,48792.15,48569.05,48688.5
5/31/2024 12:15,48684.65,48863.4,48681.25,48836.95
5/31/2024 13:15,48835.7,49108.35,48831.8,49030.75
5/31/2024 14:15,49034.65,49035.9,48722.8,48966.3
5/31/2024 15:15,48964.15,49122.55,48937.45,48967.95
6/3/2024 9:15,50889.85,50990,50092.65,50471.35
6/3/2024 10:15,50471.35,50579.8,50387.3,50539
6/3/2024 11:15,50544.85,50948.2,50535.8,50852.05
6/3/2024 12:15,50850.3,50932.35,50723.35,50914.45
6/3/2024 13:15,50913.15,50921.85,50611.4,50791.7
6/3/2024 14:15,50787.85,50965.6,50709.55,50955
6/3/2024 15:15,50957.4,51133.2,50956.6,51106.05
6/4/2024 9:15,50667.05,50667.05,48741.55,49525.65
6/4/2024 10:15,49526.7,49526.7,47414.4,47714.95
6/4/2024 11:15,47712.65,48439.25,46138.35,46701.45
6/4/2024 12:15,46693.6,47399.9,46077.85,47284.4
6/4/2024 13:15,47284.35,48083.85,46943.2,47512.6
6/4/2024 14:15,47509.35,47670.55,46652.15,47035.8
6/4/2024 15:15,47035.45,47600.75,46887.1,47206.25
6/5/2024 9:15,47486.6,47502,46473.6,47004.45
6/5/2024 10:15,47006.8,47865.9,46446.8,47863.2
6/5/2024 11:15,47861.4,48000.6,47384.4,47673.3
6/5/2024 12:15,47672.9,48285.55,47671.65,48139
6/5/2024 13:15,48136.55,48799.95,48067,48659.95
6/5/2024 14:15,48667.25,49362.9,48515.45,49065.2
6/5/2024 15:15,49063.1,49100,48801.3,48847.1
6/6/2024 9:15,49426.4,49477.5,49063.75,49319
6/6/2024 10:15,49317.95,49672.75,49310.5,49600.6
6/6/2024 11:15,49601.4,49612.6,49160.8,49231.15
6/6/2024 12:15,49232.7,49366.25,48906.75,49040.95
6/6/2024 13:15,49040.95,49380,49024.35,49199
6/6/2024 14:15,49197.9,49335.4,48948.3,49326.4
6/6/2024 15:15,49326.85,49367.1,49194.65,49330.9
6/7/2024 9:15,49316.95,49506.25,49080.45,49409.9
6/7/2024 10:15,49408.2,49677.4,49228.05,49659.15
6/7/2024 11:15,49658.35,49932.15,49564,49832
6/7/2024 12:15,49833.9,49943.2,49730.95,49857.9
6/7/2024 13:15,49857.65,49897.45,49665.25,49814
6/7/2024 14:15,49817.3,49909.2,49711.25,49777.75
6/7/2024 15:15,49776.5,49849.05,49752.35,49806.6
6/10/2024 9:15,49808.15,50252.95,49654.2,49910.65
6/10/2024 10:15,49911.05,49986.4,49772.1,49858.05
6/10/2024 11:15,49860,50019.9,49825.7,49861.3
6/10/2024 12:15,49862.75,49980.9,49844.75,49930.25
6/10/2024 13:15,49926.2,50099.2,49898.1,50046.5
6/10/2024 14:15,50046.3,50065.9,49716.8,49818.35
6/10/2024 15:15,49814.75,49826.95,49622.75,49689.65
6/11/2024 9:15,49751.2,49891.75,49530.45,49861.4
6/11/2024 10:15,49860.9,49937.1,49806.05,49861.3
6/11/2024 11:15,49863.55,49871.55,49750.2,49801.4
6/11/2024 12:15,49801.65,49905,49751.75,49858.25
6/11/2024 13:15,49860.55,49970.3,49768.8,49814.55
6/11/2024 14:15,49814.3,49851.75,49682.4,49732.85
6/11/2024 15:15,49735.85,49740.6,49615.55,49652.25
6/12/2024 9:15,49857.45,50222,49697.35,50162.9
6/12/2024 10:15,50166.8,50233.4,50099.6,50144.5
6/12/2024 11:15,50144.2,50159.95,49968.55,50023.5
6/12/2024 12:15,50026.25,50042.45,49913.05,50001.7
6/12/2024 13:15,50001.55,50021.15,49877.1,49901.1
6/12/2024 14:15,49899.4,50006.3,49825.45,49925.6
6/12/2024 15:15,49926.55,49953.25,49772.5,49791.6
6/13/2024 9:15,50179,50186.45,49919.6,50037.3
6/13/2024 10:15,50033.7,50037.3,49882.75,49942.4
6/13/2024 11:15,49939.35,50032.15,49835.25,49939.25
6/13/2024 12:15,49940.75,49984.8,49921.5,49967.45
6/13/2024 13:15,49965.85,49975.5,49860.7,49902.9
6/13/2024 14:15,49902.85,49905.7,49799.65,49821.05
6/13/2024 15:15,49818.8,49920.6,49817.95,49889.3
6/14/2024 9:15,49993.95,50070.2,49693.35,50024.85
6/14/2024 10:15,50022.95,50102.6,49994.15,50061.75
6/14/2024 11:15,50061.9,50070.05,49942.4,49980.8
6/14/2024 12:15,49980.85,50026.6,49931,50012
6/14/2024 13:15,50013.85,50022.65,49940.8,49962.75
6/14/2024 14:15,49963.7,50087.85,49946,50026.25
6/14/2024 15:15,50028.3,50038.8,49933.2,49981.5
6/18/2024 9:15,50194.35,50246.65,49900.2,50174.65
6/18/2024 10:15,50177.6,50265.2,50068.15,50241.6
6/18/2024 11:15,50241.5,50348.25,50237.85,50309.6
6/18/2024 12:15,50308.2,50338.45,50277.75,50328.9
6/18/2024 13:15,50326.25,50425.65,50313.45,50402.95
6/18/2024 14:15,50403.3,50432.1,50339.8,50430.35
6/18/2024 15:15,50432.5,50562.15,50427.65,50479.3
6/19/2024 9:15,50607.9,51255.95,50441.75,51091.6
6/19/2024 10:15,51097.55,51179.9,50594.85,51045.4
6/19/2024 11:15,51046.3,51113.75,50879.05,51113.75
6/19/2024 12:15,51129.2,51214.5,51046.75,51132.7
6/19/2024 13:15,51133.2,51580.8,51031.1,51571.9
6/19/2024 14:15,51574.9,51957,51232.35,51377.25
6/19/2024 15:15,51375.1,51478.05,51322.05,51450.1
6/20/2024 9:15,51712.9,51798,51300.7,51337.1
6/20/2024 10:15,51336.05,51647.6,51281.5,51527.5
6/20/2024 11:15,51525.1,51698.95,51506.55,51664.65
6/20/2024 12:15,51665.2,51732.55,51587.9,51667.4
6/20/2024 13:15,51666.65,51842.2,51644.2,51744.25
6/20/2024 14:15,51748.6,51815.4,51647.75,51770.3
6/20/2024 15:15,51770.45,51826.45,51756,51760.75
6/21/2024 9:15,51927.3,51934.35,51478.7,51500.3
6/21/2024 10:15,51501.1,51558.95,51350.9,51426.55
6/21/2024 11:15,51429.2,51504.7,51357.4,51467.45
6/21/2024 12:15,51467.75,51550.55,51224.95,51293.3
6/21/2024 13:15,51293.65,51754.35,51256.2,51660.35
6/21/2024 14:15,51660.8,51797.8,51282.05,51628.2
6/21/2024 15:15,51629.4,51669.15,51524.35,51557.5
6/24/2024 9:15,51280.25,51394.75,51138.9,51318.25
6/24/2024 10:15,51321.25,51610.45,51251.65,51523.1
6/24/2024 11:15,51522.8,51718.95,51510.25,51616.7
6/24/2024 12:15,51618.75,51718.2,51596.95,51706.4
6/24/2024 13:15,51706.65,51783.95,51592.15,51620.65
6/24/2024 14:15,51619.95,51762.6,51562.35,51737.6
6/24/2024 15:15,51736.95,51768.8,51686.95,51709.65
6/25/2024 9:15,51759.45,52096.7,51747.65,52084.2
6/25/2024 10:15,52083.05,52188.25,52051.35,52119.7
6/25/2024 11:15,52117.55,52121.65,52013.85,52087.85
6/25/2024 12:15,52095.2,52527,52062.7,52495.15
6/25/2024 13:15,52490.75,52669.3,52489.25,52609.9
6/25/2024 14:15,52613.2,52662.55,52457.15,52627.9
6/25/2024 15:15,52628.5,52746.5,52599.25,52630.15
6/26/2024 9:15,52653.2,52701.7,52373.7,52399.3
6/26/2024 10:15,52398.3,52753.65,52398.3,52680.1
6/26/2024 11:15,52674.15,52957.95,52666.35,52885.05
6/26/2024 12:15,52888.9,52950.05,52730,52867.55
6/26/2024 13:15,52863.55,52958.75,52851,52938.55
6/26/2024 14:15,52940.3,52988.3,52814.95,52837.55
6/26/2024 15:15,52832.85,52898.7,52694.2,52694.5
6/27/2024 9:15,52980.3,53180.75,52639,53100.1
6/27/2024 10:15,53100.5,53136.9,52668.65,52950.05
6/27/2024 11:15,52945.6,53010.35,52849.35,53010.35
6/27/2024 12:15,53005.15,53035.2,52800.9,52862.05
6/27/2024 13:15,52864.3,52935.45,52751.05,52843.35
6/27/2024 14:15,52839.25,52964.45,52694.65,52805.15
6/27/2024 15:15,52811.65,52882.9,52759.8,52759.8
6/28/2024 9:15,52874.95,53030.3,52783.3,52972.85
6/28/2024 10:15,52970.3,53000.85,52842.3,52861.5
6/28/2024 11:15,52862.05,52878.55,52674.9,52740.1
6/28/2024 12:15,52742.4,52752.1,52419.45,52516.55
6/28/2024 13:15,52513.45,52723.05,52455.15,52672.4
6/28/2024 14:15,52673.75,52706.7,52279.1,52289.05
6/28/2024 15:15,52289.85,52334.9,52242.3,52323.7
7/1/2024 9:15,52351.15,52545.2,52166.05,52396.1
7/1/2024 10:15,52396.05,52483.1,52338.8,52413.5
7/1/2024 11:15,52410.85,52607.55,52395.45,52549.55
7/1/2024 12:15,52549.3,52616.9,52524.8,52579.95
7/1/2024 13:15,52582,52638.45,52532.1,52582.95
7/1/2024 14:15,52583.75,52656.15,52487.95,52613.4
7/1/2024 15:15,52611.1,52630,52504.55,52521.45
7/2/2024 9:15,52793.75,52828.45,52120.25,52256.55
7/2/2024 10:15,52255.15,52371.45,52252.9,52364.1
7/2/2024 11:15,52357.5,52412.65,52057.3,52142
7/2/2024 12:15,52141,52190,51996.65,52147.85
7/2/2024 13:15,52146.15,52251.35,52109.6,52132.6
7/2/2024 14:15,52132.6,52227.1,52125.75,52164.4
7/2/2024 15:15,52164.5,52200.7,52131.2,52148.1
7/3/2024 9:15,52872.3,53201.5,52482.65,53074.4
7/3/2024 10:15,53078.95,53256.7,53008.65,53046.9
7/3/2024 11:15,53045.5,53119.5,52967.4,53078.35
7/3/2024 12:15,53079.5,53144.8,53057.95,53084.15
7/3/2024 13:15,53087.75,53191.3,53070.95,53096.5
7/3/2024 14:15,53101.1,53143,53047.1,53110
7/3/2024 15:15,53108.15,53145.4,53025.7,53042.15
7/4/2024 9:15,53357.7,53357.7,53044.5,53180.05
7/4/2024 10:15,53180.8,53202.3,52815.9,52881.2
7/4/2024 11:15,52881.35,52959.95,52863,52942
7/4/2024 12:15,52941.15,53028.2,52922.15,52996.2
7/4/2024 13:15,52995.25,53092.85,52923.95,53031.85
7/4/2024 14:15,53032.85,53188.05,52984.8,53108
7/4/2024 15:15,53107.15,53123,53072.85,53083.75
7/5/2024 9:15,52560.1,52817.85,52290.05,52385.8
7/5/2024 10:15,52384.4,52663.55,52339.2,52552.3
7/5/2024 11:15,52553.9,52660.6,52547.8,52551.05
7/5/2024 12:15,52548.3,52624.05,52485.45,52500.55
7/5/2024 13:15,52499.85,52581.2,52465.7,52512.65
7/5/2024 14:15,52512.5,52732.6,52431.45,52685.8
7/5/2024 15:15,52687.05,52715.05,52621.6,52633.15
7/8/2024 9:15,52533.1,52710.8,52321.2,52561.35
7/8/2024 10:15,52561.9,52688,52388.75,52450.7
7/8/2024 11:15,52447.85,52469.7,52252.45,52283.65
7/8/2024 12:15,52285.1,52437.1,52246.7,52389.8
7/8/2024 13:15,52395.25,52518.25,52333.8,52430.85
7/8/2024 14:15,52436.45,52508.95,52348.75,52400.55
7/8/2024 15:15,52401.1,52507.8,52377.3,52470.05
7/9/2024 9:15,52390.5,52586.3,52292.95,52490.15
7/9/2024 10:15,52490.85,52574.55,52475,52527.9
7/9/2024 11:15,52529.75,52626.6,52512.8,52560.8
7/9/2024 12:15,52557.9,52573.15,52483.7,52558.75
7/9/2024 13:15,52558.05,52595.5,52534.1,52581.15
7/9/2024 14:15,52578.7,52603,52500.95,52567
7/9/2024 15:15,52567.25,52607.65,52488.4,52521.4
7/10/2024 9:15,52528.8,52528.8,52175.2,52284.55
7/10/2024 10:15,52278.7,52300.95,52077.9,52124
7/10/2024 11:15,52123.7,52187.75,52082.15,52153.75
7/10/2024 12:15,52156.25,52168.8,52107.75,52129.3
7/10/2024 13:15,52128.2,52147.85,52075.4,52120.35
7/10/2024 14:15,52121.7,52238.55,52100.1,52174.4
7/10/2024 15:15,52172.7,52234.5,52160.15,52217.3
7/11/2024 9:15,52316.9,52400.3,52110,52140.65
7/11/2024 10:15,52141.55,52142.85,51749.45,51801.5
7/11/2024 11:15,51796.6,51928.35,51768.35,51882.85
7/11/2024 12:15,51883.5,51965.7,51863.5,51933.1
7/11/2024 13:15,51933.85,52244.7,51877.95,52168.7
7/11/2024 14:15,52170.5,52343.3,52131.25,52287.6
7/11/2024 15:15,52288.85,52335.2,52254.85,52305.65
7/12/2024 9:15,52272.65,52510.75,52171.15,52237
7/12/2024 10:15,52232.15,52794.55,52224.9,52649.8
7/12/2024 11:15,52647.4,52659.45,52448.4,52551.5
7/12/2024 12:15,52554.85,52586.5,52444.65,52554.65
7/12/2024 13:15,52555.55,52637.35,52532,52562.15
7/12/2024 14:15,52562.3,52582.3,52226.05,52228.45
7/12/2024 15:15,52224.75,52350.65,52193.3,52348.7
7/15/2024 9:15,52330.05,52444.9,52167.25,52313
7/15/2024 10:15,52313.5,52516.4,52228.8,52426.7
7/15/2024 11:15,52426.6,52445.9,52154,52358.3
7/15/2024 12:15,52357.85,52441.9,52256.3,52434.6
7/15/2024 13:15,52438.5,52662.25,52426.8,52545.2
7/15/2024 14:15,52542.05,52614.15,52424.65,52448.95
7/15/2024 15:15,52442.9,52486.65,52422.65,52484.4
7/16/2024 9:15,52466.7,52619.05,52357.5,52448.1
7/16/2024 10:15,52450.05,52526.4,52435.75,52499
7/16/2024 11:15,52497.45,52512.7,52426.2,52436
7/16/2024 12:15,52436.9,52513.85,52423.7,52461.55
7/16/2024 13:15,52461.5,52476.85,52375.5,52416.1
7/16/2024 14:15,52419.05,52456.7,52331.6,52407.5
7/16/2024 15:15,52407.25,52454.35,52365.85,52399.95
7/18/2024 9:15,52215.05,52668.8,52168.65,52608
7/18/2024 10:15,52602.4,52631.05,52267.65,52272.95
7/18/2024 11:15,52273.6,52436.35,52185.7,52427.85
7/18/2024 12:15,52424.05,52583.4,52352.7,52557.8
7/18/2024 13:15,52562.25,52754.05,52505.95,52734.6
7/18/2024 14:15,52730.95,52782.75,52607.05,52630.1
7/18/2024 15:15,52631.1,52653.05,52558.25,52559.25
7/19/2024 9:15,52531.55,52586.75,52317.5,52362.4
7/19/2024 10:15,52360.65,52475.45,52146.3,52298.1
7/19/2024 11:15,52297.2,52397.75,52257.95,52344.1
7/19/2024 12:15,52342.9,52376.1,52182.3,52255.4
7/19/2024 13:15,52250,52384.4,52217.25,52263.9
7/19/2024 14:15,52264.8,52341.15,52234.75,52277.05
7/19/2024 15:15,52281.6,52287.45,52195.35,52222.95
7/22/2024 9:15,52145.6,52369.05,51874.55,52365.45
7/22/2024 10:15,52364.6,52427,52267.55,52313.9
7/22/2024 11:15,52314.2,52331.05,52230,52263.55
7/22/2024 12:15,52264.45,52272.15,52165.8,52241.9
7/22/2024 13:15,52242.4,52324.85,52231.45,52243.75
7/22/2024 14:15,52244.85,52332.55,52217.65,52309.8
7/22/2024 15:15,52312.75,52332.55,52262.75,52328.6
7/23/2024 9:15,52511,52547.55,52088.55,52219.95
7/23/2024 10:15,52215.1,52427.45,52124.45,52351.1
7/23/2024 11:15,52350.5,52370.5,51801.1,52163.4
7/23/2024 12:15,52167.8,52197.25,51342.65,51359.75
7/23/2024 13:15,51363.45,51917.8,51363.45,51849.15
7/23/2024 14:15,51850.35,52086.35,51670.5,51752.3
7/23/2024 15:15,51747.8,51778.5,51661,51757.15
7/24/2024 9:15,51657.65,51944.65,51469.8,51703.35
7/24/2024 10:15,51701.05,51831.4,51153.6,51190.6
7/24/2024 11:15,51190.15,51236.95,51009.1,51071.15
7/24/2024 12:15,51071.85,51120.55,50784.25,51102.65
7/24/2024 13:15,51103,51515.55,51006.95,51034.95
7/24/2024 14:15,51039.35,51334.8,50994.1,51314.45
7/24/2024 15:15,51314.7,51462.15,51260.15,51429.75
7/25/2024 9:15,50762.3,51006.1,50572,50636.05
7/25/2024 10:15,50638.05,50768.25,50559.9,50737.25
7/25/2024 11:15,50736.35,50879.15,50696.55,50839.65
7/25/2024 12:15,50837.25,50879.55,50778.9,50833.25
7/25/2024 13:15,50831.35,50921.7,50776.1,50890.4
7/25/2024 14:15,50894.4,50936.25,50841.45,50897.9
7/25/2024 15:15,50898.55,50898.55,50853.8,50886.55
7/26/2024 9:15,50456.1,50876.4,50438.3,50722.15
7/26/2024 10:15,50722.4,50950.45,50706.4,50895.3
7/26/2024 11:15,50891.45,50987.25,50851.5,50878.85
7/26/2024 12:15,50878.15,51201.55,50863,51201.55
7/26/2024 13:15,51205.15,51322.2,51160.3,51222.75
7/26/2024 14:15,51223.8,51345.45,51136.95,51321.25
7/26/2024 15:15,51319.5,51398.6,51264.9,51352.75
7/29/2024 9:15,51546.65,51954.4,51433.9,51798.95
7/29/2024 10:15,51798.5,52183,51778.75,52130.35
7/29/2024 11:15,52130.45,52340.25,51737,51833.8
7/29/2024 12:15,51829.15,51866.9,51186.95,51516.85
7/29/2024 13:15,51521.9,51717.65,51343.75,51345.35
7/29/2024 14:15,51345.9,51617.85,51264.65,51311.85
7/29/2024 15:15,51311.35,51395.05,51293.45,51389.6
7/30/2024 9:15,51383.9,51601.55,51260.05,51470.1
7/30/2024 10:15,51472.05,51703,51448.15,51645.1
7/30/2024 11:15,51645.2,51784.6,51642.25,51689.15
7/30/2024 12:15,51690.6,51957.75,51671.75,51802.6
7/30/2024 13:15,51797.3,51866.5,51627.75,51795.5
7/30/2024 14:15,51795.85,51922.55,51413.2,51462.35
7/30/2024 15:15,51460.9,51510.85,51390.6,51426.15
7/31/2024 9:15,51583.45,51621.75,51392.85,51606.85
7/31/2024 10:15,51603.35,51661.85,51523.2,51557.15
7/31/2024 11:15,51555.45,51571.85,51400.1,51475.9
7/31/2024 12:15,51475.6,51579.8,51444.9,51498.05
7/31/2024 13:15,51491.05,51541.25,51335.7,51385.7
7/31/2024 14:15,51385.65,51583.45,51363.4,51547.45
7/31/2024 15:15,51549,51663.1,51542.65,51620.8
8/1/2024 9:15,51672.6,51877.15,51646.05,51692.55
8/1/2024 10:15,51688.8,51779.25,51667.6,51750.3
8/1/2024 11:15,51749.6,51765.4,51685.7,51711
8/1/2024 12:15,51706.65,51723.3,51580.85,51694.15
8/1/2024 13:15,51694.4,51721.3,51565.7,51569.1
8/1/2024 14:15,51568.55,51595.8,51456.2,51571.65
8/1/2024 15:15,51571.3,51639.15,51570.15,51606.45
8/2/2024 9:15,51172.25,51376.8,51087.85,51247.65
8/2/2024 10:15,51246.65,51534.9,51241.35,51480.9
8/2/2024 11:15,51478.05,51568.35,51425.35,51469.9
8/2/2024 12:15,51468.7,51495.5,51364.15,51452.7
8/2/2024 13:15,51445.25,51608.7,51432.85,51500.95
8/2/2024 14:15,51496.9,51542,51308.95,51341.7
8/2/2024 15:15,51342.1,51401.05,51325.35,51337.75
8/5/2024 9:15,50586.25,50747.55,50346.7,50389.1
8/5/2024 10:15,50381.9,50441.65,49902.65,49920.5
8/5/2024 11:15,49922.6,50006.4,49719.1,49992.95
8/5/2024 12:15,49992.9,50047.55,49808.1,50012.4
8/5/2024 13:15,50015.65,50164.6,49942.2,50055.65
8/5/2024 14:15,50051,50221.25,49965,50081
8/5/2024 15:15,50081.95,50113.1,50030.6,50056
8/6/2024 9:15,50436.9,50688.8,50237.95,50263.75
8/6/2024 10:15,50270.65,50297.3,49907.6,50147.55
8/6/2024 11:15,50148.4,50255.25,50079.6,50188.15
8/6/2024 12:15,50183.45,50199.6,50079.35,50096.35
8/6/2024 13:15,50094.1,50134.1,49725.2,49776.4
8/6/2024 14:15,49776.1,49875.5,49659.05,49735.15
8/6/2024 15:15,49738.45,49797.55,49708.05,49770.2
8/7/2024 9:15,50286.2,50292.45,49794.5,49836.2
8/7/2024 10:15,49835.15,50159.2,49782.2,49929.3
8/7/2024 11:15,49925.85,49977.05,49841,49883.6
8/7/2024 12:15,49891.15,50098.65,49874.15,49931.75
8/7/2024 13:15,49932.7,49980.9,49855.6,49968.4
8/7/2024 14:15,49967.9,50165.45,49945.6,50140.95
8/7/2024 15:15,50139.3,50254.5,50123.35,50226.45
8/8/2024 9:15,50051.9,50185.55,49829.6,49928.3
8/8/2024 10:15,49928,50224.15,49901.55,50168.65
8/8/2024 11:15,50170.95,50407.15,50150.75,50407.15
8/8/2024 12:15,50408.25,50440.75,50109.8,50197.2
8/8/2024 13:15,50195.95,50281.15,50068.85,50198.05
8/8/2024 14:15,50199.85,50287.65,50134.35,50151.1
8/8/2024 15:15,50148.35,50170.2,50094.65,50109.45
8/9/2024 9:15,50612.1,50707.75,50386.45,50545.6
8/9/2024 10:15,50546.45,50601.2,50420.95,50488.25
8/9/2024 11:15,50491.95,50608.1,50481.1,50543.1
8/9/2024 12:15,50541.3,50567.4,50454.1,50492.5
8/9/2024 13:15,50493.95,50632.35,50478.15,50588.5
8/9/2024 14:15,50586.1,50593,50464.05,50470.5
8/9/2024 15:15,50478.25,50490.85,50443.15,50481.8
8/12/2024 9:15,50412.6,50460.15,50149.25,50277.35
8/12/2024 10:15,50278.95,50741.9,50278.95,50721.6
8/12/2024 11:15,50716.45,50792.9,50631.8,50641.1
8/12/2024 12:15,50640.3,50804.85,50603.85,50726
8/12/2024 13:15,50726,50830.7,50673.5,50797.8
8/12/2024 14:15,50797.4,50814.1,50525.35,50591.75
8/12/2024 15:15,50598.9,50607.95,50543.5,50578.55
8/13/2024 9:15,50395.35,50559.25,50308.6,50355.75
8/13/2024 10:15,50354.75,50373.8,50226.6,50299.85
8/13/2024 11:15,50298.35,50344,50200.95,50260.8
8/13/2024 12:15,50260.4,50268.55,49992.65,50036.65
8/13/2024 13:15,50037.2,50129.25,49877.3,49961.9
8/13/2024 14:15,49961.65,49970.1,49794.7,49803.8
8/13/2024 15:15,49805.55,49868.45,49785.1,49853.7
8/14/2024 9:15,49887.15,49959.25,49654.65,49728.05
8/14/2024 10:15,49728.4,49857.6,49703.25,49726.55
8/14/2024 11:15,49725.35,49779.3,49681,49756.15
8/14/2024 12:15,49754.85,49774.65,49702.6,49752.2
8/14/2024 13:15,49754.95,49800.4,49703.5,49763.55
8/14/2024 14:15,49761.4,49778.1,49692.8,49701.35
8/14/2024 15:15,49702.5,49763.7,49697.05,49746.4
8/16/2024 9:15,50133,50290.3,49873.9,49981.8
8/16/2024 10:15,49982.75,50016.75,49806.05,49951
8/16/2024 11:15,49951.85,50415.65,49938.15,50370.05
8/16/2024 12:15,50365.2,50442.4,50291.8,50389.75
8/16/2024 13:15,50390.5,50603.4,50361,50578.9
8/16/2024 14:15,50575.2,50580.55,50432.85,50529.3
8/16/2024 15:15,50534.15,50541.55,50484.8,50510.95
8/19/2024 9:15,50683.55,50728.25,50386.1,50406.55
8/19/2024 10:15,50407.25,50490.75,50361.85,50423.8
8/19/2024 11:15,50423.8,50585.9,50407.05,50453.45
8/19/2024 12:15,50453.45,50467.25,50340.65,50408.75
8/19/2024 13:15,50408.7,50470.9,50298.65,50330.75
8/19/2024 14:15,50334.1,50413.2,50283.55,50359.05
8/19/2024 15:15,50356.9,50432.3,50356.65,50418.85
8/20/2024 9:15,50417.25,50807.1,50398.6,50785
8/20/2024 10:15,50788.95,50911.7,50721.25,50894.05
8/20/2024 11:15,50893.75,50959.05,50861.8,50942.55
8/20/2024 12:15,50945.6,51025.6,50908.65,50999.85
8/20/2024 13:15,50998.8,51003.7,50915.85,50926.1
8/20/2024 14:15,50927.1,50942.5,50772.65,50773.9
8/20/2024 15:15,50775.2,50803.4,50709.4,50719.1
8/21/2024 9:15,50666.65,50764.45,50421.65,50504.85
8/21/2024 10:15,50505.35,50613.8,50343.85,50414
8/21/2024 11:15,50412.05,50690.65,50409.8,50561.4
8/21/2024 12:15,50563.5,50605.2,50464.9,50507.65
8/21/2024 13:15,50507.25,50509.65,50333.35,50491.45
8/21/2024 14:15,50491,50718.75,50392.2,50681.65
8/21/2024 15:15,50684.1,50772.45,50661.75,50737.7
8/22/2024 9:15,50894.8,51012.6,50794.45,50918.7
8/22/2024 10:15,50918.75,50983.4,50880.2,50915.85
8/22/2024 11:15,50915.7,51042.45,50886.2,50972.65
8/22/2024 12:15,50973.95,51066,50961.05,51019.75
8/22/2024 13:15,51017.3,51080,50974.45,51017.4
8/22/2024 14:15,51018.3,51030.6,50910.9,51002.45
8/22/2024 15:15,51001.65,51004.2,50941.55,50952.65
8/23/2024 9:15,51040.05,51117.85,50856.7,50960.6
8/23/2024 10:15,50962.9,51047.25,50925.65,51007.1
8/23/2024 11:15,51008.05,51048.2,50976.65,50998.8
8/23/2024 12:15,50998.35,51031.15,50962.45,51018.15
8/23/2024 13:15,51015,51018.15,50930.55,50958.9
8/23/2024 14:15,50958.5,51017.75,50888.95,50922.15
8/23/2024 15:15,50922.15,50965.3,50904.2,50961.35
8/26/2024 9:15,51100.65,51313,51061.55,51295.65
8/26/2024 10:15,51296.55,51317.85,51148.5,51204.2
8/26/2024 11:15,51205.3,51249.35,51184.7,51204.3
8/26/2024 12:15,51204.7,51279.9,51185.9,51222.7
8/26/2024 13:15,51220.75,51251.3,51151.25,51166.6
8/26/2024 14:15,51166.65,51193.55,51106.55,51153.85
8/26/2024 15:15,51158.9,51176.9,51139.95,51163.35
8/27/2024 9:15,51214.05,51266.1,50938.1,51143.65
8/27/2024 10:15,51140.9,51270.25,50980.4,51201.55
8/27/2024 11:15,51201.1,51404.7,51196.2,51306.5
8/27/2024 12:15,51307.05,51392.05,51262.1,51352.7
8/27/2024 13:15,51355.25,51378.95,51273.95,51322.05
8/27/2024 14:15,51319.4,51352.35,51203.3,51290.75
8/27/2024 15:15,51292.35,51296.6,51150.95,51171.5
8/28/2024 9:15,51208.95,51239.15,51085.75,51122.05
8/28/2024 10:15,51120.8,51203.15,51094.85,51201.15
8/28/2024 11:15,51198.6,51235.9,51160.95,51212.45
8/28/2024 12:15,51210.5,51260.75,51190.2,51220.55
8/28/2024 13:15,51227.35,51247.05,51191.3,51236.05
8/28/2024 14:15,51235.2,51249.8,51126.45,51145.4
8/28/2024 15:15,51150.3,51158.9,51033.7,51049.55
8/29/2024 9:15,51103.75,51304.05,51028.7,51260.2
8/29/2024 10:15,51259.85,51270.3,51177.45,51222.3
8/29/2024 11:15,51221.65,51266.6,51145.5,51262.65
8/29/2024 12:15,51262.15,51368.95,51223.8,51271.3
8/29/2024 13:15,51272,51296.15,51018.5,51114.7
8/29/2024 14:15,51112.95,51250.45,50984.4,51127.25
8/29/2024 15:15,51123.85,51195.4,51100.25,51166.8
8/30/2024 9:15,51437.45,51454.55,51304.3,51336.6
8/30/2024 10:15,51333.55,51389.9,51319.6,51361.2
8/30/2024 11:15,51362.65,51444.65,51318.2,51428.25
8/30/2024 12:15,51427.95,51466.55,51391.4,51420.6
8/30/2024 13:15,51420.15,51443.85,51372.6,51406.75
8/30/2024 14:15,51403,51451.6,51290.85,51356
8/30/2024 15:15,51358.6,51371,51256,51319.55
9/2/2024 9:15,51579.5,51579.5,51354.95,51390
9/2/2024 10:15,51385.9,51415.15,51334.45,51403.05
9/2/2024 11:15,51400.5,51438.95,51295.8,51353.95
9/2/2024 12:15,51359.8,51388.55,51305.75,51346.3
9/2/2024 13:15,51347.1,51554.8,51304.25,51509.65
9/2/2024 14:15,51508.4,51548.1,51406.75,51443.25
9/2/2024 15:15,51441.65,51457.3,51380.15,51431.8
9/3/2024 9:15,51479.75,51501.3,51305.15,51413.15
9/3/2024 10:15,51412.85,51436.75,51288.4,51288.4
9/3/2024 11:15,51294.45,51404.45,51240.05,51373.25
9/3/2024 12:15,51373.3,51407.3,51319.7,51372.55
9/3/2024 13:15,51375.15,51421,51293.8,51397.35
9/3/2024 14:15,51393.85,51750.1,51354.2,51726.25
9/3/2024 15:15,51725.9,51733.15,51664.55,51690.05
9/4/2024 9:15,51364.65,51503.55,51259.9,51371.05
9/4/2024 10:15,51370.05,51443.65,51316.4,51408.85
9/4/2024 11:15,51411.5,51437.5,51375.4,51420.85
9/4/2024 12:15,51419.45,51450.8,51393.45,51424.25
9/4/2024 13:15,51424,51459.9,51395.65,51409.95
9/4/2024 14:15,51408.7,51461,51343.35,51414.6
9/4/2024 15:15,51413.25,51431,51373,51390.6
9/5/2024 9:15,51544.25,51636.75,51433.7,51480.9
9/5/2024 10:15,51480.5,51493.55,51389.15,51471.75
9/5/2024 11:15,51472.05,51477.85,51421.5,51463.35
9/5/2024 12:15,51464.5,51512.95,51433,51454.5
9/5/2024 13:15,51452.65,51473.3,51425.95,51465.05
9/5/2024 14:15,51466.3,51506.2,51405.9,51491.6
9/5/2024 15:15,51490.6,51497.75,51445.05,51445.05
9/6/2024 9:15,51200.4,51380.05,50898.25,50987.5
9/6/2024 10:15,50987.8,51070.15,50868.2,50919.45
9/6/2024 11:15,50920.15,50962.2,50846.25,50897.4
9/6/2024 12:15,50897.4,50953.4,50785.3,50831.8
9/6/2024 13:15,50827.5,50862.35,50739.85,50816.95
9/6/2024 14:15,50813.25,50822.5,50447.3,50574.4
9/6/2024 15:15,50572.35,50648.55,50569.95,50627.8
9/9/2024 9:15,50549.25,50691.45,50369.4,50593.55
9/9/2024 10:15,50590.6,50810.15,50547.05,50772.95
9/9/2024 11:15,50773.4,50891.65,50669.7,50687.85
9/9/2024 12:15,50686.4,50715.65,50563.85,50679.4
9/9/2024 13:15,50678.05,50971.8,50651.9,50954.7
9/9/2024 14:15,50955.85,51192.75,50919.25,51112.35
9/9/2024 15:15,51107.7,51130.95,51072.7,51126.55
9/10/2024 9:15,51328.3,51329.8,50958.25,51063.6
9/10/2024 10:15,51067.25,51194.4,51046.15,51142.45
9/10/2024 11:15,51140.5,51253.85,51130.75,51211.45
9/10/2024 12:15,51215.5,51289.05,51174.15,51264.45
9/10/2024 13:15,51263.25,51366,51250.3,51317.95
9/10/2024 14:15,51313.95,51340.25,51175.75,51267.1
9/10/2024 15:15,51265,51320.85,51251,51277.65
9/11/2024 9:15,51218.55,51317.6,51047.8,51266.45
9/11/2024 10:15,51267.55,51420.15,51211.35,51346.35
9/11/2024 11:15,51344.75,51352.45,51058.45,51181.1
9/11/2024 12:15,51182.45,51207.8,51076.65,51125.9
9/11/2024 13:15,51124.45,51178.35,51031.6,51050.15
9/11/2024 14:15,51048.6,51103.2,50949.65,50962.1
9/11/2024 15:15,50968.9,51094.5,50947.7,51094.5
9/12/2024 9:15,51271,51307.05,51115.25,51176.55
9/12/2024 10:15,51175.6,51210.4,51091.75,51173.7
9/12/2024 11:15,51175.5,51225.25,51025,51201.15
9/12/2024 12:15,51201.55,51239.75,51116.9,51187.9
9/12/2024 13:15,51188.05,51549.85,51167.65,51518.1
9/12/2024 14:15,51516.55,51878.1,51514.55,51855.05
9/12/2024 15:15,51849.1,51854.85,51635.65,51668.05
9/13/2024 9:15,51952.55,51952.55,51643.95,51679.55
9/13/2024 10:15,51682.9,51895.9,51676.3,51872.05
9/13/2024 11:15,51872.65,51905.3,51771.95,51884.4
9/13/2024 12:15,51883.35,51959.25,51840.2,51953.65
9/13/2024 13:15,51952.2,51983.3,51816.95,51948.3
9/13/2024 14:15,51950.5,51994.1,51872.05,51957
9/13/2024 15:15,51956.75,51974.6,51879.2,51896.6
9/16/2024 9:15,52038.7,52193.15,51921.45,52129.8
9/16/2024 10:15,52126.9,52169.5,52073.85,52097.35
9/16/2024 11:15,52100.1,52131.8,52046.95,52065.6
9/16/2024 12:15,52064.45,52123.3,52007.6,52116.75
9/16/2024 13:15,52118.2,52203.65,52113.65,52157.7
9/16/2024 14:15,52158.9,52208.7,52094.2,52143.7
9/16/2024 15:15,52141.3,52176.2,52138.95,52153.85
9/17/2024 9:15,52249.05,52284.6,52085.5,52166.3
9/17/2024 10:15,52166.95,52232.95,52115.45,52184.75
9/17/2024 11:15,52196.7,52268.55,52179.15,52216.3
9/17/2024 12:15,52209.25,52271.45,52208.4,52259.6
9/17/2024 13:15,52259.7,52270.3,52207.9,52233.45
9/17/2024 14:15,52229.85,52262.45,52164.05,52174.25
9/17/2024 15:15,52174.2,52194.8,52128.8,52144.65
9/18/2024 9:15,52177.1,52484.55,52154.55,52442.5
9/18/2024 10:15,52440.55,52741.4,52433.4,52671.95
9/18/2024 11:15,52669.65,52795.35,52660,52773.8
9/18/2024 12:15,52767.45,52954.2,52761.7,52795.4
9/18/2024 13:15,52794.15,52830.2,52647.55,52810
9/18/2024 14:15,52807.7,52859.05,52727.8,52794.45
9/18/2024 15:15,52788.6,52792.8,52622.8,52633.1
9/19/2024 9:15,52929.25,53353.3,52893.3,53060.8
9/19/2024 10:15,53064.95,53203.35,53024.95,53149.2
9/19/2024 11:15,53150.65,53159.75,52847.9,52977
9/19/2024 12:15,52978.7,53110.35,52885.85,52967.05
9/19/2024 13:15,52968,53021.15,52882.05,52970.05
9/19/2024 14:15,52969,53081.55,52916.35,53053.15
9/19/2024 15:15,53055.05,53102.2,53013.4,53045.15
9/20/2024 9:15,53235.8,53434.25,53037.6,53348.2
9/20/2024 10:15,53352.9,53556.6,53296.85,53535.45
9/20/2024 11:15,53535.45,53639.65,53453.95,53598
9/20/2024 12:15,53598.55,53711.9,53545.95,53649.1
9/20/2024 13:15,53644.3,53676.6,53095.05,53410.2
9/20/2024 14:15,53414.4,53864.45,53246,53826.8
9/20/2024 15:15,53828.1,54066.1,53778.6,53937.15
9/23/2024 9:15,53917.9,53986.15,53741.4,53934.35
9/23/2024 10:15,53935.5,53983.75,53868.35,53966.5
9/23/2024 11:15,53968.55,53994.6,53891.45,53954.45
9/23/2024 12:15,53953.45,54052.85,53935.5,54024.9
9/23/2024 13:15,54027.05,54092.15,54008.45,54075.65
9/23/2024 14:15,54078.6,54197.95,54039.85,54080.75
9/23/2024 15:15,54088.85,54120.55,54042.9,54076.3
9/24/2024 9:15,54110.65,54158.4,53962.95,54069.95
9/24/2024 10:15,54066.8,54119.85,53966.45,53985.55
9/24/2024 11:15,53984.4,54033.6,53940.8,54021.4
9/24/2024 12:15,54021.7,54127.65,54016.7,54105.25
9/24/2024 13:15,54107.05,54151.4,54055.5,54108.4
9/24/2024 14:15,54100.6,54247.7,53904.65,53978.6
9/24/2024 15:15,53977.1,54028.55,53951.4,53971.25
9/25/2024 9:15,53794,54030.75,53792.85,53953.75
9/25/2024 10:15,53955.4,54083.25,53949.6,54009.9
9/25/2024 11:15,54013.4,54056.55,53979.95,54026.45
9/25/2024 12:15,54021.1,54062.2,53989.85,54035
9/25/2024 13:15,54032,54093.3,54029.7,54076.85
9/25/2024 14:15,54077.2,54141,54028.4,54108.7
9/25/2024 15:15,54106.05,54141.3,54060.65,54135.75
9/26/2024 9:15,54045.85,54179.3,54010.9,54140.55
9/26/2024 10:15,54141.05,54202.15,54111.7,54148.75
9/26/2024 11:15,54148.75,54242.05,54122.65,54233.9
9/26/2024 12:15,54231.4,54262.4,54122.2,54149.75
9/26/2024 13:15,54154.55,54225.8,54084.9,54176.15
9/26/2024 14:15,54174.45,54467.35,54174.45,54324.6
9/26/2024 15:15,54321.9,54356.35,54243.75,54281.5
9/27/2024 9:15,54338.7,54338.7,54172.6,54295.65
9/27/2024 10:15,54290.45,54327.45,54172.5,54216
9/27/2024 11:15,54217.9,54231.3,54148.05,54184.7
9/27/2024 12:15,54184.4,54188.15,53945.65,53974.6
9/27/2024 13:15,53971.55,53978.9,53830.6,53903.25
9/27/2024 14:15,53895.5,53945.1,53763.2,53833
9/27/2024 15:15,53834.75,53876.7,53787.5,53834.3
9/30/2024 9:15,53556.95,53726.4,53107.85,53240.85
9/30/2024 10:15,53242.85,53357.6,53184.3,53249.25
9/30/2024 11:15,53249.95,53301.5,53075.05,53103.15
9/30/2024 12:15,53097.95,53141.55,53039.3,53070.05
9/30/2024 13:15,53070.65,53090.75,52954.15,53022.55
9/30/2024 14:15,53011.05,53073.1,52926.55,53000.45
9/30/2024 15:15,52999.75,53019,52963.75,52989.7
10/1/2024 9:15,52844,53235.25,52844,52960.8
10/1/2024 10:15,52965.7,53026.4,52817.8,52959.2
10/1/2024 11:15,52960.4,53079.05,52943.8,52987.1
10/1/2024 12:15,52984.55,53020.15,52923.8,52982.7
10/1/2024 13:15,52980.6,53010.75,52949,52967
10/1/2024 14:15,52965.75,52987.65,52859.5,52912.8
10/1/2024 15:15,52913.6,52993.95,52882.7,52980
10/3/2024 9:15,52314.45,52582.95,52300.5,52321.4
10/3/2024 10:15,52323,52397,52225,52339.4
10/3/2024 11:15,52339.3,52343.9,52139.2,52187.05
10/3/2024 12:15,52187.1,52193.4,51931.9,51972.1
10/3/2024 13:15,51969.95,51976.05,51693.35,51796.35
10/3/2024 14:15,51795.15,51966.2,51683.4,51858.95
10/3/2024 15:15,51857.05,51898.75,51815.3,51860.85
10/4/2024 9:15,51643.75,52057.75,51643.75,51839.95
10/4/2024 10:15,51834.65,52243.75,51770.35,52193.8
10/4/2024 11:15,52188,52356.2,52035.45,52353.35
10/4/2024 12:15,52351.65,52358.35,51643.25,51726.45
10/4/2024 13:15,51726,51746.7,51460.15,51528.25
10/4/2024 14:15,51527,51619.45,51347.25,51488.5
10/4/2024 15:15,51488.15,51561.3,51483.2,51555.75
10/7/2024 9:15,51543.2,51784.8,51416.85,51565.15
10/7/2024 10:15,51563.95,51615.6,51112.8,51198.6
10/7/2024 11:15,51195.3,51568.75,51006.55,51117.9
10/7/2024 12:15,51114.3,51255.95,50689.9,50757.75
10/7/2024 13:15,50766.05,50869.55,50194.3,50578.85
10/7/2024 14:15,50573.15,51495.45,50323.4,50401.5
10/7/2024 15:15,50407.9,50671.45,50387.75,50617.8
10/8/2024 9:15,50736.1,51025.05,50466,50826.35
10/8/2024 10:15,50826.2,51090.05,50779.25,51018.35
10/8/2024 11:15,51018.55,51104.15,50941.5,51012.5
10/8/2024 12:15,51005.85,51146.4,50909.2,51094.85
10/8/2024 13:15,51093.45,51160.85,51038.05,51143.85
10/8/2024 14:15,51143.75,51176.05,50943.15,51017.15
10/8/2024 15:15,51017.85,51094.25,51011.75,51075.85
10/9/2024 9:15,51161.75,51605.95,50905.55,51603.5
10/9/2024 10:15,51593.65,51707.15,51177.05,51502.7
10/9/2024 11:15,51494.7,51536.55,51047.2,51086.4
10/9/2024 12:15,51091.6,51231.7,51040.65,51064.45
10/9/2024 13:15,51057.35,51144,50986.85,51076.6
10/9/2024 14:15,51079.4,51129,50903.75,51014.75
10/9/2024 15:15,51017,51108.9,51009.65,51088.2
10/10/2024 9:15,51195.7,51413.8,51047,51374.3
10/10/2024 10:15,51375.3,51390.9,51224,51242.45
10/10/2024 11:15,51239.55,51444.6,51216.95,51393
10/10/2024 12:15,51393.1,51480.35,51363.85,51476.95
10/10/2024 13:15,51478.4,51630.35,51446.6,51566.2
10/10/2024 14:15,51561.2,51659.45,51515.95,51531.5
10/10/2024 15:15,51530.35,51535.8,51493.15,51533.4
10/11/2024 9:15,51491.9,51560,51272.6,51538.65
10/11/2024 10:15,51537.9,51543.35,51170.9,51189.15
10/11/2024 11:15,51187.65,51227,51005.85,51087.9
10/11/2024 12:15,51088.5,51191.4,51083.45,51167.4
10/11/2024 13:15,51166.35,51246.5,51111.15,51164.25
10/11/2024 14:15,51167.45,51222.4,51113.25,51159.55
10/11/2024 15:15,51160.55,51194.5,51151.8,51189.25
10/14/2024 9:15,51263.25,51738.15,51220.85,51617.2
10/14/2024 10:15,51615,51759.45,51615,51738.3
10/14/2024 11:15,51741.25,51792.25,51695.4,51752.15
10/14/2024 12:15,51752.1,51770.95,51670.7,51686.2
10/14/2024 13:15,51687.3,51796.7,51669.45,51782.05
10/14/2024 14:15,51784.85,51839.45,51747.95,51798.55
10/14/2024 15:15,51798.85,51893,51792.85,51879.05
10/15/2024 9:15,51975.95,52022.05,51708,51753.85
10/15/2024 10:15,51756.4,51963.85,51737.75,51778.8
10/15/2024 11:15,51780.35,51892.65,51698.75,51873.35
10/15/2024 12:15,51874,51951.2,51815.05,51819.2
10/15/2024 13:15,51815.8,51946.9,51807.95,51909.8
10/15/2024 14:15,51909.3,51962.3,51797.05,51905.85
10/15/2024 15:15,51906,51990.7,51886.9,51945.4
10/16/2024 9:15,51711.2,52031.6,51711.2,51944.3
10/16/2024 10:15,51944.3,51964.75,51882.95,51909.6
10/16/2024 11:15,51905.9,51913.75,51831.6,51867.65
10/16/2024 12:15,51867.2,51922.45,51856.3,51911.6
10/16/2024 13:15,51911.45,51923.25,51840.3,51856.15
10/16/2024 14:15,51854.5,51893.1,51766,51810.9
10/16/2024 15:15,51810.35,51825.65,51770,51796.4
10/17/2024 9:15,51849.3,51930.2,51351.25,51401
10/17/2024 10:15,51398.05,51437.95,51239.2,51253.25
10/17/2024 11:15,51254,51325.3,51150.25,51302.25
10/17/2024 12:15,51308.6,51355.8,51186.7,51231.45
10/17/2024 13:15,51232.95,51297.8,51178.35,51260.35
10/17/2024 14:15,51257.95,51304,51209.3,51295.15
10/17/2024 15:15,51295.15,51346.8,51247.9,51269.55
10/18/2024 9:15,51261,51566.9,51000.9,51555.3
10/18/2024 10:15,51555,51661.05,51459,51529.15
10/18/2024 11:15,51533.6,51855,51489.55,51763.4
10/18/2024 12:15,51767.4,51962.95,51767.25,51878.65
10/18/2024 13:15,51876.8,52173.05,51868.65,52121.25
10/18/2024 14:15,52117.6,52199.45,52021.95,52065.25
10/18/2024 15:15,52068.3,52155.25,52059.6,52138.7
10/21/2024 9:15,52361.1,52577.5,51947.1,52155.1
10/21/2024 10:15,52157.1,52231.7,52042.3,52110.45
10/21/2024 11:15,52114.6,52135.1,51910.95,51915.5
10/21/2024 12:15,51913.7,52014,51879.05,51975.15
10/21/2024 13:15,51977.85,52123.6,51968.5,52020.1
10/21/2024 14:15,52019,52081.15,51919.15,51997.85
10/21/2024 15:15,51998.9,51998.9,51855.15,51855.15
10/22/2024 9:15,52071.35,52257.3,51853.95,52070.7
10/22/2024 10:15,52069.8,52083.9,51721.75,51941.8
10/22/2024 11:15,51940.9,51955.8,51513.65,51629.95
10/22/2024 12:15,51627.3,51770.45,51444,51504
10/22/2024 13:15,51505.1,51681.2,51411.2,51672.05
10/22/2024 14:15,51676.25,51679.15,51179.6,51239.75
10/22/2024 15:15,51237.9,51312.15,51189.85,51271.6
10/23/2024 9:15,51117.8,51551.55,51107.9,51295.9
10/23/2024 10:15,51298,51371.65,51167.1,51249.8
10/23/2024 11:15,51245.85,51298.25,51167.4,51197.05
10/23/2024 12:15,51198.25,51261.1,51165.95,51218.25
10/23/2024 13:15,51218.85,51291.05,51191.45,51214.85
10/23/2024 14:15,51216.75,51300.6,51164.3,51222.65
10/23/2024 15:15,51221.6,51259.55,51158.2,51241.8
10/24/2024 9:15,51272.3,51679.1,51201.85,51647.55
10/24/2024 10:15,51647.3,51781.55,51554.45,51568.15
10/24/2024 11:15,51567.6,51710.85,51559.95,51608.35
10/24/2024 12:15,51609.6,51648.35,51504.1,51555.6
10/24/2024 13:15,51556.25,51623.1,51493.75,51583.95
10/24/2024 14:15,51583.15,51598.9,51411.3,51539.85
10/24/2024 15:15,51539.05,51582.75,51522.85,51565.9
10/25/2024 9:15,51369.75,51501.05,50587,50641.35
10/25/2024 10:15,50647.25,50748.9,50440.6,50507.7
10/25/2024 11:15,50515.4,50715.15,50510.65,50613.5
10/25/2024 12:15,50617.75,50687.9,50542,50638.7
10/25/2024 13:15,50638.6,50662.4,50450.3,50473.95
10/25/2024 14:15,50481.05,50828.9,50382.1,50795.65
10/25/2024 15:15,50800.85,50888.95,50798.1,50854.7
10/28/2024 9:15,51061.35,51454.6,51012.55,51423.65
10/28/2024 10:15,51421.2,51566.1,51254.9,51375.55
10/28/2024 11:15,51376.25,51586.9,51305.85,51569.15
10/28/2024 12:15,51568.55,51589.15,51350,51433.95
10/28/2024 13:15,51443.4,51497,51296.9,51328.25
10/28/2024 14:15,51328.4,51361.45,51157.45,51296.1
10/28/2024 15:15,51293.65,51359.55,51254.45,51328.15
10/29/2024 9:15,51404.1,51540.4,51278.9,51521.85
10/29/2024 10:15,51522.9,51557.35,51331.75,51455.55
10/29/2024 11:15,51456.85,51765,51375.85,51759.5
10/29/2024 12:15,51761.3,51923.65,51701.9,51894.15
10/29/2024 13:15,51903.25,52271.15,51785.95,52252.9
10/29/2024 14:15,52253.05,52354.85,52188.4,52345.4
10/29/2024 15:15,52343.05,52349.45,52263.2,52284.85
10/30/2024 9:15,51988.7,52220,51814.3,51930.3
10/30/2024 10:15,51928.55,52100.75,51733,51933.85
10/30/2024 11:15,51934.7,52049.8,51896.6,51960.6
10/30/2024 12:15,51959.05,52191.85,51941.45,51969.55
10/30/2024 13:15,51967,51978,51805.5,51807.85
10/30/2024 14:15,51810.35,51839,51742.7,51782.65
10/30/2024 15:15,51778.65,51899.4,51757.25,51849.2
10/31/2024 9:15,51649.45,52005.6,51649.45,51861.45
10/31/2024 10:15,51859,51870.7,51736.15,51755.5
10/31/2024 11:15,51755.2,51759.1,51629.8,51640.95
10/31/2024 12:15,51640.75,51644.7,51341.1,51450.15
10/31/2024 13:15,51450.05,51535.8,51339.55,51340.7
10/31/2024 14:15,51341.75,51480.45,51318.1,51452.3
10/31/2024 15:15,51452.8,51579.1,51450.55,51555.6
11/1/2024 18:00,51550.15,51825.5,51459.4,51675.2
11/4/2024 9:15,51764.5,51764.5,51272.65,51301.55
11/4/2024 10:15,51301.35,51355.35,51094.25,51121.4
11/4/2024 11:15,51121.55,51174.65,51066.8,51102.65
11/4/2024 12:15,51096.4,51165,51069.9,51143.4
11/4/2024 13:15,51143.05,51224.75,51108.6,51210.85
11/4/2024 14:15,51207.65,51236.6,51141.8,51218.95
11/4/2024 15:15,51218.15,51260.8,51181.15,51227.2
11/5/2024 9:15,51052.6,51279.9,51050,51207.95
11/5/2024 10:15,51206.95,51443.7,51026.9,51240.6
11/5/2024 11:15,51238.4,51278.85,50865.45,51029.1
11/5/2024 12:15,51030.55,51230.85,50922.75,51113.55
11/5/2024 13:15,51112.9,52130.35,51100.2,52110.1
11/5/2024 14:15,52112.5,52289.55,52059.65,52192.9
11/5/2024 15:15,52190.2,52209.65,52094.4,52105.85
11/6/2024 9:15,52440.4,52493.95,52256.35,52340.15
11/6/2024 10:15,52341.45,52365.7,52185.4,52321.75
11/6/2024 11:15,52320.35,52451.15,52306.4,52395.95
11/6/2024 12:15,52395.95,52409.8,52326.7,52341.45
11/6/2024 13:15,52338.25,52377.25,52284.25,52352.9
11/6/2024 14:15,52355.1,52409.4,52232.35,52294.55
11/6/2024 15:15,52294.55,52396.5,52293.75,52384.55
11/7/2024 9:15,52258.95,52377.25,51769.4,51835.45
11/7/2024 10:15,51839.15,52090.75,51752.25,51957.25
11/7/2024 11:15,51958.15,51958.45,51775.95,51869.3
11/7/2024 12:15,51870.8,52062.65,51824.65,52061.05
11/7/2024 13:15,52061.9,52063.1,51853.1,51948.45
11/7/2024 14:15,51950.8,51977.5,51858.9,51894.45
11/7/2024 15:15,51893.6,51941.2,51868.95,51891.9
11/8/2024 9:15,51869.15,52007.15,51609.05,51826.45
11/8/2024 10:15,51825.35,51853.2,51559.2,51669.45
11/8/2024 11:15,51668.6,51683.25,51495.05,51550.8
11/8/2024 12:15,51550,51730.4,51542.95,51724.1
11/8/2024 13:15,51725.8,51862.15,51606.8,51631.35
11/8/2024 14:15,51630.65,51673.75,51505,51550.7
11/8/2024 15:15,51552.65,51586.35,51494,51532.15
11/11/2024 9:15,51562.7,51674.15,51294.2,51545.95
11/11/2024 10:15,51545.3,52104.5,51522.35,52103.15
11/11/2024 11:15,52098.25,52177.7,52042.95,52091.2
11/11/2024 12:15,52091.55,52109.5,51963.5,52044.1
11/11/2024 13:15,52046.7,52078.6,51831.7,51832.95
11/11/2024 14:15,51830.6,51965.1,51767.75,51940.8
11/11/2024 15:15,51945.75,51958.55,51799.25,51812.35
11/12/2024 9:15,52053.75,52169.05,51782.6,51964.25
11/12/2024 10:15,51966.6,52008.05,51586.35,51777.95
11/12/2024 11:15,51773.2,51874.7,51686.7,51725.35
11/12/2024 12:15,51724.45,51765.1,51234.75,51292.2
11/12/2024 13:15,51292.15,51364.25,51123.95,51230.55
11/12/2024 14:15,51226.45,51337.15,51006.85,51100.75
11/12/2024 15:15,51103.25,51205,51100.9,51120.6
11/13/2024 9:15,51030.95,51353.5,50866.2,50895.6
11/13/2024 10:15,50895.5,51047.9,50700.65,50707
11/13/2024 11:15,50705.05,50746.4,50620.65,50665.85
11/13/2024 12:15,50665.95,50770.4,50629.55,50680.35
11/13/2024 13:15,50688.15,50853.6,50540.2,50587.3
11/13/2024 14:15,50590.25,50593.6,49904.4,50072.15
11/13/2024 15:15,50070.55,50340.15,50070.55,50290.5
11/14/2024 9:15,50053.45,50561.8,50049.25,50471.5
11/14/2024 10:15,50465.25,50544.5,49939.35,49971.3
11/14/2024 11:15,49972.4,50364.95,49966.3,50353.75
11/14/2024 12:15,50354.8,50357.7,50165.2,50306
11/14/2024 13:15,50305.75,50345.2,50145.45,50212.55
11/14/2024 14:15,50214.55,50245.75,50078.35,50187.95
11/14/2024 15:15,50185.5,50244.5,50172.25,50239.2
11/18/2024 9:15,50312.45,50367.3,50074,50256.9
11/18/2024 10:15,50250.85,50320.5,50176.95,50232.4
11/18/2024 11:15,50232.75,50408.1,50225.7,50387
11/18/2024 12:15,50387.4,50445.8,50324.75,50399.7
11/18/2024 13:15,50399.5,50406.65,50320.35,50372.95
11/18/2024 14:15,50372.4,50398.65,50296.25,50390.35
11/18/2024 15:15,50389.85,50434.25,50311.05,50361.85
11/19/2024 9:15,50580.55,50839.15,50449.45,50780.05
11/19/2024 10:15,50778.55,50926.4,50754.95,50920.35
11/19/2024 11:15,50918.2,50963.1,50837.15,50883.3
11/19/2024 12:15,50881.55,50957.4,50861.6,50947.65
11/19/2024 13:15,50943.85,50983.5,50805.9,50835.5
11/19/2024 14:15,50835.85,50876.45,50590.2,50611.25
11/19/2024 15:15,50608.65,50661,50440.85,50466
11/21/2024 9:15,50625,50652.15,49787.1,50026.05
11/21/2024 10:15,50024.9,50218.65,49981.7,50158.95
11/21/2024 11:15,50161.9,50549.85,50145.75,50459.45
11/21/2024 12:15,50460.5,50531.7,50162.65,50330.8
11/21/2024 13:15,50326.3,50479.25,50297.2,50404
11/21/2024 14:15,50402.55,50470.55,50249.55,50373.4
11/21/2024 15:15,50376.5,50476.3,50364.45,50448
11/22/2024 9:15,50512.8,50982.4,50508.25,50913.7
11/22/2024 10:15,50913,50937.6,50608.7,50739.6
11/22/2024 11:15,50733.65,51032.7,50662.45,50951.8
11/22/2024 12:15,50951.3,51049.15,50914.3,50987.85
11/22/2024 13:15,51000.3,51250.9,50894.05,51162.45
11/22/2024 14:15,51166.45,51271.5,51040.05,51141.1
11/22/2024 15:15,51141,51151.7,51043.55,51098.55
11/25/2024 9:15,52046.35,52255.7,51774.05,52119.45
11/25/2024 10:15,52119.85,52286.8,52117,52243.5
11/25/2024 11:15,52246.95,52295.6,52172,52243.6
11/25/2024 12:15,52243.35,52249.85,51944.9,52039.6
11/25/2024 13:15,52039.85,52116.85,51986.4,52036.75
11/25/2024 14:15,52036.1,52232.1,51998.25,52195.35
11/25/2024 15:15,52195.05,52331.1,52159.3,52199.4
11/26/2024 9:15,52554.9,52555.5,52118.5,52240.5
11/26/2024 10:15,52237.1,52237.1,51999.75,52085.65
11/26/2024 11:15,52087.15,52170.35,52055.15,52113.5
11/26/2024 12:15,52114.7,52163.45,52075.75,52094.6
11/26/2024 13:15,52098.2,52163.45,52069.05,52116.15
11/26/2024 14:15,52116.1,52231.85,52111.25,52212.6
11/26/2024 15:15,52215.15,52231.2,52158.95,52178.5
11/27/2024 9:15,52154.3,52295.75,52019.65,52125.7
11/27/2024 10:15,52125.9,52188.9,52034.55,52137.45
11/27/2024 11:15,52136.35,52392.15,52112.2,52331.45
11/27/2024 12:15,52331.05,52444.35,52319.1,52390.65
11/27/2024 13:15,52386.15,52418.45,52324.45,52330.25
11/27/2024 14:15,52333.05,52388,52265.9,52302
11/27/2024 15:15,52300.3,52317.95,52271.3,52302.55
11/28/2024 9:15,52389.95,52760.2,52364.3,52706.85
11/28/2024 10:15,52706.55,52718.2,52117.9,52168.85
11/28/2024 11:15,52169.25,52248.75,52022.7,52153.55
11/28/2024 12:15,52154.1,52224.55,51908.3,51927.7
11/28/2024 13:15,51924.45,52117.4,51782.9,51908.55
11/28/2024 14:15,51906.3,52005.65,51821.6,51912.85
11/28/2024 15:15,51913.85,51987.95,51912.35,51983.4
11/29/2024 9:15,51984.15,52170.9,51824.5,51824.5
11/29/2024 10:15,51824.9,52085.8,51778.6,51969.4
11/29/2024 11:15,51975.8,52012.75,51759.45,51889.6
11/29/2024 12:15,51889,51926.5,51811.6,51884.8
11/29/2024 13:15,51885.05,52071.75,51868.4,51977.55
11/29/2024 14:15,51977.15,52122.55,51951.25,52044
11/29/2024 15:15,52044.95,52095.25,51998.05,52023.85
12/2/2024 9:15,52087.65,52119,51693.95,51807.25
12/2/2024 10:15,51805.35,51927.35,51736.7,51822.05
12/2/2024 11:15,51822.9,51880.35,51770.05,51794.45
12/2/2024 12:15,51796.95,51908.85,51789.85,51846.4
12/2/2024 13:15,51846.35,52011,51796.7,52005.9
12/2/2024 14:15,52004.65,52197.25,51999.35,52118.95
12/2/2024 15:15,52118.7,52123.7,52045.55,52118.35
12/3/2024 9:15,52357.95,52538.15,52216.85,52515.2
12/3/2024 10:15,52517.65,52709.25,52512.3,52681.75
12/3/2024 11:15,52679.05,52748.1,52599.65,52635.8
12/3/2024 12:15,52634.2,52698.5,52563.2,52651.8
12/3/2024 13:15,52650.75,52733.05,52615.7,52706.25
12/3/2024 14:15,52706.5,52780.9,52655.25,52684.8
12/3/2024 15:15,52685.1,52720.55,52661.15,52661.15
12/4/2024 9:15,52775,53075.75,52685.15,53031.8
12/4/2024 10:15,53031.8,53182.15,52927.85,53134.6
12/4/2024 11:15,53134.8,53195.3,52884.75,53018.6
12/4/2024 12:15,53018.2,53128.65,52969.7,53112.4
12/4/2024 13:15,53119.3,53373.35,53110.5,53358.05
12/4/2024 14:15,53364.5,53387.1,53204.3,53275.9
12/4/2024 15:15,53279.05,53294.6,53223.65,53235.9
12/5/2024 9:15,53354.45,53375.3,53006.95,53032.6
12/5/2024 10:15,53038.3,53159.95,52850.35,52953.2
12/5/2024 11:15,52950.35,53507.1,52909.2,53484.5
12/5/2024 12:15,53475.8,53647.8,53452.65,53609.95
12/5/2024 13:15,53614.8,53733.85,53461.35,53704.25
12/5/2024 14:15,53708.6,53888.3,53271.7,53659.6
12/5/2024 15:15,53661.45,53671.6,53581.05,53606.75
12/6/2024 9:15,53634.2,53691.65,53160.65,53318.1
12/6/2024 10:15,53313.55,53868.5,53178.25,53697.8
12/6/2024 11:15,53702.45,53709.7,53544.9,53631.3
12/6/2024 12:15,53631.9,53664.95,53549.95,53615.55
12/6/2024 13:15,53614.45,53637.55,53544.8,53578.6
12/6/2024 14:15,53575.4,53598.45,53492.9,53532.25
12/6/2024 15:15,53533.5,53572.05,53472.3,53493.2
12/9/2024 9:15,53380.75,53670.45,53326.4,53408.7
12/9/2024 10:15,53412.15,53598.7,53406.9,53589.75
12/9/2024 11:15,53587.2,53775.1,53573.65,53632.4
12/9/2024 12:15,53630.8,53667.5,53554.8,53616.15
12/9/2024 13:15,53615.25,53650.7,53470.15,53500.4
12/9/2024 14:15,53499.85,53536.25,53363.65,53369.55
12/9/2024 15:15,53371.4,53446.85,53370.65,53420.55
12/10/2024 9:15,53450.05,53596.4,53345.5,53531.7
12/10/2024 10:15,53532.65,53550.7,53417.85,53519.4
12/10/2024 11:15,53520.1,53579.7,53494.6,53526.4
12/10/2024 12:15,53528.1,53528.1,53302.65,53411.2
12/10/2024 13:15,53412.1,53432.15,53303.3,53403.8
12/10/2024 14:15,53403.9,53600.6,53369.5,53568.2
12/10/2024 15:15,53567.8,53624.05,53550.1,53611.1
12/11/2024 9:15,53459.3,53530.15,53330.65,53393.2
12/11/2024 10:15,53393.85,53531.3,53302.15,53497.05
12/11/2024 11:15,53493.75,53648.05,53455.55,53559.25
12/11/2024 12:15,53557.5,53593.15,53444.95,53484.3
12/11/2024 13:15,53484.65,53550.65,53463.85,53513.95
12/11/2024 14:15,53515.5,53541.35,53341.5,53429.65
12/11/2024 15:15,53426,53435.1,53369.15,53392.25
12/12/2024 9:15,53201,53537.45,53201,53374
12/12/2024 10:15,53373.1,53444.5,53334.9,53360.9
12/12/2024 11:15,53360.75,53415.65,53227.85,53248.2
12/12/2024 12:15,53247.85,53298.9,53198.9,53235.1
12/12/2024 13:15,53234.2,53275.7,53174.4,53246.25
12/12/2024 14:15,53246.35,53282.6,53181.2,53215.6
12/12/2024 15:15,53213.5,53265.65,53205,53224.85
12/13/2024 9:15,53109.8,53229.3,52669.55,52684.75
12/13/2024 10:15,52685.3,52685.3,52264.55,52450.6
12/13/2024 11:15,52460.65,53119.65,52409.7,53019.9
12/13/2024 12:15,53019.35,53313.05,52936.15,53223.75
12/13/2024 13:15,53231.6,53454.95,53080.05,53367.8
12/13/2024 14:15,53362.2,53640.85,53353.9,53606.25
12/13/2024 15:15,53605.3,53654,53570,53654
12/16/2024 9:15,53502.5,53738.9,53386.9,53633.8
12/16/2024 10:15,53632.35,53633.85,53402.95,53413.65
12/16/2024 11:15,53413.75,53501.6,53358.7,53363.65
12/16/2024 12:15,53364.5,53546.2,53335,53531.9
12/16/2024 13:15,53532.05,53639.05,53493.85,53578.2
12/16/2024 14:15,53579.45,53675.05,53541.85,53574.7
12/16/2024 15:15,53573.9,53588.8,53490.9,53490.9
12/17/2024 9:15,53394.1,53515.7,53165.6,53240.8
12/17/2024 10:15,53240.7,53276.55,52950.3,53173.85
12/17/2024 11:15,53174.9,53230.75,52802.9,52839.6
12/17/2024 12:15,52838.95,53038.25,52772.25,52874.4
12/17/2024 13:15,52870.05,52906.25,52735.95,52791.35
12/17/2024 14:15,52794.7,52911.9,52709.4,52806.65
12/17/2024 15:15,52805.8,52860.3,52782.85,52789.95
12/18/2024 9:15,52696.95,52827.6,52378.7,52388.9
12/18/2024 10:15,52386.55,52541.25,52230.9,52305.75
12/18/2024 11:15,52305.1,52369,52183.35,52218.75
12/18/2024 12:15,52223.55,52339.15,52142.7,52288.05
12/18/2024 13:15,52285.1,52322.15,52084.7,52113.6
12/18/2024 14:15,52114.2,52155.1,52010.65,52096.3
12/18/2024 15:15,52096.8,52225.6,52095.4,52205.45
12/19/2024 9:15,51428.45,51656.8,51263.75,51460
12/19/2024 10:15,51463.55,51586.3,51397,51486.6
12/19/2024 11:15,51485.95,51789.85,51485.3,51683.55
12/19/2024 12:15,51683.55,51697.2,51574.3,51597.15
12/19/2024 13:15,51596.75,51599.35,51461.55,51540.35
12/19/2024 14:15,51544.6,51626.95,51474.9,51578.6
12/19/2024 15:15,51575.9,51621,51549.65,51610.95
12/20/2024 9:15,51401.35,51629,51112.6,51196.05
12/20/2024 10:15,51194.2,51450.75,51166.6,51410.9
12/20/2024 11:15,51415.7,51483.95,51314.65,51366.1
12/20/2024 12:15,51363.9,51363.9,51076.65,51129.75
12/20/2024 13:15,51131.95,51217.65,50878.75,50906.9
12/20/2024 14:15,50904.3,50999.9,50609.35,50688.35
12/20/2024 15:15,50690.95,50915.35,50686.85,50872.45
12/23/2024 9:15,51044.4,51411.95,51030.4,51354.5
12/23/2024 10:15,51361.65,51417.35,51270.75,51360.05
12/23/2024 11:15,51359.3,51395.25,51218,51275.65
12/23/2024 12:15,51274.75,51301.5,51118.8,51172.55
12/23/2024 13:15,51172.7,51265.55,51144.65,51219.15
12/23/2024 14:15,51221.5,51340.45,51211.5,51334.7
12/23/2024 15:15,51331.3,51353.15,51287.25,51306.9
12/24/2024 9:15,51314.95,51382.1,51137.5,51249
12/24/2024 10:15,51249.55,51292.2,51199.15,51259.2
12/24/2024 11:15,51259.6,51297.7,51176.95,51231.35
12/24/2024 12:15,51234.2,51313.3,51194.4,51229.2
12/24/2024 13:15,51231.15,51263.45,51168.45,51246.2
12/24/2024 14:15,51244.6,51263.65,51172.75,51199.15
12/24/2024 15:15,51190.85,51306.45,51190.85,51288.75
12/26/2024 9:15,51395.8,51740,51247.65,51265.5
12/26/2024 10:15,51263.2,51348.1,51046,51236.35
12/26/2024 11:15,51238.9,51294.5,51120.55,51150.9
12/26/2024 12:15,51153.75,51174.55,51061.85,51133.55
12/26/2024 13:15,51135.3,51193.6,50951.8,51165.3
12/26/2024 14:15,51164.75,51190.45,51106.1,51164.25
12/26/2024 15:15,51168.05,51266.2,51157.25,51213
12/27/2024 9:15,51268.2,51628.45,51267.35,51609.65
12/27/2024 10:15,51612.4,51621.7,51478.2,51564.55
12/27/2024 11:15,51565.1,51571.2,51340.45,51340.45
12/27/2024 12:15,51340.9,51351.4,51240.1,51321.45
12/27/2024 13:15,51320.3,51388.6,51281.75,51311.65
12/27/2024 14:15,51311.5,51348.45,51253.05,51291.95
12/27/2024 15:15,51294.4,51371.55,51280.25,51347.75
12/30/2024 9:15,51255.35,51448.8,51166.4,51434.2
12/30/2024 10:15,51434.2,51542.8,51371.15,51403.8
12/30/2024 11:15,51399.85,51979.75,51389.85,51872.95
12/30/2024 12:15,51873.4,51895.75,51237.35,51305.75
12/30/2024 13:15,51306.15,51397.4,50754.9,50791.25
12/30/2024 14:15,50787.9,51044.65,50718.35,50942.3
12/30/2024 15:15,50946.2,51091,50897.85,50899.9
12/31/2024 9:15,50648.2,50910.65,50599.8,50726.5
12/31/2024 10:15,50731.8,50919.5,50729.45,50915.7
12/31/2024 11:15,50918.35,50929.4,50758.4,50774
12/31/2024 12:15,50777.95,50877.05,50765.65,50840.6
12/31/2024 13:15,50844,50945.55,50836.7,50901
12/31/2024 14:15,50897.6,50907.35,50811.95,50876
12/31/2024 15:15,50875.95,50906.35,50852.7,50884.3
1/1/2025 9:15,50841.9,50970.7,50485.05,50790.25
1/1/2025 10:15,50790.05,51161.2,50765.15,51108.1
1/1/2025 11:15,51104.6,51169.05,50971.1,51059.8
1/1/2025 12:15,51059.55,51153.75,51001.6,51012.75
1/1/2025 13:15,51013.4,51321.95,51008.3,51232.3
1/1/2025 14:15,51234.75,51250.85,51001.85,51047.6
1/1/2025 15:15,51049.2,51122.95,51031.35,51096.05
1/2/2025 9:15,51084.95,51230.05,50992.8,51109.8
1/2/2025 10:15,51110.15,51317.35,51103,51275.85
1/2/2025 11:15,51276.95,51350.15,51110.25,51126.6
1/2/2025 12:15,51129.5,51370.55,51081.6,51347.15
1/2/2025 13:15,51342.6,51595.05,51339.45,51520.6
1/2/2025 14:15,51518.6,51672.75,51518.6,51604
1/2/2025 15:15,51602.35,51626.15,51585.2,51605.85
1/3/2025 9:15,51567.15,51671.6,51218.5,51250.45
1/3/2025 10:15,51249.15,51351.6,51082.8,51214.45
1/3/2025 11:15,51215.85,51381.75,51190.9,51271
1/3/2025 12:15,51274.55,51316.05,51122.75,51227.5
1/3/2025 13:15,51227,51256.6,50940.1,51009.6
1/3/2025 14:15,51013.75,51089,50904.35,50968.85
1/3/2025 15:15,50967.65,51025.55,50947.05,50974.25
1/6/2025 9:15,50990.65,51026.1,50522.8,50759.7
1/6/2025 10:15,50755.9,50813.55,50212.3,50260.85
1/6/2025 11:15,50260.2,50384.2,49987,50185.1
1/6/2025 12:15,50182.3,50217,50027.8,50053.4
1/6/2025 13:15,50048.3,50048.3,49787.5,49808
1/6/2025 14:15,49803.95,49970.55,49751,49855.5
1/6/2025 15:15,49859.35,49986.45,49857.75,49960.2
1/7/2025 9:15,50061.2,50362.9,49969.3,50225.1
1/7/2025 10:15,50229.85,50303.6,50133.4,50236.25
1/7/2025 11:15,50236.05,50415.85,50189.95,50341.85
1/7/2025 12:15,50345.35,50414.45,50306.1,50338.75
1/7/2025 13:15,50342,50447.6,50224.1,50289.05
1/7/2025 14:15,50292.45,50324.7,50152.9,50211.6
1/7/2025 15:15,50211.25,50230.85,50141.1,50183.7
1/8/2025 9:15,50201.75,50246.9,50024,50088.05
1/8/2025 10:15,50085.7,50138,49622.2,49666.75
1/8/2025 11:15,49664.35,49755.4,49510.95,49520.8
1/8/2025 12:15,49515.55,49602.2,49389.75,49430.45
1/8/2025 13:15,49431.55,49884.35,49398.05,49864.75
1/8/2025 14:15,49865.15,49979.05,49787,49845.45
1/8/2025 15:15,49847.75,49868.25,49823.5,49836.15
1/9/2025 9:15,49712.55,49798.1,49486.75,49686.25
1/9/2025 10:15,49685,49701.7,49277.85,49318.45
1/9/2025 11:15,49318.45,49426.3,49285.75,49357.8
1/9/2025 12:15,49359.65,49505,49230.15,49342.6
1/9/2025 13:15,49342.3,49492.6,49320.25,49470.95
1/9/2025 14:15,49472.2,49531.65,49395.9,49501.45
1/9/2025 15:15,49505.45,49557.35,49490.95,49552.7
1/10/2025 9:15,49426.5,49483.15,48838.05,49015.35
1/10/2025 10:15,49011.1,49273.65,48939.65,49273.65
1/10/2025 11:15,49275.85,49359.35,48955.9,49057.85
1/10/2025 12:15,49053.5,49131.85,48951,48979.8
1/10/2025 13:15,48982.75,49034.05,48795.6,48800.55
1/10/2025 14:15,48800.15,48833.5,48631.2,48636.4
1/10/2025 15:15,48637,48793.75,48637,48779.8
1/13/2025 9:15,48264.25,48468,48116.4,48461.35
1/13/2025 10:15,48475.35,48606.35,48339.9,48482.3
1/13/2025 11:15,48483,48573.05,48251.45,48282.35
1/13/2025 12:15,48279.75,48334.7,48154.65,48180.4
1/13/2025 13:15,48183.65,48212.95,48015.95,48049.85
1/13/2025 14:15,48048.1,48082.95,47898.35,48036.2
1/13/2025 15:15,48037.45,48118.85,48021.4,48050.6
1/14/2025 9:15,48266.9,48709.45,48235.2,48555.4
1/14/2025 10:15,48556.05,48806.5,48433,48784.5
1/14/2025 11:15,48782.9,48788.75,48496.95,48531.4
1/14/2025 12:15,48530.55,48592.6,48430.65,48571.15
1/14/2025 13:15,48571.1,48927.9,48555.25,48907.35
1/14/2025 14:15,48907.45,49007.35,48588.4,48727.45
1/14/2025 15:15,48728.15,48910.75,48717.3,48884.6
1/15/2025 9:15,48832.75,49013.5,48653,48917.85
1/15/2025 10:15,48914.15,49083.65,48868,48997.05
1/15/2025 11:15,48996.35,49023.05,48833.8,48920.4
1/15/2025 12:15,48918.8,48933.9,48792,48798.2
1/15/2025 13:15,48796.25,48797.75,48522.4,48636.1
1/15/2025 14:15,48636.2,48819.6,48612.5,48735.7
1/15/2025 15:15,48737.3,48784.05,48699.6,48783.35
1/16/2025 9:15,49082.9,49428.1,49038.45,49231.2
1/16/2025 10:15,49231.3,49356.85,49170.95,49238.3
1/16/2025 11:15,49234.3,49357.65,49195.35,49282
1/16/2025 12:15,49284.95,49459,49240.75,49445.3
1/16/2025 13:15,49445.2,49450.35,49333.75,49349.75
1/16/2025 14:15,49345.25,49347.95,49134.35,49304.9
1/16/2025 15:15,49305.95,49390.75,49289,49386.4
1/17/2025 9:15,48959.5,49047.2,48564.05,48591.1
1/17/2025 10:15,48591.85,48684.9,48309.5,48400.05
1/17/2025 11:15,48403.9,48578.5,48389.75,48513.35
1/17/2025 12:15,48512.95,48610.1,48439.2,48461.55
1/17/2025 13:15,48462.95,48506.8,48375.1,48474
1/17/2025 14:15,48472.65,48607.5,48452.3,48521.9
1/17/2025 15:15,48527.05,48585.35,48521.05,48553.85
1/20/2025 9:15,48862,48993.45,48683.6,48945.15
1/20/2025 10:15,48943.4,49064.8,48938,49054.7
1/20/2025 11:15,49052.45,49374.85,49051.05,49311.3
1/20/2025 12:15,49315.9,49562.05,49291.75,49541.85
1/20/2025 13:15,49545.3,49650.6,49399.1,49463.95
1/20/2025 14:15,49463.95,49489.6,49359.7,49386.95
1/20/2025 15:15,49389.35,49389.35,49295.9,49334.55
1/21/2025 9:15,49532,49543.15,48983.6,49034.45
1/21/2025 10:15,49035.7,49036.2,48695.1,48745.1
1/21/2025 11:15,48745.8,49280.7,48692.6,48934.6
1/21/2025 12:15,48934.35,48961.8,48624.45,48857.25
1/21/2025 13:15,48852.7,48916.4,48636.9,48742.5
1/21/2025 14:15,48741.5,48769.75,48430.95,48580.95
1/21/2025 15:15,48581.1,48639.3,48578.4,48626.1
1/22/2025 9:15,48689.55,48741.75,48459.55,48675.15
1/22/2025 10:15,48673.95,48727.8,48442.9,48471.85
1/22/2025 11:15,48471.75,48478.4,48279.95,48321.65
1/22/2025 12:15,48323.2,48354.1,48109.4,48258.1
1/22/2025 13:15,48259.95,48422.7,48074.05,48385.2
1/22/2025 14:15,48388,48781.75,48353.3,48768.65
1/22/2025 15:15,48762.5,48775.8,48677.7,48766.4
1/23/2025 9:15,48770.15,48808.9,48493,48786.65
1/23/2025 10:15,48788.85,48892.7,48630.5,48717.8
1/23/2025 11:15,48715.55,48749.8,48559.6,48613.45
1/23/2025 12:15,48613,48764.3,48590.85,48719.05
1/23/2025 13:15,48714.75,48802.4,48618.9,48663.35
1/23/2025 14:15,48670.85,48676.4,48551,48591.3
1/23/2025 15:15,48593.3,48604,48563.05,48595.85
1/24/2025 9:15,48546.05,48720.25,48349.05,48451.15
1/24/2025 10:15,48441.1,48816.7,48347.85,48796.3
1/24/2025 11:15,48790.35,48833.8,48653.9,48804.95
1/24/2025 12:15,48803,48858.65,48505.45,48590.55
1/24/2025 13:15,48583.2,48590.55,48393.75,48399.65
1/24/2025 14:15,48398.3,48420.35,48203,48352.95
1/24/2025 15:15,48352,48399.95,48340.15,48349.4
1/27/2025 9:15,47881.65,48248.75,47844.15,48129.2
1/27/2025 10:15,48127.45,48148.7,47924.75,48076.25
1/27/2025 11:15,48076,48273.05,48073.05,48161.2
1/27/2025 12:15,48160.05,48319.2,48124.25,48234
1/27/2025 13:15,48234,48254.1,48081.9,48122.1
1/27/2025 14:15,48118.55,48195.4,47981.35,48111.2
1/27/2025 15:15,48109.15,48111.1,47997.15,48026.3
1/28/2025 9:15,48642.5,48790.75,48449.05,48725.4
1/28/2025 10:15,48724.2,48909.8,48720.6,48897.75
1/28/2025 11:15,48899.65,49125.7,48832.75,49116.75
1/28/2025 12:15,49119.7,49184.15,49038.05,49176.9
1/28/2025 13:15,49172.1,49184.3,49047.55,49066.4
1/28/2025 14:15,49066.85,49247.15,48755.3,48861.25
1/28/2025 15:15,48863.95,48939.4,48832,48886.6
1/29/2025 9:15,48997.2,49065.3,48849.8,49032.2
1/29/2025 10:15,49031.8,49165.75,49013.55,49036.85
1/29/2025 11:15,49034.75,49146.25,48859.7,49052.95
1/29/2025 12:15,49053.1,49149.5,48968.45,48994.5
1/29/2025 13:15,48994.85,49162.5,48986.45,49145.3
1/29/2025 14:15,49148.75,49187.6,49094.85,49157.65
1/29/2025 15:15,49154.85,49199.65,49132.35,49163.1
1/30/2025 9:15,49206.2,49274.9,49031.8,49247
1/30/2025 10:15,49247.45,49360.65,49114.05,49241.3
1/30/2025 11:15,49236.7,49269.5,49176.45,49238.75
1/30/2025 12:15,49238.45,49339.95,49211.05,49319.1
1/30/2025 13:15,49322.05,49383.95,49263.55,49314.1
1/30/2025 14:15,49315.65,49336.2,49213.9,49308.8
1/30/2025 15:15,49305.25,49426.2,49279.95,49400.5
1/31/2025 9:15,49259.65,49315.85,49031.8,49104.85
1/31/2025 10:15,49105.4,49369.7,49099,49284.9
1/31/2025 11:15,49285.25,49412.65,49218.8,49388.85
1/31/2025 12:15,49391.9,49609.55,49348.95,49568.05
1/31/2025 13:15,49565.95,49674.8,49339.5,49370.95
1/31/2025 14:15,49367.05,49605.55,49302.1,49598.6
1/31/2025 15:15,49594.25,49647.8,49567.35,49614.4
2/1/2025 9:15,49592.55,49775.25,49488.75,49737.75
2/1/2025 10:15,49740.4,49849,49719.1,49845.75
2/1/2025 11:15,49844.5,50009.5,49273.1,49273.1
2/1/2025 12:15,49294.25,49540.9,48925.45,49065.1
2/1/2025 13:15,49066.3,49535.3,48941.85,49516.4
2/1/2025 14:15,49524.15,49669,49442.6,49514.95
2/1/2025 15:15,49515.15,49527.95,49429.15,49520.95
2/3/2025 9:15,49074.8,49277.85,48906.05,49084
2/3/2025 10:15,49081.45,49280.3,49050.45,49271.95
2/3/2025 11:15,49270.15,49286.85,49054.65,49198.55
2/3/2025 12:15,49198.95,49373.45,49123.3,49344.55
2/3/2025 13:15,49347.7,49358.45,49188.15,49257.65
2/3/2025 14:15,49255.95,49297.7,49185.8,49222.55
2/3/2025 15:15,49225.95,49235,49183.25,49224.05
2/4/2025 9:15,49538.8,50021.35,49482.5,49859.15
2/4/2025 10:15,49859.2,49922.85,49611.35,49819.45
2/4/2025 11:15,49823.3,49919.7,49767.7,49848.05
2/4/2025 12:15,49846.05,50084.2,49841.7,50055.75
2/4/2025 13:15,50057.75,50113.6,49912.95,49967.85
2/4/2025 14:15,49959.8,50206.6,49888.35,50192.25
2/4/2025 15:15,50192,50198,50083.65,50111.65
2/5/2025 9:15,50402.3,50481.75,50215.45,50431.25
2/5/2025 10:15,50429.15,50493.25,50341.3,50374.25
2/5/2025 11:15,50369.45,50453.35,50320.85,50342.25
2/5/2025 12:15,50343.3,50499.9,50326.1,50498.5
2/5/2025 13:15,50498.4,50522.15,50422.55,50433.85
2/5/2025 14:15,50433.6,50494.4,50325.35,50354.75
2/5/2025 15:15,50354.75,50354.75,50280.45,50299.9
2/6/2025 9:15,50468.35,50553.35,50203.55,50305
2/6/2025 10:15,50305.3,50371.05,50211.6,50243.85
2/6/2025 11:15,50243.25,50286.45,50149.8,50273.25
2/6/2025 12:15,50276.7,50315.45,50173.25,50219.2
2/6/2025 13:15,50219.35,50316.15,50199.05,50260.8
2/6/2025 14:15,50256.05,50410.65,50246.55,50374.7
2/6/2025 15:15,50374.7,50447.1,50362.65,50427.1
2/7/2025 9:15,50484.45,50641.75,50296.3,50411.8
2/7/2025 10:15,50409.7,50436,50042.3,50290.05
2/7/2025 11:15,50286.7,50463.6,50114.25,50114.25
2/7/2025 12:15,50112.6,50217.9,50055.55,50086.45
2/7/2025 13:15,50086.3,50166.65,49888.95,49915
2/7/2025 14:15,49915.2,50182.75,49871.15,50180.85
2/7/2025 15:15,50180.85,50248.35,50145.9,50204.35
2/10/2025 9:15,50052.5,50155.65,49769.25,49776.55
2/10/2025 10:15,49774.55,49867.05,49703.1,49853.85
2/10/2025 11:15,49850.4,49895.75,49760.35,49822.55
2/10/2025 12:15,49819.55,49894.55,49779.1,49843.25
2/10/2025 13:15,49841.55,49960.7,49791.2,49826.1
2/10/2025 14:15,49823.5,50049.1,49806.85,49987.7
2/10/2025 15:15,49987.7,50007.5,49951.7,49968.65
2/11/2025 9:15,49812.15,49906.75,49535.25,49582.7
2/11/2025 10:15,49583,49663.3,49477.8,49608.3
2/11/2025 11:15,49607.25,49639.1,49526.1,49550.5
2/11/2025 12:15,49550.35,49600.2,49274.85,49294.8
2/11/2025 13:15,49294.25,49411.05,49177.4,49311.25
2/11/2025 14:15,49310.2,49477.65,49226.9,49415.2
2/11/2025 15:15,49415.2,49436.1,49344.4,49358.6
2/12/2025 9:15,49402.25,49539.95,48738.7,48810.95
2/12/2025 10:15,48811.95,49196.15,48734.35,49001.8
2/12/2025 11:15,49001.05,49449.6,48975.1,49381.3
2/12/2025 12:15,49378.85,49652.6,49286.05,49603.15
2/12/2025 13:15,49605.7,49702.35,49248.7,49332.5
2/12/2025 14:15,49334.4,49521.6,49236.6,49518.8
2/12/2025 15:15,49518.8,49552.1,49491.8,49526.55
2/13/2025 9:15,49469.35,49789.2,49434.15,49721.95
2/13/2025 10:15,49724.15,49836.1,49652.05,49757.1
2/13/2025 11:15,49756.6,49829.4,49668,49698.75
2/13/2025 12:15,49698.8,49743.6,49478.1,49478.1
2/13/2025 13:15,49480.8,49563.45,49283.45,49349
2/13/2025 14:15,49349.05,49429,49276.1,49356.8
2/13/2025 15:15,49356.8,49388.55,49320.15,49342
2/14/2025 9:15,49485.65,49592.95,49286.35,49385
2/14/2025 10:15,49385.05,49482,48920.1,49035.6
2/14/2025 11:15,49034.5,49073.65,48846.6,48865.1
2/14/2025 12:15,48865.4,48941.8,48719.75,48815.95
2/14/2025 13:15,48815.6,48891.05,48720.25,48777.45
2/14/2025 14:15,48776.35,49243.05,48765.95,49109.4
2/14/2025 15:15,49109.4,49122.1,49050.6,49057.75
2/17/2025 9:15,48880.4,48995.8,48525.6,48569.2
2/17/2025 10:15,48565.7,49037.45,48541.4,48741.9
2/17/2025 11:15,48738.1,48948.45,48725.4,48788.95
2/17/2025 12:15,48791.25,48987.1,48729.45,48851.45
2/17/2025 13:15,48853.95,49225.15,48842.3,49052
2/17/2025 14:15,49052,49286.55,49051.1,49275.4
2/17/2025 15:15,49275.4,49319,49247.5,49279.9
2/18/2025 9:15,49211.85,49328.55,48908.3,48980.35
2/18/2025 10:15,48980.05,49027.45,48814.95,48866.8
2/18/2025 11:15,48865.65,49088.9,48850.45,49012.65
2/18/2025 12:15,49008.55,49104.7,48908.55,48996.35
2/18/2025 13:15,48996.75,49136.2,48994.55,49047.05
2/18/2025 14:15,49038.1,49158.25,49035.95,49085.8
2/18/2025 15:15,49085.8,49099.55,49053.3,49064.15
2/19/2025 9:15,48895.35,49509.75,48804,49504.85
2/19/2025 10:15,49509.55,49628.25,49350.4,49502.25
2/19/2025 11:15,49503.95,49586.45,49407.9,49511.35
2/19/2025 12:15,49510.1,49560.75,49419.15,49459.85
2/19/2025 13:15,49464.1,49538.5,49430.5,49485.95
2/19/2025 14:15,49485.15,49607.9,49279.6,49579.25
2/19/2025 15:15,49579.25,49580.35,49510.95,49519.5
2/20/2025 9:15,49314.1,49455.8,49150.95,49251.65
2/20/2025 10:15,49251.8,49337.8,49240.4,49329.85
2/20/2025 11:15,49329.5,49346.35,49234.6,49235.5
2/20/2025 12:15,49233.3,49302.1,49221.65,49254.65
2/20/2025 13:15,49249.05,49396.45,49233.5,49338.5
2/20/2025 14:15,49337.7,49397.2,49321.15,49342.55
2/20/2025 15:15,49342.55,49344.5,49281.85,49289.7
2/21/2025 9:15,49143.1,49306.55,48822.4,48827.35
2/21/2025 10:15,48826.85,48930.9,48764,48917.1
2/21/2025 11:15,48916.75,49001.8,48878.4,48944.65
2/21/2025 12:15,48945.5,49069.65,48881.3,48921.3
2/21/2025 13:15,48921.35,48960.65,48799.8,48951.8
2/21/2025 14:15,48952.5,49058.15,48862.45,49006.9
2/21/2025 15:15,49007.3,49011.2,48885.4,48908.5
2/24/2025 9:15,48626.4,48745.95,48281.9,48425.8
2/24/2025 10:15,48426.1,48495.9,48371.6,48394.4
2/24/2025 11:15,48392.5,48686.6,48384.3,48521.9
2/24/2025 12:15,48521.7,48661.35,48508.45,48593.95
2/24/2025 13:15,48593.65,48634.6,48514.65,48572.9
2/24/2025 14:15,48573.65,48748.4,48564.4,48655.1
2/24/2025 15:15,48653.6,48689.75,48619.9,48657.25
2/25/2025 9:15,48691.2,48862.15,48648.75,48787.05
2/25/2025 10:15,48787.5,48794.05,48576.6,48627.6
2/25/2025 11:15,48629.75,48666.2,48582.45,48651.95
2/25/2025 12:15,48650.35,48706.25,48639.35,48669
2/25/2025 13:15,48668.6,48706.25,48629.1,48654.8
2/25/2025 14:15,48651.2,48661.9,48599.05,48622.85
2/25/2025 15:15,48623.2,48638.75,48534.15,48591.1
2/27/2025 9:15,48732.2,48972.55,48732.2,48895
2/27/2025 10:15,48894.1,48951.25,48873.6,48908.3
2/27/2025 11:15,48908.7,48913.85,48849.8,48875.6
2/27/2025 12:15,48874.45,48896.7,48830.2,48843.1
2/27/2025 13:15,48844.25,48902.9,48840.9,48863.75
2/27/2025 14:15,48865,48909.4,48707.85,48736.65
2/27/2025 15:15,48736.65,48736.7,48627.1,48641.5
2/28/2025 9:15,48437.55,48517.25,48161.15,48432.3
2/28/2025 10:15,48435.3,48534.45,48364.4,48491.85
2/28/2025 11:15,48491.5,48574.5,48406.55,48416.15
2/28/2025 12:15,48419.15,48498.4,48078.7,48117.8
2/28/2025 13:15,48118.25,48318.2,48104.9,48307.2
2/28/2025 14:15,48307.5,48499.75,48270.35,48351.35
2/28/2025 15:15,48351.35,48351.35,48238.6,48262.5
3/3/2025 9:15,48478.6,48574.7,47841.3,47885.75
3/3/2025 10:15,47891.15,48051.2,47871.7,47932.4
3/3/2025 11:15,47929.75,48053,47845.8,48053
3/3/2025 12:15,48051.45,48224.9,48008.9,48186.95
3/3/2025 13:15,48187.65,48258.45,48008.5,48101.3
3/3/2025 14:15,48096.3,48201.55,48054.95,48111.3
3/3/2025 15:15,48110.35,48162.5,48073.75,48159.85
3/4/2025 9:15,47942.5,48355.7,47924.75,48176.05
3/4/2025 10:15,48175.8,48342.9,48172.8,48250.05
3/4/2025 11:15,48249.9,48281.85,48132.55,48163.2
3/4/2025 12:15,48162.55,48272.3,48145.7,48272.3
3/4/2025 13:15,48267.4,48374.9,48223.3,48332.8
3/4/2025 14:15,48332.6,48347.5,48169.05,48234.2
3/4/2025 15:15,48234.2,48314.6,48226.05,48289.3
3/5/2025 9:15,48241.3,48657.65,48190.25,48529.1
3/5/2025 10:15,48528.35,48556.25,48409.2,48480.15
3/5/2025 11:15,48480.65,48612.65,48460.85,48600.7
3/5/2025 12:15,48600.5,48617.6,48445.3,48502.15
3/5/2025 13:15,48501.15,48522.35,48389.85,48466.6
3/5/2025 14:15,48466.65,48543.15,48406.4,48478.6
3/5/2025 15:15,48478.6,48508.4,48453.6,48506.15
3/6/2025 9:15,48760,48839.1,48299.4,48493.65
3/6/2025 10:15,48498.5,48674.2,48475.65,48623.65
3/6/2025 11:15,48623.35,48627.1,48408.5,48542.15
3/6/2025 12:15,48541.35,48611.2,48529.15,48582.2
3/6/2025 13:15,48584.95,48649.25,48559.85,48616.2
3/6/2025 14:15,48618.75,48681,48589.85,48634.95
3/6/2025 15:15,48634.95,48653.75,48596.85,48608.45
3/7/2025 9:15,48463.8,48617.5,48369.95,48616.65
3/7/2025 10:15,48618.5,48709.05,48548.05,48655.9
3/7/2025 11:15,48655.6,48693.45,48433.6,48483.75
3/7/2025 12:15,48484,48559.9,48409.9,48430.6
3/7/2025 13:15,48431.25,48505.55,48359.35,48427.85
3/7/2025 14:15,48429.35,48607.9,48419.9,48513.55
3/7/2025 15:15,48513.8,48516.6,48432.3,48453.85
3/10/2025 9:15,48312,48599.15,48285,48477.55
3/10/2025 10:15,48478.75,48543.8,48431.65,48447.15
3/10/2025 11:15,48448.1,48531.3,48419.55,48437.5
3/10/2025 12:15,48434.95,48584,48401.7,48554.35
3/10/2025 13:15,48551.9,48566.75,48445.25,48507.65
3/10/2025 14:15,48506.1,48510.25,48146.8,48235.8
3/10/2025 15:15,48237.95,48244.05,48124.65,48168.25
3/11/2025 9:15,47874.8,48021.35,47702.9,47840.8
3/11/2025 10:15,47841.2,47990.45,47793.75,47923.25
3/11/2025 11:15,47923.2,47928,47793.95,47814.1
3/11/2025 12:15,47814.5,47900.55,47783.6,47843.55
3/11/2025 13:15,47845.9,48029.05,47817.35,47979.4
3/11/2025 14:15,47980,47995.25,47786.3,47864.25
3/11/2025 15:15,47864.25,47896,47847.3,47885.6
3/12/2025 9:15,47894.4,48211.65,47880,48093.25
3/12/2025 10:15,48089.1,48222.15,48064.2,48113.2
3/12/2025 11:15,48112.7,48114.6,47844.95,47941.25
3/12/2025 12:15,47941.55,48042.75,47849.1,48029.05
3/12/2025 13:15,48033.55,48113.3,47979.85,48109.3
3/12/2025 14:15,48109.05,48150.6,48002.75,48054.75
3/12/2025 15:15,48054.75,48086.4,48018.1,48055.75
3/13/2025 9:15,48219.15,48286.5,48064.75,48278.1
3/13/2025 10:15,48275.8,48352.45,48236.5,48284.9
3/13/2025 11:15,48285.95,48286.4,48109.7,48153.7
3/13/2025 12:15,48154.75,48240.3,48128.95,48142.45
3/13/2025 13:15,48139.4,48202.55,48090.4,48123.65
3/13/2025 14:15,48124.35,48130.1,48009.7,48082.55
3/13/2025 15:15,48084.75,48092.25,48006.1,48024
3/17/2025 9:15,48219.55,48432.2,48196.1,48384.5
3/17/2025 10:15,48386.25,48420.55,48293.7,48415.5
3/17/2025 11:15,48414.65,48481.35,48367.85,48458.05
3/17/2025 12:15,48457.65,48457.9,48310.35,48382.65
3/17/2025 13:15,48382.55,48449.3,48288.3,48427.85
3/17/2025 14:15,48430,48438.1,48331.55,48359.3
3/17/2025 15:15,48359.3,48376.05,48331.5,48347.05
3/18/2025 9:15,48792.9,49009.3,48629.45,48994.95
3/18/2025 10:15,48997.15,49053.1,48963.45,49022.35
3/18/2025 11:15,49022.1,49104.15,48982.1,49089.4
3/18/2025 12:15,49090.25,49121.05,48908.2,49028.85
3/18/2025 13:15,49030.85,49174.45,49024.8,49125.55
3/18/2025 14:15,49128.8,49314,49109.75,49303.1
3/18/2025 15:15,49303.1,49400.3,49291.3,49375.55
3/19/2025 9:15,49375.4,49607.55,49324.8,49546.6
3/19/2025 10:15,49548.5,49749,49547.9,49719.9
3/19/2025 11:15,49720.7,49755.25,49669.25,49689.9
3/19/2025 12:15,49691.1,49807.55,49690.95,49743.2
3/19/2025 13:15,49743.1,49787,49730.1,49743.8
3/19/2025 14:15,49742.75,49791.5,49678.55,49705.45
3/19/2025 15:15,49705.45,49752.95,49672.85,49727.1
3/20/2025 9:15,49947.6,50035.75,49771.65,49819.2
3/20/2025 10:15,49818.5,49922.4,49808.15,49906.75
3/20/2025 11:15,49908.3,49923.6,49818.25,49855.75
3/20/2025 12:15,49855.85,49981.45,49827.6,49963.95
3/20/2025 13:15,49970.15,50129.6,49945.2,50048.4
3/20/2025 14:15,50045,50155.3,50026.95,50042.05
3/20/2025 15:15,50042.05,50071.4,49984.7,49993.8
3/21/2025 9:15,49927.1,50236.8,49891.95,50221.55
3/21/2025 10:15,50220.15,50501.2,50195.45,50479.05
3/21/2025 11:15,50480.3,50532.65,50366.85,50423.95
3/21/2025 12:15,50423.45,50516.25,50410.6,50440.5
3/21/2025 13:15,50439.9,50510.75,50270.6,50382.6
3/21/2025 14:15,50381.1,50652,50377.4,50576.75
3/21/2025 15:15,50576.75,50672.15,50532.6,50570.3
3/24/2025 9:15,50982.7,51416.05,50795.9,51407.35
3/24/2025 10:15,51404.05,51769.8,51391.6,51666.45
3/24/2025 11:15,51668.25,51676.5,51526.25,51596.1
3/24/2025 12:15,51594.5,51703.95,51585.45,51690.3
3/24/2025 13:15,51688.9,51720,51567.2,51707.7
3/24/2025 14:15,51706.35,51777.5,51625.25,51671.25
3/24/2025 15:15,51673.65,51801.15,51673.65,51769.6
3/25/2025 9:15,51874.2,52063.95,51646.65,51929.85
3/25/2025 10:15,51918.75,52052.7,51759.45,51820.25
3/25/2025 11:15,51820.5,51847.5,51623.8,51715.65
3/25/2025 12:15,51711.5,51726.3,51572.6,51624.7
3/25/2025 13:15,51626.2,51787.65,51534.95,51777
3/25/2025 14:15,51771.1,51787.25,51587.05,51615.55
3/25/2025 15:15,51615.55,51649.95,51429.6,51480
3/26/2025 9:15,51640.05,51831.2,51572.75,51749.95
3/26/2025 10:15,51749.8,51875.8,51509.7,51595.95
3/26/2025 11:15,51596.5,51626.45,51423.7,51473.9
3/26/2025 12:15,51473.75,51504.15,51223.95,51275.25
3/26/2025 13:15,51277,51280.75,51126.2,51184
3/26/2025 14:15,51185.9,51245.65,51069.15,51239.2
3/26/2025 15:15,51239.2,51241.55,51171.8,51179.75
3/27/2025 9:15,51084.7,51642.4,51050.85,51597.1
3/27/2025 10:15,51589.6,51678.25,51495.25,51653.3
3/27/2025 11:15,51652.6,51674.15,51568.95,51615.05
3/27/2025 12:15,51616.3,51637.9,51561,51596.5
3/27/2025 13:15,51596.8,51666.5,51582.95,51606.95
3/27/2025 14:15,51612.9,51714.35,51523.1,51536.1
3/27/2025 15:15,51536.1,51671.15,51484.1,51534
3/28/2025 9:15,51608.4,51812.55,51454.85,51546.6
3/28/2025 10:15,51550.1,51772,51509.95,51512.2
3/28/2025 11:15,51513.05,51606.4,51445,51587.45
3/28/2025 12:15,51586.35,51589.65,51335.35,51415.1
3/28/2025 13:15,51415.8,51559.6,51391.45,51552.45
3/28/2025 14:15,51552.45,51839.1,51527.45,51594.6
3/28/2025 15:15,51594.6,51595.7,51518.05,51538.75
4/1/2025 9:15,51178.15,51683.85,51170.55,51393.7
4/1/2025 10:15,51392.3,51489.2,50827.35,50910.75
4/1/2025 11:15,50909.7,50979.85,50742,50859.5
4/1/2025 12:15,50857.2,50963,50766.15,50843.7
4/1/2025 13:15,50844.55,50867.4,50756.15,50807.95
4/1/2025 14:15,50806.7,50890.6,50757.15,50838.25
4/1/2025 15:15,50836.65,50874.3,50813.35,50851
4/2/2025 9:15,50966.9,51240.8,50908.35,51104.1
4/2/2025 10:15,51101.4,51276.1,51070.05,51227.35
4/2/2025 11:15,51226.95,51267.75,51114.9,51246.4
4/2/2025 12:15,51246.15,51280.15,51110.95,51238
4/2/2025 13:15,51234.25,51286.9,51189.55,51218.35
4/2/2025 14:15,51223.5,51380,51203.7,51362.1
4/2/2025 15:15,51362.3,51404.2,51342.05,51372.75
4/3/2025 9:15,50910,51437.7,50906.65,51400
4/3/2025 10:15,51399.7,51528.1,51345.6,51492.85
4/3/2025 11:15,51495.95,51518.4,51441.9,51477
4/3/2025 12:15,51484.95,51491.75,51401.8,51466.2
4/3/2025 13:15,51470,51661.6,51434.15,51559.8
4/3/2025 14:15,51556.3,51632.55,51527.45,51613.55
4/3/2025 15:15,51613.55,51619.8,51571.85,51581.55
4/4/2025 9:15,51711.6,51893.6,51474.85,51522.85
4/4/2025 10:15,51523.15,51734.2,51511.25,51686.7
4/4/2025 11:15,51686.65,51763.35,51600.85,51661
4/4/2025 12:15,51659.9,51706.15,51602.25,51617.85
4/4/2025 13:15,51616.75,51676.05,51468.2,51617.5
4/4/2025 14:15,51610.25,51637.65,51360.4,51557.9
4/4/2025 15:15,51557.9,51558.25,51488.6,51515.25
4/7/2025 9:15,49336.1,50426.25,49242.25,49668.4
4/7/2025 10:15,49660.65,50013.35,49582.55,49672.05
4/7/2025 11:15,49671.55,49783,49278.65,49289
4/7/2025 12:15,49292.9,49471.45,49156.95,49333.45
4/7/2025 13:15,49336.45,49698.05,49215.95,49581.05
4/7/2025 14:15,49584.35,49958.2,49503.05,49907.45
4/7/2025 15:15,49909.9,50041.6,49843.2,49985.95
4/8/2025 9:15,50388.55,50793.7,50261.45,50290.35
4/8/2025 10:15,50291.6,50486.4,50030.8,50383.5
4/8/2025 11:15,50383.65,50548.75,50103,50548.75
4/8/2025 12:15,50550.65,50763.65,50447.15,50720.65
4/8/2025 13:15,50722.1,50771.5,50321.9,50555.1
4/8/2025 14:15,50562.55,50672.65,50419.5,50494.2
4/8/2025 15:15,50494.2,50607.65,50477,50575.1
4/9/2025 9:15,50487.1,50496.9,50144.1,50169.6
4/9/2025 10:15,50168.35,50355.2,49910.85,49953
4/9/2025 11:15,49950.7,50210.85,49935.3,50129.3
4/9/2025 12:15,50134.5,50295.35,50103.25,50280.85
4/9/2025 13:15,50283.85,50306.6,50180.25,50249.8
4/9/2025 14:15,50245.95,50305.7,50200.4,50248.85
4/9/2025 15:15,50248.85,50293.4,50231.35,50283.75
4/11/2025 9:15,50634.1,51066.55,50634.1,50927.8
4/11/2025 10:15,50927.5,50983.75,50756.55,50964.55
4/11/2025 11:15,50965.05,51206.25,50953.2,51203.65
4/11/2025 12:15,51205.35,51244.7,51152.95,51196.05
4/11/2025 13:15,51194.35,51210.7,50980.25,51011.45
4/11/2025 14:15,51014.9,51056.75,50900.1,51005.8
4/11/2025 15:15,51004,51037.2,50938.2,51007.55
4/15/2025 9:15,52299,52299,51863.3,52255.2
4/15/2025 10:15,52253.95,52276,52159.25,52258.05
4/15/2025 11:15,52260.35,52400.6,52255.05,52327.6
4/15/2025 12:15,52333.4,52363,52276.6,52311.15
4/15/2025 13:15,52312.35,52374.7,52298.55,52371.35
4/15/2025 14:15,52371.55,52398.6,52316.35,52358.75
4/15/2025 15:15,52358.75,52486.35,52355.55,52415.15
4/16/2025 9:15,52690.9,52821.05,52471.35,52786.2
4/16/2025 10:15,52787.7,52805.15,52612.05,52744.3
4/16/2025 11:15,52747,52813.9,52720.5,52771.55
4/16/2025 12:15,52771.5,52876.7,52745.95,52874.2
4/16/2025 13:15,52874.85,53123.7,52728.15,53116.5
4/16/2025 14:15,53121.8,53153.95,53037.9,53087.6
4/16/2025 15:15,53087.6,53164.45,53079.6,53109.25
4/17/2025 9:15,53153.75,53525.15,53084.9,53380.85
4/17/2025 10:15,53386.25,53486,53346.8,53459.7
4/17/2025 11:15,53460.85,53814.8,53447.75,53797.45
4/17/2025 12:15,53799.25,54311.75,53762.5,54311.75
4/17/2025 13:15,54304.5,54407.2,54225.4,54280.2
4/17/2025 14:15,54282,54400.45,54182.05,54259.2
4/17/2025 15:15,54260.1,54332.25,54214.6,54252.05
4/21/2025 9:15,54891.25,55291.05,54674.95,55167.15
4/21/2025 10:15,55162.85,55383.6,55094.55,55366.1
4/21/2025 11:15,55371.85,55433.6,55296.05,55386.25
4/21/2025 12:15,55386.55,55461.65,55368.25,55412
4/21/2025 13:15,55405.95,55432,55228.35,55321.35
4/21/2025 14:15,55321.65,55338.15,55244.15,55285.15
4/21/2025 15:15,55285.15,55346.25,55285.15,55295.5
4/22/2025 9:15,55414.3,55705.55,55243.55,55696.5
4/22/2025 10:15,55696,55961.2,55692.65,55906.7
4/22/2025 11:15,55910.45,55916.6,55603.8,55728.4
4/22/2025 12:15,55721.65,55768,55628,55758.8
4/22/2025 13:15,55757.05,55818.25,55670.55,55717.6
4/22/2025 14:15,55716.4,55766.65,55601.55,55666.9
4/22/2025 15:15,55666.9,55669.4,55529.55,55559.2
4/23/2025 9:15,56097.1,56098.7,55339.05,55342.85
4/23/2025 10:15,55344.6,55440.95,55162.5,55224.5
4/23/2025 11:15,55225.2,55390.15,55215.85,55263.3
4/23/2025 12:15,55263.35,55369.35,55185.45,55305.35
4/23/2025 13:15,55306.95,55443.4,55255.1,55414.6
4/23/2025 14:15,55414.4,55424.65,55343.05,55395.4
4/23/2025 15:15,55395.3,55398.9,55297.85,55318.9
4/24/2025 9:15,55103.9,55550.45,55086.55,55381.7
4/24/2025 10:15,55386.1,55409.35,55330.05,55378.85
4/24/2025 11:15,55377,55392.35,55286.35,55347.4
4/24/2025 12:15,55347.8,55384.15,55321.85,55341.5
4/24/2025 13:15,55347,55388.95,55338.15,55357.2
4/24/2025 14:15,55357.5,55400.35,55100.25,55225.15
4/24/2025 15:15,55225.15,55231.75,55104.15,55130.9
4/25/2025 9:15,55233.55,55350.55,54480.35,54669.75
4/25/2025 10:15,54665.1,54698.6,54321.45,54411.85
4/25/2025 11:15,54418,54435.25,54176.45,54377.45
4/25/2025 12:15,54377.6,54616.7,54333.25,54605.7
4/25/2025 13:15,54605.55,54911,54579.2,54774.15
4/25/2025 14:15,54773.25,54870.7,54635.8,54694.65
4/25/2025 15:15,54695.05,54696.5,54535.8,54552.45
4/28/2025 9:15,54610.3,55293.55,54582.35,55288.2
4/28/2025 10:15,55289.4,55328.65,55159.2,55168.8
4/28/2025 11:15,55169.55,55390.9,55121.6,55349.35
4/28/2025 12:15,55347.95,55577.4,55343.35,55514.75
4/28/2025 13:15,55519.7,55520.65,55423.15,55511.05
4/28/2025 14:15,55519.25,55527.1,55316.15,55422.4
4/28/2025 15:15,55422.25,55446.6,55377.5,55428.1
4/29/2025 9:15,55524.35,55957.75,55473.7,55529.05
4/29/2025 10:15,55530.5,55549.4,55370.55,55454.95
4/29/2025 11:15,55454.75,55482.85,55306.2,55352.25
4/29/2025 12:15,55352.6,55548.45,55288.25,55460
4/29/2025 13:15,55459.2,55479.3,55402.65,55446.65
4/29/2025 14:15,55447.5,55523.7,55391.8,55392.55
4/29/2025 15:15,55392.55,55400.15,55262.4,55301.1
4/30/2025 9:15,55382.4,55478.25,55093.2,55247.8
4/30/2025 10:15,55249.4,55291.75,55047.3,55158.4
4/30/2025 11:15,55159.7,55254.2,55115.95,55131.4
4/30/2025 12:15,55132.35,55283.95,55103.95,55225.65
4/30/2025 13:15,55222,55252.15,55135.3,55170.85
4/30/2025 14:15,55171.35,55233.65,55092.75,55136.65
4/30/2025 15:15,55136.65,55146.95,54723.7,54961.45
5/2/2025 9:15,55100.95,55691.95,55099.05,55579.9
5/2/2025 10:15,55579.75,55594.8,55321.6,55370.45
5/2/2025 11:15,55370.2,55422,55144.2,55173.75
5/2/2025 12:15,55170.9,55185.9,54994.4,55073.25
5/2/2025 13:15,55072.8,55290.75,55072.8,55227.6
5/2/2025 14:15,55226.8,55246.85,54997,55177.6
5/2/2025 15:15,55177.6,55183.1,55037.3,55055.15
5/5/2025 9:15,55065.8,55345.5,54891.35,55038.9
5/5/2025 10:15,55043.2,55180,54932.5,54975.8
5/5/2025 11:15,54979.7,54992.3,54824.6,54875.05
5/5/2025 12:15,54876.05,54930.55,54786.5,54895.35
5/5/2025 13:15,54889.8,55048,54859,55005.6
5/5/2025 14:15,55004.25,55081.15,54880.15,54904.9
5/5/2025 15:15,54904.9,54963,54895.2,54907.2
5/6/2025 9:15,54918.25,55036.95,54600.15,54600.15
5/6/2025 10:15,54595.2,54601.2,54487.65,54534.15
5/6/2025 11:15,54532.8,54545.75,54400.6,54515.05
5/6/2025 12:15,54515.55,54570.55,54453.5,54498.25
5/6/2025 13:15,54499.25,54583.25,54465.15,54512.4
5/6/2025 14:15,54517.6,54522.5,54244.8,54284.45
5/6/2025 15:15,54284.35,54290.4,54172.95,54183.85
5/7/2025 9:15,54013.4,54672.9,53919.9,54307.35
5/7/2025 10:15,54306.9,54389.7,54222.2,54326.85
5/7/2025 11:15,54326.75,54477.85,54291.45,54337.5
5/7/2025 12:15,54338.05,54389.45,54226.6,54271.5
5/7/2025 13:15,54271.05,54459.8,54257.85,54410.1
5/7/2025 14:15,54419.05,54605,54326.05,54597.65
5/7/2025 15:15,54597.65,54684.3,54594.25,54632.95
5/8/2025 9:15,54801.75,54937.25,54600.5,54763.5
5/8/2025 10:15,54760.3,54870.25,54733.4,54781.75
5/8/2025 11:15,54781.25,54802.75,54698.65,54743.1
5/8/2025 12:15,54740.95,54849.1,54719,54791.85
5/8/2025 13:15,54791.85,54842.85,54517,54540.2
5/8/2025 14:15,54536.9,54653.2,54342.4,54467.8
5/8/2025 15:15,54467.8,54470.05,54108,54141.75
5/9/2025 9:15,53595.95,54054.8,53525.5,53769.8
5/9/2025 10:15,53766.3,53843.7,53622.15,53713.35
5/9/2025 11:15,53713.8,53920.85,53604.6,53716.3
5/9/2025 12:15,53717.4,53738.25,53584,53615.1
5/9/2025 13:15,53614.3,53660,53533.75,53590
5/9/2025 14:15,53589.4,53643.85,53483.05,53589.5
5/9/2025 15:15,53589.5,53676.8,53573.15,53674.05
5/12/2025 9:15,54658.75,55292.8,54558.05,55146.4
5/12/2025 10:15,55148.35,55347.6,55135.3,55304.55
5/12/2025 11:15,55306.15,55392.75,55134.9,55150.55
5/12/2025 12:15,55155.4,55336.75,55123.45,55189.9
5/12/2025 13:15,55192.6,55291.95,55184.2,55291.25
5/12/2025 14:15,55289.75,55377,55227.75,55325
5/12/2025 15:15,55324.7,55466.3,55320.65,55411.3
5/13/2025 9:15,55233.5,55499.65,54981.9,55182.05
5/13/2025 10:15,55176.35,55314,54944.9,55108.8
5/13/2025 11:15,55107.7,55332,55087.85,55171.35
5/13/2025 12:15,55168.35,55211.55,54924.9,54990.8
5/13/2025 13:15,54986.95,54997.05,54889.2,54947.3
5/13/2025 14:15,54946.5,55038.05,54894.45,54929.7
5/13/2025 15:15,54929.7,54984.65,54888.5,54964.45
5/14/2025 9:15,55008.55,55208.6,54885.15,55089.3
5/14/2025 10:15,55084.55,55094.1,54951.65,55012.85
5/14/2025 11:15,55008.35,55033.95,54805.2,54842.85
5/14/2025 12:15,54842.3,54845,54491,54682.95
5/14/2025 13:15,54682.85,54711.55,54582.7,54654.95
5/14/2025 14:15,54655.15,54831.2,54578.6,54808.15
5/14/2025 15:15,54810.8,54898.8,54759.4,54860.55
5/15/2025 9:15,54853.7,54935.15,54442.3,54562.75
5/15/2025 10:15,54553.8,55019.05,54491.3,54616.7
5/15/2025 11:15,54617.1,54807,54570.7,54711.7
5/15/2025 12:15,54715.15,55100.3,54629.65,55100.3
5/15/2025 13:15,55098.8,55462.85,55017.75,55427.7
5/15/2025 14:15,55431.55,55490.55,55302.9,55362.55
5/15/2025 15:15,55362.55,55375.9,55319.55,55336.7
5/16/2025 9:15,55276,55418.9,55170.25,55277.45
5/16/2025 10:15,55280.25,55350.45,55220.05,55273.5
5/16/2025 11:15,55271.55,55315.4,55242.55,55263.05
5/16/2025 12:15,55257.9,55359.35,55230.2,55306.3
5/16/2025 13:15,55306.4,55381.15,55276.1,55347.3
5/16/2025 14:15,55339.7,55394.7,55313.25,55363.1
5/16/2025 15:15,55363.1,55376.75,55311,55350.8
5/19/2025 9:15,55326.05,55512.95,55296.55,55480.95
5/19/2025 10:15,55478,55650.25,55474.45,55587.35
5/19/2025 11:15,55588.35,55671.5,55542.2,55591.7
5/19/2025 12:15,55592.4,55695.55,55522.15,55542.05
5/19/2025 13:15,55542.05,55599.5,55355.9,55399.6
5/19/2025 14:15,55400.75,55457.5,55303.65,55417.1
5/19/2025 15:15,55417.1,55450.95,55376.95,55400.65
5/20/2025 9:15,55445.3,55568.35,55120.35,55194.4
5/20/2025 10:15,55196.05,55344.95,55140.3,55208.3
5/20/2025 11:15,55208.1,55209.45,55071.65,55122.2
5/20/2025 12:15,55131.15,55209.05,55005.4,55009.65
5/20/2025 13:15,55009.4,55049.6,54931.7,54965.5
5/20/2025 14:15,54962.9,54975.05,54829.45,54910.25
5/20/2025 15:15,54910.85,54934.3,54854.4,54932.35
5/21/2025 9:15,55060.2,55266.55,54931.3,55260.3
5/21/2025 10:15,55261,55336.85,55163.85,55218.1
5/21/2025 11:15,55219.25,55233.85,54789.9,54813.25
5/21/2025 12:15,54817.55,55026.7,54690.8,55012.95
5/21/2025 13:15,55015.2,55109.35,54891.9,55007.95
5/21/2025 14:15,55007.75,55112.45,54990.4,55066.9
5/21/2025 15:15,55066.9,55097.45,55036.5,55065.6
5/22/2025 9:15,54875.9,54936.85,54719.85,54849.8
5/22/2025 10:15,54849.9,54889.6,54742.15,54747.75
5/22/2025 11:15,54746.45,54776.6,54588.8,54644.8
5/22/2025 12:15,54646.65,54671.8,54576.6,54647.35
5/22/2025 13:15,54651.8,54692.1,54616.25,54653.75
5/22/2025 14:15,54653.5,54996.1,54587.15,54937.65
5/22/2025 15:15,54937.65,54989.6,54889.8,54963.25
5/23/2025 9:15,54959.3,55202,54854.5,55171.15
5/23/2025 10:15,55170.05,55340.65,55002.95,55309.25
5/23/2025 11:15,55311.85,55432.2,55192.65,55236.4
5/23/2025 12:15,55232.05,55433.65,55230.6,55362.25
5/23/2025 13:15,55361.7,55441.3,55302.6,55395.75
5/23/2025 14:15,55394.55,55420.9,55303.1,55391.25
5/23/2025 15:15,55391.25,55426.1,55379.65,55389.6
5/26/2025 9:15,55534.9,55875.75,55516.8,55739.55
5/26/2025 10:15,55738.6,55760.1,55307.5,55480.1
5/26/2025 11:15,55481.35,55576.25,55406.8,55531.1
5/26/2025 12:15,55531.2,55611.1,55422.75,55509.1
5/26/2025 13:15,55506.15,55555.15,55456.9,55527.1
5/26/2025 14:15,55528.95,55598.35,55447.3,55577.1
5/26/2025 15:15,55577.1,55612.65,55548.35,55559.35
5/27/2025 9:15,55458.95,55511.55,55037.85,55112.45
5/27/2025 10:15,55109.55,55449.75,55054.7,55354.35
5/27/2025 11:15,55365.65,55831.35,55364.45,55598.8
5/27/2025 12:15,55601.05,55623.1,55340.85,55411.5
5/27/2025 13:15,55412.55,55529.75,55213.55,55266.95
5/27/2025 14:15,55258.9,55393.95,55110.05,55386.55
5/27/2025 15:15,55386.55,55406.1,55319.05,55352.45
5/28/2025 9:15,55328.6,55521.8,55235.55,55335.6
5/28/2025 10:15,55335.3,55463.05,55278.95,55384.9
5/28/2025 11:15,55383.6,55432.55,55303.8,55318.5
5/28/2025 12:15,55319.95,55506.85,55311.3,55433.55
5/28/2025 13:15,55433.2,55464.65,55345.6,55415.05
5/28/2025 14:15,55415.6,55478.25,55335.5,55407.75
5/28/2025 15:15,55407.75,55454.25,55395.65,55447.55
5/29/2025 9:15,55571.4,55725.35,55316.25,55351.55
5/29/2025 10:15,55352.7,55385,55196.4,55213.1
5/29/2025 11:15,55197.25,55241.3,55147.15,55191.45
5/29/2025 12:15,55189.65,55282.4,55096.45,55266.35
5/29/2025 13:15,55261.6,55302.25,55187.95,55201.25
5/29/2025 14:15,55201.55,55594.85,55177.7,55591.8
5/29/2025 15:15,55591.8,55782.75,55566,55746.85
5/30/2025 9:15,55615.55,55704.25,55459.8,55559.85
5/30/2025 10:15,55557.1,55562.15,55356.6,55460.85
5/30/2025 11:15,55462.95,55551.45,55425.95,55431.15
5/30/2025 12:15,55432.05,55581.95,55401.7,55557.5
5/30/2025 13:15,55559.25,55776.95,55559.25,55624.15
5/30/2025 14:15,55626,55813.3,55618.1,55755.75
5/30/2025 15:15,55755.45,55778.9,55729.05,55755.7
6/2/2025 9:15,55598.25,55787.1,55400.55,55585.25
6/2/2025 10:15,55585.55,55686.45,55551.5,55615.7
6/2/2025 11:15,55616.55,55752.2,55572.85,55726.1
6/2/2025 12:15,55725.1,55835.25,55690.25,55780.9
6/2/2025 13:15,55781.25,55873.05,55759.05,55787.15
6/2/2025 14:15,55787.95,55966.3,55702.75,55918.3
6/2/2025 15:15,55918.3,55921.85,55811.5,55862.05
6/3/2025 9:15,56104.8,56161.4,55714.35,55841.95
6/3/2025 10:15,55843.9,56016.4,55702.8,55706.8
6/3/2025 11:15,55709.45,55805.3,55659.4,55680.05
6/3/2025 12:15,55683.25,55727.25,55455.8,55523.15
6/3/2025 13:15,55523.65,55659.45,55467.7,55647.6
6/3/2025 14:15,55650.35,55722.1,55582.2,55600.95
6/3/2025 15:15,55600.95,55635.85,55525.35,55540
6/4/2025 9:15,55650.35,55791,55408.35,55522.45
6/4/2025 10:15,55522.45,55641.6,55493.4,55594.5
6/4/2025 11:15,55600.25,55702.35,55588.65,55686.05
6/4/2025 12:15,55687.05,55700.2,55624.55,55645.4
6/4/2025 13:15,55645.55,55690.05,55597.2,55670.65
6/4/2025 14:15,55670.1,55738,55624.3,55666.3
6/4/2025 15:15,55666.3,55693.6,55656.3,55665.55
6/5/2025 9:15,55806.75,55849.45,55580.45,55744.6
6/5/2025 10:15,55748.85,55781.65,55666.65,55718.45
6/5/2025 11:15,55720.25,55972.5,55694.15,55963.25
6/5/2025 12:15,55967.25,56010.15,55752.05,55762.95
6/5/2025 13:15,55763.75,55796.95,55629.25,55676.85
6/5/2025 14:15,55677.1,55783.35,55659.1,55770.2
6/5/2025 15:15,55770.2,55841.5,55753.7,55809.75
6/6/2025 9:15,55699.45,56002.25,55559.55,55690.55
6/6/2025 10:15,55691.4,56579.3,55534.75,56567.85
6/6/2025 11:15,56569.35,56650.2,56478.6,56591.9
6/6/2025 12:15,56590.5,56627.3,56454.85,56568.35
6/6/2025 13:15,56567.75,56638.05,56495.95,56636.7
6/6/2025 14:15,56634.3,56695,56548.1,56571.15
6/6/2025 15:15,56571.15,56594.05,56539.9,56584.8
6/9/2025 9:15,57049.5,57049.5,56792.7,56996.35
6/9/2025 10:15,56991.25,57032.55,56942.85,56949.85
6/9/2025 11:15,56946.75,56956.05,56856.65,56933.55
6/9/2025 12:15,56934.65,56981.95,56878.95,56935.05
6/9/2025 13:15,56937.55,56955.3,56845.1,56850
6/9/2025 14:15,56847.2,56893.15,56827.05,56851.3
6/9/2025 15:15,56851.3,56857.45,56811.4,56846.2
6/10/2025 9:15,56993.9,57015.4,56570.3,56781.7
6/10/2025 10:15,56783.65,56804.7,56602.8,56666.85
6/10/2025 11:15,56670.3,56676.7,56573.4,56610.1
6/10/2025 12:15,56608.05,56732.55,56586.3,56688.35
6/10/2025 13:15,56676.9,56709.9,56639.15,56652.05
6/10/2025 14:15,56652.3,56679.8,56591.85,56647.35
6/10/2025 15:15,56647.35,56653.8,56564.15,56579.55
6/11/2025 9:15,56639.85,56669.3,56443.85,56621.35
6/11/2025 10:15,56619.65,56723.15,56568.25,56713.7
6/11/2025 11:15,56711.4,56780.45,56674.2,56743.25
6/11/2025 12:15,56743.25,56782.5,56664.3,56666.8
6/11/2025 13:15,56667.75,56672.5,56399.4,56425.75
6/11/2025 14:15,56425.85,56507.3,56411.15,56454.75
6/11/2025 15:15,56454.65,56473.25,56416.35,56438.05
6/12/2025 9:15,56480.9,56611.05,56382,56395.8
6/12/2025 10:15,56397.75,56439.05,56242.1,56268.1
6/12/2025 11:15,56267.75,56354.05,56197.3,56257.95
6/12/2025 12:15,56259.8,56333.55,56209.8,56245
6/12/2025 13:15,56245,56263.05,55968.5,56012.75
6/12/2025 14:15,56015,56205.7,56004.25,56076.9
6/12/2025 15:15,56076.1,56081.2,55980.45,55997.8
6/13/2025 9:15,55149.3,55515.2,55149.3,55455.9
6/13/2025 10:15,55452.85,55591.85,55380.85,55446.55
6/13/2025 11:15,55440.75,55542.55,55419,55471.8
6/13/2025 12:15,55471.85,55553.65,55440,55501.55
6/13/2025 13:15,55498,55688,55480.55,55560.9
6/13/2025 14:15,55560.65,55586.45,55376.2,55546.85
6/13/2025 15:15,55546.85,55581.35,55514.35,55577.1
6/16/2025 9:15,55554.1,55604.3,55381.45,55477.3
6/16/2025 10:15,55476.9,55801.7,55469.2,55739.6
6/16/2025 11:15,55736.7,55842.85,55657.35,55809.3
6/16/2025 12:15,55810.4,55914.75,55739.55,55876.15
6/16/2025 13:15,55876.8,55956.65,55836.65,55947.2
6/16/2025 14:15,55947.05,55961.55,55857.7,55957.35
6/16/2025 15:15,55957.35,55999.85,55942.35,55973.5
6/17/2025 9:15,55975,56067.3,55788.85,55850.4
6/17/2025 10:15,55846.85,55958.35,55795.25,55826.05
6/17/2025 11:15,55821.2,55826.5,55720.2,55728
6/17/2025 12:15,55728,55750.2,55652.85,55683.25
6/17/2025 13:15,55688.2,55725.6,55643.95,55715.2
6/17/2025 14:15,55715.05,55769.75,55679.25,55742.45
6/17/2025 15:15,55742.45,55743.6,55660.1,55678.7
6/18/2025 9:15,55544.95,55933.6,55511.8,55889.4
6/18/2025 10:15,55889.4,55908,55715.6,55752.6
6/18/2025 11:15,55748.75,55799.7,55612.2,55776.2
6/18/2025 12:15,55776.9,55793.25,55712.3,55770.15
6/18/2025 13:15,55770.5,55831.4,55681.65,55694.7
6/18/2025 14:15,55695.85,55858.95,55641.1,55823.25
6/18/2025 15:15,55827.2,55857.85,55775.05,55802.85
6/19/2025 9:15,55784.85,55942.45,55684.7,55809.95
6/19/2025 10:15,55808.6,55818.05,55661.8,55685.35
6/19/2025 11:15,55686.5,55694.05,55611.55,55653.9
6/19/2025 12:15,55653.2,55706.8,55539.9,55653.3
6/19/2025 13:15,55652.95,55710.35,55592.7,55678.25
6/19/2025 14:15,55677.1,55705.35,55562.15,55565.6
6/19/2025 15:15,55565.6,55597.9,55475.45,55497.05
6/20/2025 9:15,55566.7,55833.6,55566.4,55799.7
6/20/2025 10:15,55798.2,56134.7,55796.25,56132.9
6/20/2025 11:15,56133.95,56199.55,56095.35,56165.75
6/20/2025 12:15,56167,56186.9,56027.45,56168.6
6/20/2025 13:15,56169.35,56242.4,56137.8,56155
6/20/2025 14:15,56156.25,56295.3,56067,56240.95
6/20/2025 15:15,56240.95,56328.2,56208.7,56216.5
6/23/2025 9:15,55832.35,56061.5,55779.25,55828.4
6/23/2025 10:15,55826.7,55950.8,55811.55,55917.7
6/23/2025 11:15,55917.6,55949.1,55856.9,55914
6/23/2025 12:15,55914.1,55976.25,55902.5,55976.25
6/23/2025 13:15,55975.2,56233.55,55961.3,56125.45
6/23/2025 14:15,56125.7,56129.9,56011.9,56058.6
6/23/2025 15:15,56058.6,56085.8,56021.55,56034.55
6/24/2025 9:15,56529.45,56736.1,56460.85,56619.6
6/24/2025 10:15,56620.65,56711.85,56487.2,56692.8
6/24/2025 11:15,56691.75,56862,56653.55,56826.2
6/24/2025 12:15,56831.3,56840.35,56488.65,56566.05
6/24/2025 13:15,56566.45,56614.6,56276.15,56370.65
6/24/2025 14:15,56372,56513.35,56349.7,56457.65
6/24/2025 15:15,56457.65,56506.65,56440.8,56471.4
6/25/2025 9:15,56564.5,56664.9,56420.65,56567.25
6/25/2025 10:15,56571.1,56646.75,56558.05,56566
6/25/2025 11:15,56566.9,56619.8,56519.95,56564.55
6/25/2025 12:15,56564.2,56634.55,56529.75,56609.45
6/25/2025 13:15,56612.6,56643.4,56567.05,56625.4
6/25/2025 14:15,56622.05,56681.4,56586.95,56616.95
6/25/2025 15:15,56616.95,56629.7,56564.3,56591
6/26/2025 9:15,56693.55,56806.6,56567.4,56695.7
6/26/2025 10:15,56693.2,56743.75,56558.35,56609.75
6/26/2025 11:15,56609.75,57076.95,56567.4,56997.75
6/26/2025 12:15,57001.45,57027,56804.5,56861.7
6/26/2025 13:15,56863.45,57158.15,56843.75,57158.15
6/26/2025 14:15,57156.1,57252.55,57090.35,57187.85
6/26/2025 15:15,57187.85,57263.45,57143.65,57161.9
6/27/2025 9:15,57234.7,57259,56993.85,57159.5
6/27/2025 10:15,57160.1,57340.75,57158.1,57294.6
6/27/2025 11:15,57296.05,57381.1,57263.6,57352.45
6/27/2025 12:15,57352.75,57414.95,57315.7,57370.05
6/27/2025 13:15,57374.15,57436.15,57341.65,57380.5
6/27/2025 14:15,57380.05,57463.1,57312.25,57451.95
6/27/2025 15:15,57451.95,57475.4,57380.15,57399.95
6/30/2025 9:15,57529.95,57614.5,57323.15,57414.5
6/30/2025 10:15,57415.9,57470.05,57297.8,57358.8
6/30/2025 11:15,57358,57509,57332.25,57496.5
6/30/2025 12:15,57496,57524.75,57310.65,57347.35
6/30/2025 13:15,57349.85,57388.05,57208.3,57248.15
6/30/2025 14:15,57252.25,57340.6,57193.8,57332.15
6/30/2025 15:15,57332.15,57341,57261.15,57318.55
7/1/2025 9:15,57375.8,57423,57197.15,57205.95
7/1/2025 10:15,57202.7,57262.8,57150.35,57213.1
7/1/2025 11:15,57211.55,57303.45,57189.15,57283.8
7/1/2025 12:15,57284.6,57461.5,57271.45,57439.4
7/1/2025 13:15,57440.25,57530.35,57401.5,57530.35
7/1/2025 14:15,57530.35,57533.85,57406.8,57441.9
7/1/2025 15:15,57441.9,57501.3,57425.9,57442.7
7/2/2025 9:15,57558.2,57628.4,57205.8,57268.35
7/2/2025 10:15,57268.95,57278.75,57152.35,57202.05
7/2/2025 11:15,57201.4,57235.3,57138.7,57158.3
7/2/2025 12:15,57155.75,57177.65,57042.65,57043.3
7/2/2025 13:15,57042.3,57050.75,56851.45,56888.15
7/2/2025 14:15,56891.9,57066.1,56833.8,57017.05
7/2/2025 15:15,57017.05,57019.5,56951.8,56972.15
7/3/2025 9:15,57050.4,57193.25,56894.65,57119.35
7/3/2025 10:15,57121.05,57158.45,57061.45,57103.6
7/3/2025 11:15,57102.6,57135.5,56956.7,56989.75
7/3/2025 12:15,56989.35,57048.4,56949.85,56978.8
7/3/2025 13:15,56978.55,57116.15,56907.25,56923.3
7/3/2025 14:15,56921.85,56945.95,56767.05,56794.15
7/3/2025 15:15,56794.15,56832.6,56764.1,56772.75
7/4/2025 9:15,56825.25,56938.75,56680.05,56795.6
7/4/2025 10:15,56796.35,56898.2,56776.4,56855.7
7/4/2025 11:15,56855.5,56861.75,56628.3,56639.05
7/4/2025 12:15,56639.3,56759.35,56623.6,56751.25
7/4/2025 13:15,56747.4,56872.2,56728.35,56864.45
7/4/2025 14:15,56863.55,57057.5,56793.85,57045.55
7/4/2025 15:15,57045.55,57075.1,56997.9,57044.8
7/7/2025 9:15,56938.7,57071.2,56854.05,56919.35
7/7/2025 10:15,56920.25,57152.2,56896.1,57021.7
7/7/2025 11:15,57028.4,57042.6,56899.9,56909.95
7/7/2025 12:15,56911.15,56985.2,56838.55,56950.65
7/7/2025 13:15,56947.35,57029.5,56909.3,56965.95
7/7/2025 14:15,56975.45,56986.7,56856.1,56947.1
7/7/2025 15:15,56947.1,56965.35,56913.35,56918.5
7/8/2025 9:15,56942.55,57258.1,56923.05,57146.8
7/8/2025 10:15,57147,57220.5,57077.1,57087.5
7/8/2025 11:15,57087.4,57175.8,57060.7,57103.45
7/8/2025 12:15,57108.7,57200,57076.65,57147.9
7/8/2025 13:15,57146.05,57169.1,57074.3,57094.3
7/8/2025 14:15,57094.55,57293.45,57081.55,57271.35
7/8/2025 15:15,57272.1,57303.3,57220.6,57240.85
7/9/2025 9:15,57199.75,57233.45,57037.9,57193.85
7/9/2025 10:15,57193.95,57217.9,57127.8,57186.7
7/9/2025 11:15,57180.8,57217,57097.2,57197.45
7/9/2025 12:15,57201.9,57270.9,57174.5,57268.45
7/9/2025 13:15,57267.45,57290.65,57187,57212.9
7/9/2025 14:15,57221.55,57246.85,57154.5,57218
7/9/2025 15:15,57218,57230.7,57170.05,57171.6
7/10/2025 9:15,57339.75,57363.7,57152.8,57184.65
7/10/2025 10:15,57180.7,57280.1,57116.45,57187.15
7/10/2025 11:15,57187.1,57194.05,57023.85,57058.9
7/10/2025 12:15,57058.5,57203.35,57039.7,57074.3
7/10/2025 13:15,57075.75,57172.55,56993.85,57098.65
7/10/2025 14:15,57097.4,57150.5,56976.5,57002.25
7/10/2025 15:15,57002.25,57046.65,56886.6,56956.95
7/11/2025 9:15,56843.45,57091.05,56807.35,56814.6
7/11/2025 10:15,56814.55,56823.15,56645.35,56689.35
7/11/2025 11:15,56689,56736.2,56607.75,56661.25
7/11/2025 12:15,56660.15,56837.95,56639.45,56734.05
7/11/2025 13:15,56733.95,56816.3,56679.45,56760.4
7/11/2025 14:15,56761.6,56799.75,56706,56760.8
7/11/2025 15:15,56760.85,56764.75,56695.7,56712.85
7/14/2025 9:15,56780.75,56896.3,56653.5,56848
7/14/2025 10:15,56849.1,56892.5,56659.9,56673.5
7/14/2025 11:15,56673.5,56699.55,56597.45,56659.45
7/14/2025 12:15,56659.9,56728.45,56617.9,56648.8
7/14/2025 13:15,56650.2,56726,56594.25,56665.55
7/14/2025 14:15,56669.3,56830.65,56622.05,56764.85
7/14/2025 15:15,56764.85,56791.1,56732.45,56763.6
7/15/2025 9:15,56709.2,57063.35,56707.8,57036.5
7/15/2025 10:15,57038,57134.95,56989.9,57078.45
7/15/2025 11:15,57077.95,57114.75,57034.65,57054.95
7/15/2025 12:15,57056.45,57117.1,56992.05,57034.85
7/15/2025 13:15,57038.45,57048.15,56915.4,56983.65
7/15/2025 14:15,56987.2,57042.9,56908.2,57038.35
7/15/2025 15:15,57038.35,57076.8,57011.85,57049.6
7/16/2025 9:15,57111.25,57175.15,56991.55,57023.1
7/16/2025 10:15,57024,57085.4,56937.6,57030.8
7/16/2025 11:15,57030.65,57173.55,56984.65,57109.95
7/16/2025 12:15,57113.5,57271.9,57102.8,57249.6
7/16/2025 13:15,57251.85,57276.55,57163.45,57237.7
7/16/2025 14:15,57239.6,57252.65,57153.75,57179.05
7/16/2025 15:15,57179.05,57195.15,57084.15,57108.4
7/17/2025 9:15,57231.95,57262.85,56980.65,56992.6
7/17/2025 10:15,56990.6,57037.45,56914.9,56991.6
7/17/2025 11:15,56992.7,57039.1,56953.95,56955.8
7/17/2025 12:15,56955.5,56960.7,56868.4,56896.3
7/17/2025 13:15,56894.6,56956.05,56834.35,56862.8
7/17/2025 14:15,56861.4,56909.1,56812.45,56854.25
7/17/2025 15:15,56849.5,56852.2,56780.15,56805.1
7/18/2025 9:15,56524.25,56705.15,56403.9,56408.9
7/18/2025 10:15,56410.9,56411.5,56204.85,56311.35
7/18/2025 11:15,56316.6,56376.45,56268.1,56275.85
7/18/2025 12:15,56274.05,56376.5,56240.8,56273.5
7/18/2025 13:15,56274.75,56364.5,56245.3,56303.9
7/18/2025 14:15,56303.45,56431.95,56264.45,56280.8
7/18/2025 15:15,56280.8,56307.6,56237.9,56253.7
7/21/2025 9:15,56558.9,56761.5,56255.7,56720.6
7/21/2025 10:15,56725.2,56811,56633,56769.25
7/21/2025 11:15,56770.1,56827.3,56639.15,56777.9
7/21/2025 12:15,56776.45,56929.1,56690.7,56894.4
7/21/2025 13:15,56898.1,56923.05,56733.3,56816.9
7/21/2025 14:15,56817.65,56967.55,56757.85,56953.05
7/21/2025 15:15,56953.05,56983.45,56901.3,56916.75
7/22/2025 9:15,57253.35,57286.15,56916.65,57029.1
7/22/2025 10:15,57029.75,57122.3,56863.7,56916.05
7/22/2025 11:15,56917.15,56923.1,56807.25,56882.6
7/22/2025 12:15,56884.7,56969.7,56873.95,56888.45
7/22/2025 13:15,56887.75,56897.3,56791.45,56827.2
7/22/2025 14:15,56828,56841.6,56730.45,56769.5
7/22/2025 15:15,56771.25,56784.9,56692,56721.75
7/23/2025 9:15,56918.15,56949.6,56715.8,56761.1
7/23/2025 10:15,56759.25,56881.7,56727.3,56862.55
7/23/2025 11:15,56859.45,56957.65,56785.25,56939.7
7/23/2025 12:15,56938.2,57096.65,56934.15,57049.5
7/23/2025 13:15,57050.5,57194.3,57025.95,57194.3
7/23/2025 14:15,57192.25,57249,57138.05,57212.9
7/23/2025 15:15,57212.9,57219.45,57176.2,57191.65
7/24/2025 9:15,57316.6,57316.6,56993,56998.05
7/24/2025 10:15,56997.75,57107.25,56978.2,57031.3
7/24/2025 11:15,57031.3,57078.7,56850.9,56905.95
7/24/2025 12:15,56905.45,56981.75,56854.15,56931.8
7/24/2025 13:15,56931.9,57148.7,56913.05,57107.75
7/24/2025 14:15,57106.85,57151.05,57050.95,57074.75
7/24/2025 15:15,57074.75,57086.7,57001.55,57033.7
7/25/2025 9:15,57170.7,57170.7,56869.3,56941.8
7/25/2025 10:15,56940.95,56940.95,56644,56657.75
7/25/2025 11:15,56659.55,56778.8,56526.35,56547.7
7/25/2025 12:15,56547.35,56600.3,56465.1,56554.55
7/25/2025 13:15,56554.25,56610.9,56439.4,56504.15
7/25/2025 14:15,56504.25,56564.15,56463.85,56551.9
7/25/2025 15:15,56551.9,56553.55,56475.75,56520.45
7/28/2025 9:15,56215.1,56522.2,56186.85,56478.6
7/28/2025 10:15,56478.05,56578.4,56331.6,56418
7/28/2025 11:15,56418.1,56477.4,56335.5,56361.05
7/28/2025 12:15,56361.3,56414.15,56147.3,56163
7/28/2025 13:15,56162.95,56176.4,55997.45,56060.3
7/28/2025 14:15,56064.75,56178.55,56040.35,56074.5
7/28/2025 15:15,56074.5,56113.35,56051.95,56053.3
7/29/2025 9:15,55881.8,56148.95,55843.25,56048
7/29/2025 10:15,56049.85,56067.05,55897.95,55962.7
7/29/2025 11:15,55963.9,56094.45,55955.7,56037.2
7/29/2025 12:15,56040.8,56102.95,55980.95,56084.55
7/29/2025 13:15,56083.3,56296.4,56075.05,56251.35
7/29/2025 14:15,56250.75,56282.75,56082.1,56205.5
7/29/2025 15:15,56205.5,56279.3,56202.4,56230.15
7/30/2025 9:15,56310.1,56320.35,56104.65,56201.95
7/30/2025 10:15,56201.35,56211.6,56064.55,56210.1
7/30/2025 11:15,56207.7,56321.15,56191.5,56233.15
7/30/2025 12:15,56233.5,56292.75,56156.7,56190.55
7/30/2025 13:15,56189.65,56264.9,56152.75,56188.2
7/30/2025 14:15,56184.85,56255.35,56133.25,56140.85
7/30/2025 15:15,56140.85,56160.9,56098.5,56114.6
7/31/2025 9:15,55728.15,55959.4,55561.65,55607.2
7/31/2025 10:15,55606.75,55877.55,55547.35,55809.35
7/31/2025 11:15,55808.85,56121.75,55789.55,56091.55
7/31/2025 12:15,56089.95,56362.6,56076.6,56306.55
7/31/2025 13:15,56304.55,56406.2,56261.8,56308
7/31/2025 14:15,56307.2,56312.2,55937.9,55967.65
7/31/2025 15:15,55967.65,56005.55,55906.45,55992.65
8/1/2025 9:15,55897.15,55986.45,55774.7,55982
8/1/2025 10:15,55984.25,56097.6,55883.4,55896.95
8/1/2025 11:15,55897.65,55906.85,55755.7,55807.2
8/1/2025 12:15,55808.7,55895.55,55729.35,55809.45
8/1/2025 13:15,55809.7,55923.05,55743.8,55792.85
8/1/2025 14:15,55793.2,55814.65,55562.1,55591.55
8/1/2025 15:15,55591.55,55658.9,55570.05,55636.15
8/4/2025 9:15,55557.5,55752.45,55437.3,55528.05
8/4/2025 10:15,55528.15,55652,55462.75,55578.65
8/4/2025 11:15,55578.75,55670.6,55541.3,55635.65
8/4/2025 12:15,55637.7,55721.2,55604.45,55631.3
8/4/2025 13:15,55631,55689.85,55511.9,55614.8
8/4/2025 14:15,55611.2,55657.25,55568.7,55613.65
8/4/2025 15:15,55613.4,55656.95,55612.9,55643.95
8/5/2025 9:15,55545.05,55648.15,55419.35,55481.3
8/5/2025 10:15,55480.95,55506.2,55370.2,55456.85
8/5/2025 11:15,55460.15,55520.3,55409.05,55492.55
8/5/2025 12:15,55496.05,55518.95,55374.1,55394.35
8/5/2025 13:15,55391.8,55396.15,55202.85,55250.35
8/5/2025 14:15,55249.8,55403.8,55219.25,55398.9
8/5/2025 15:15,55399.55,55410.45,55332.4,55392.5
8/6/2025 9:15,55329.8,55507.2,55276.15,55354.2
8/6/2025 10:15,55354.55,55499.65,55227.7,55270.45
8/6/2025 11:15,55270.05,55365.85,55242.25,55338.65
8/6/2025 12:15,55337.8,55463.25,55335.2,55444.1
8/6/2025 13:15,55444.7,55559.4,55408.1,55420.2
8/6/2025 14:15,55418.45,55488.3,55310.4,55397.25
8/6/2025 15:15,55397.25,55470.8,55392.15,55422.25
8/7/2025 9:15,55215.65,55364.7,55148.3,55173.25
8/7/2025 10:15,55173.25,55205.8,55076.4,55111.45
8/7/2025 11:15,55113.35,55202.75,55096.7,55172.4
8/7/2025 12:15,55175,55196.25,55092.25,55115.8
8/7/2025 13:15,55115.4,55142.45,54973.55,55124.3
8/7/2025 14:15,55122.4,55551.8,55122.4,55513.4
8/7/2025 15:15,55513.4,55614.8,55507.2,55591.35
8/8/2025 9:15,55609.35,55652.6,55230.3,55252.35
8/8/2025 10:15,55243.6,55324.1,55157.5,55210.85
8/8/2025 11:15,55213.35,55221.25,55078.6,55114.1
8/8/2025 12:15,55114.8,55272.25,55087.9,55137.95
8/8/2025 13:15,55137.45,55200.3,55059.75,55122.05
8/8/2025 14:15,55123.25,55183.7,54927.15,54985.55
8/8/2025 15:15,54985.55,55023.9,54905.6,54905.6
8/11/2025 9:15,54999.35,55249.4,54927.55,55215.75
8/11/2025 10:15,55216.2,55319.7,55201.85,55233.75
8/11/2025 11:15,55236.5,55303.85,55128.8,55167.85
8/11/2025 12:15,55169.45,55321.95,55143.15,55226.05
8/11/2025 13:15,55226.25,55412.8,55208.9,55403.7
8/11/2025 14:15,55405.95,55553.4,55362.25,55518.95
8/11/2025 15:15,55518.95,55582.15,55418.5,55423.55
8/12/2025 9:15,55441.1,55566.7,55217.3,55449.35
8/12/2025 10:15,55448.35,55486.5,55188.85,55201.8
8/12/2025 11:15,55201.65,55298.9,55193.7,55265.2
8/12/2025 12:15,55265.6,55408.75,55257.45,55320.55
8/12/2025 13:15,55320.55,55320.6,55114.9,55133.9
8/12/2025 14:15,55139.95,55164.6,55001.5,55043.05
8/12/2025 15:15,55043.05,55085.75,55013.2,55039.35
8/13/2025 9:15,55340.05,55340.05,55094.85,55119.35
8/13/2025 10:15,55123.45,55170.95,55026.95,55118.35
8/13/2025 11:15,55117.55,55161.1,55031.8,55099.6
8/13/2025 12:15,55100.6,55234.1,55073.6,55172.1
8/13/2025 13:15,55181.5,55271.9,55110.4,55256.35
8/13/2025 14:15,55255.55,55263.25,55160.35,55172.8
8/13/2025 15:15,55172.8,55207.3,55159.7,55189.05
8/14/2025 9:15,55102.55,55419.9,55074.3,55344.8
8/14/2025 10:15,55344.1,55472.8,55292.7,55300.55
8/14/2025 11:15,55306.7,55361,55230.05,55328.65
8/14/2025 12:15,55331.2,55442.8,55328,55395.65
8/14/2025 13:15,55395.45,55429.45,55304.55,55355.3
8/14/2025 14:15,55350.9,55426.2,55254.9,55340.75
8/14/2025 15:15,55340.75,55355.9,55288.5,55318.05
8/18/2025 9:15,55940.6,56156.3,55822.7,56030.95
8/18/2025 10:15,56028.3,56070.2,55892.1,55909.85
8/18/2025 11:15,55910,56011.8,55711.3,55711.3
8/18/2025 12:15,55715.75,55831.6,55647.65,55818.5
8/18/2025 13:15,55818.7,55836.05,55692.8,55777.7
8/18/2025 14:15,55776.65,55845.6,55722.05,55727.4
8/18/2025 15:15,55727.4,55765.85,55701.3,55745.55
8/19/2025 9:15,55622.3,55791.8,55608.15,55700.35
8/19/2025 10:15,55699.45,55812,55644.95,55789.25
8/19/2025 11:15,55793.7,55915.35,55769.1,55905.5
8/19/2025 12:15,55905.7,55965.55,55852.9,55911.8
8/19/2025 13:15,55911.5,55939.7,55724.6,55763.95
8/19/2025 14:15,55769.35,55903.6,55740.8,55856.4
8/19/2025 15:15,55856.4,55888.5,55836.9,55849.8
8/20/2025 9:15,55751.5,55812.6,55577.35,55724.5
8/20/2025 10:15,55726.45,55739.15,55609,55676.3
8/20/2025 11:15,55676.3,55686.85,55612.7,55654.75
8/20/2025 12:15,55654.75,55739.1,55642.9,55706.55
8/20/2025 13:15,55706.9,55785.6,55662.7,55759.9
8/20/2025 14:15,55761,55768.55,55650.6,55696.2
8/20/2025 15:15,55696.2,55728.95,55677.75,55702.1
8/21/2025 9:15,55972.05,55993.65,55720.45,55915.1
8/21/2025 10:15,55913.15,55965.7,55876.05,55903.5
8/21/2025 11:15,55905.05,55928.1,55780.1,55786.35
8/21/2025 12:15,55787.35,55838.65,55754.4,55815.35
8/21/2025 13:15,55814.65,55838.4,55725.95,55836.9
8/21/2025 14:15,55837.65,55894.65,55730.65,55741.7
8/21/2025 15:15,55742.5,55756.7,55708.2,55733.9
8/22/2025 9:15,55669.25,55745,55300.9,55342.4
8/22/2025 10:15,55336.95,55342.15,55218.35,55293.75
8/22/2025 11:15,55293.2,55370.9,55245.35,55314.8
8/22/2025 12:15,55315.3,55344.3,55281.75,55316.15
8/22/2025 13:15,55311.95,55360.2,55276.95,55284.85
8/22/2025 14:15,55286.05,55287.2,55137.3,55163.85
8/22/2025 15:15,55163.85,55170.3,55102.6,55152.45
8/25/2025 9:15,55147.75,55306,55060.25,55076.45
8/25/2025 10:15,55076.8,55164.3,55048.4,55111.9
8/25/2025 11:15,55112.2,55201.2,55100.05,55183.2
8/25/2025 12:15,55183.75,55248.65,55175.25,55240.85
8/25/2025 13:15,55241.85,55246.05,55183.6,55219.35
8/25/2025 14:15,55219,55260.2,55112.1,55121
8/25/2025 15:15,55122.45,55192.35,55117,55161.75
8/26/2025 9:15,54999.05,55068.9,54478.4,54596.6
8/26/2025 10:15,54595,54653.85,54528.95,54608.55
8/26/2025 11:15,54605.6,54717.45,54595.45,54609.9
8/26/2025 12:15,54610.05,54639.85,54551.75,54616.1
8/26/2025 13:15,54615.85,54643.5,54462.7,54483.55
8/26/2025 14:15,54483,54545.45,54409.2,54421.05
8/26/2025 15:15,54426.25,54478.8,54396.1,54416.45
8/28/2025 9:15,54256,54382.25,53916.1,54058.3
8/28/2025 10:15,54054.95,54353.3,54004.55,54245
8/28/2025 11:15,54244.35,54336.8,54126.25,54188.1
8/28/2025 12:15,54190.6,54204.9,53967.25,53990.15
8/28/2025 13:15,54000.35,54047.65,53908.8,54015.75
8/28/2025 14:15,54010.8,54036.8,53768.45,53827.45
8/28/2025 15:15,53827.45,53956.8,53805.45,53894.25
8/29/2025 9:15,53660.35,54006.95,53660.35,53887.35
8/29/2025 10:15,53887.7,54086,53868.25,53986.15
8/29/2025 11:15,53985.65,54039.55,53922.8,53991.65
8/29/2025 12:15,53990.05,53991.7,53805.65,53808.45
8/29/2025 13:15,53807.8,53871.85,53724.1,53794.5
8/29/2025 14:15,53794.45,53839.9,53606.9,53606.9
8/29/2025 15:15,53609.25,53748.35,53606.45,53692.85
9/1/2025 9:15,53658.15,53988.25,53658.15,53864.15
9/1/2025 10:15,53860.9,53896.4,53755.75,53829.15
9/1/2025 11:15,53828.8,53857.7,53717,53788.95
9/1/2025 12:15,53789.05,53919.05,53761.4,53917.5
9/1/2025 13:15,53916.1,53949.95,53878.9,53935.3
9/1/2025 14:15,53933.95,54017.7,53873.25,54002.95
9/1/2025 15:15,54002.95,54035.85,53984.95,53993.4
9/2/2025 9:15,54038.25,54160.95,53912.2,54096.9
9/2/2025 10:15,54096.65,54140.45,54045.85,54104.55
9/2/2025 11:15,54101.2,54103.25,54003.75,54016.95
9/2/2025 12:15,54018.2,54093.8,53961.75,53985.6
9/2/2025 13:15,53987.25,53998.1,53578,53652.5
9/2/2025 14:15,53643.3,53765.95,53624.2,53670.2
9/2/2025 15:15,53670.2,53691.1,53619.9,53627.25
9/3/2025 9:15,53630.75,53866.75,53561.75,53853.7
9/3/2025 10:15,53851.85,53855.35,53667.3,53706.5
9/3/2025 11:15,53705,53755.15,53647.75,53750.95
9/3/2025 12:15,53749.5,53814.65,53633.95,53679.85
9/3/2025 13:15,53680.95,53892.3,53669.45,53862.8
9/3/2025 14:15,53863.5,54136.15,53856.7,54096.1
9/3/2025 15:15,54096.1,54100.8,54028,54071.75
9/4/2025 9:15,54379.6,54450.55,54195.7,54221.2
9/4/2025 10:15,54218.05,54307.25,54145.65,54198
9/4/2025 11:15,54197.65,54261.25,54132.25,54181.15
9/4/2025 12:15,54187.15,54273.95,54107.9,54221.7
9/4/2025 13:15,54222.5,54272.95,54095.1,54112.55
9/4/2025 14:15,54112.8,54175,53971.85,54041
9/4/2025 15:15,54041,54111.25,54037.3,54101.1
9/5/2025 9:15,54308.05,54308.05,53881.45,53882.9
9/5/2025 10:15,53883.25,53937.35,53746.2,53884.4
9/5/2025 11:15,53884.05,53920.25,53800.2,53800.2
9/5/2025 12:15,53802.7,53815,53719.55,53811.55
9/5/2025 13:15,53813.95,54139.9,53798.35,54028.65
9/5/2025 14:15,54034.35,54172.45,54014.75,54093.75
9/5/2025 15:15,54093.75,54127.7,54078.7,54098.2
9/8/2025 9:15,54215.4,54329.2,54088.7,54166.95
9/8/2025 10:15,54167.95,54210.5,54067.15,54207.7
9/8/2025 11:15,54210.15,54315.85,54199.05,54303.8
9/8/2025 12:15,54302,54382.8,54239.15,54366.5
9/8/2025 13:15,54366.65,54378.2,54280.6,54326.3
9/8/2025 14:15,54328.55,54518.7,54137.1,54184.85
9/8/2025 15:15,54182.65,54257.85,54153.95,54222.3
9/9/2025 9:15,54330.55,54350.65,54188.3,54197.05
9/9/2025 10:15,54200.85,54217,54133.7,54176.35
9/9/2025 11:15,54173,54217.45,54079.45,54127.25
9/9/2025 12:15,54127.45,54194.65,54092.3,54154.9
9/9/2025 13:15,54156.8,54252.15,54139.7,54244.9
9/9/2025 14:15,54244.6,54291.95,54145.35,54225.7
9/9/2025 15:15,54225.7,54241.4,54176.85,54228.2
9/10/2025 9:15,54554.75,54554.75,54400,54500.95
9/10/2025 10:15,54499,54705.2,54499,54627.15
9/10/2025 11:15,54627.55,54635.4,54533.35,54596.55
9/10/2025 12:15,54596.4,54629.35,54504.3,54506.6
9/10/2025 13:15,54506.65,54607.9,54477.4,54565.5
9/10/2025 14:15,54566.5,54572.6,54432.7,54552.9
9/10/2025 15:15,54552.9,54565.5,54513.1,54532.65
9/11/2025 9:15,54413.05,54649.85,54402.4,54547.85
9/11/2025 10:15,54547.85,54630.65,54540.7,54618.6
9/11/2025 11:15,54621.6,54646.25,54531.05,54642.5
9/11/2025 12:15,54645.45,54733.9,54637.55,54699
9/11/2025 13:15,54699.55,54750.85,54658.75,54734.5
9/11/2025 14:15,54735.7,54757.45,54612.8,54651.3
9/11/2025 15:15,54651,54693.35,54625.9,54644.6
9/12/2025 9:15,54781.55,54847.7,54580.35,54684.95
9/12/2025 10:15,54687.55,54745.4,54649.3,54731.85
9/12/2025 11:15,54733.75,54852.25,54723.45,54799.3
9/12/2025 12:15,54797.35,54839.9,54766.45,54820.5
9/12/2025 13:15,54819.5,54833.5,54749.85,54797.35
9/12/2025 14:15,54799.5,54828.85,54768.65,54812.6
9/12/2025 15:15,54811.9,54826.1,54779.65,54784.55
9/15/2025 9:15,54884.05,54953.15,54808.1,54895.5
9/15/2025 10:15,54895.75,54955.8,54862,54912.25
9/15/2025 11:15,54908.35,55018.7,54890.05,54987.6
9/15/2025 12:15,54988.7,55006.25,54917.05,54953.75
9/15/2025 13:15,54955.25,54969.6,54807.5,54889.6
9/15/2025 14:15,54888.1,54991.15,54874.1,54889.85
9/15/2025 15:15,54888.9,54898.05,54840.4,54852.7
9/16/2025 9:15,54778.4,55120.95,54777.75,55073.75
9/16/2025 10:15,55073.35,55117.1,55040.7,55094.05
9/16/2025 11:15,55095.9,55159.1,55063.65,55109.35
9/16/2025 12:15,55102.25,55175.15,55057.65,55091.15
9/16/2025 13:15,55090.6,55120.8,55026.35,55080.15
9/16/2025 14:15,55079.55,55178,55075.35,55141.25
9/16/2025 15:15,55144.5,55185.45,55121.5,55166.8
9/17/2025 9:15,55158.35,55371.6,55146.55,55286.35
9/17/2025 10:15,55286.1,55397.05,55234.55,55369.2
9/17/2025 11:15,55365.25,55371.6,55307.25,55368.25
9/17/2025 12:15,55368.15,55433.5,55354.9,55410.45
9/17/2025 13:15,55410.3,55451.55,55378.1,55396.3
9/17/2025 14:15,55395.95,55540.75,55376.7,55497.25
9/17/2025 15:15,55497.25,55501.35,55444.65,55480.85
9/18/2025 9:15,55797.1,55835.25,55611.55,55761.05
9/18/2025 10:15,55764.05,55826.45,55736.4,55775.9
9/18/2025 11:15,55783.6,55810.85,55720.95,55752
9/18/2025 12:15,55754.45,55777.7,55490.9,55570.85
9/18/2025 13:15,55569.45,55667.05,55531.4,55604.6
9/18/2025 14:15,55609.4,55757.15,55524.35,55732.6
9/18/2025 15:15,55732.65,55764.7,55700.65,55716.5
9/19/2025 9:15,55647.95,55688.75,55461.8,55516
9/19/2025 10:15,55517.45,55598.65,55412,55434.5
9/19/2025 11:15,55433.5,55471,55380.65,55444.25
9/19/2025 12:15,55448,55482.45,55355.3,55471.45
9/19/2025 13:15,55474.25,55536.1,55457.25,55518.6
9/19/2025 14:15,55517.95,55534.45,55413.8,55465.6
9/19/2025 15:15,55465.6,55507.3,55437.65,55494.1
9/22/2025 9:15,55429.3,55620.9,55315.55,55581.2
9/22/2025 10:15,55581.95,55666.35,55532.4,55550.25
9/22/2025 11:15,55550.85,55582.35,55472.7,55541.15
9/22/2025 12:15,55540.95,55619.5,55520.2,55586.25
9/22/2025 13:15,55587.9,55588.25,55412.9,55480.4
9/22/2025 14:15,55482.6,55484.15,55215.6,55273.65
9/22/2025 15:15,55273.45,55320.1,55261.15,55296
9/23/2025 9:15,55248.7,55367.6,55159,55317.65
9/23/2025 10:15,55316.3,55329.15,55199.8,55214.2
9/23/2025 11:15,55214.85,55322.3,55181.55,55317.9
9/23/2025 12:15,55317.05,55581.3,55303.05,55522.85
9/23/2025 13:15,55522.75,55662,55507,55544.5
9/23/2025 14:15,55546.35,55604.2,55474.3,55512.5
9/23/2025 15:15,55512.5,55561.35,55496.65,55555.65
9/24/2025 9:15,55387.1,55511.1,55226.6,55321.5
9/24/2025 10:15,55322.1,55355.6,55051.85,55121.15
9/24/2025 11:15,55121.65,55158.35,55081.35,55156.7
9/24/2025 12:15,55156.15,55241.5,55118.55,55235.55
9/24/2025 13:15,55234.4,55283.75,55123.35,55136.2
9/24/2025 14:15,55136.4,55176.8,55040.45,55144.35
9/24/2025 15:15,55144.35,55157,55111.95,55131.4
9/25/2025 9:15,55061.65,55252.8,54993.55,55153.05
9/25/2025 10:15,55153,55191.8,55071.6,55136.4
9/25/2025 11:15,55136.95,55190.65,55020.2,55069.55
9/25/2025 12:15,55066.25,55276.65,55055.1,55216.9
9/25/2025 13:15,55221,55256.2,55137.3,55192.15
9/25/2025 14:15,55186.6,55204.65,54928.7,54944.9
9/25/2025 15:15,54946.65,54977,54903.3,54950.95
9/26/2025 9:15,54797.9,54897,54593.2,54650.45
9/26/2025 10:15,54651.95,54719.35,54538.45,54562.6
9/26/2025 11:15,54566.45,54593.2,54499.95,54560.55
9/26/2025 12:15,54560.4,54630.05,54528.4,54564.75
9/26/2025 13:15,54565.95,54578.45,54310.95,54372.7
9/26/2025 14:15,54371.3,54429.3,54324.55,54394.55
9/26/2025 15:15,54394.55,54422.2,54371.2,54417.35
9/29/2025 9:15,54460.4,54625.7,54366.2,54585.1
9/29/2025 10:15,54585.1,54686.05,54503.8,54517
9/29/2025 11:15,54514,54519.45,54253.75,54279.5
9/29/2025 12:15,54279.5,54504.3,54226.6,54497.4
9/29/2025 13:15,54500.35,54672.05,54421.2,54607.15
9/29/2025 14:15,54610.2,54649.15,54383.95,54471.75
9/29/2025 15:15,54471.75,54586.45,54445.25,54541.35
9/30/2025 9:15,54705.5,54793.05,54564.65,54578.8
9/30/2025 10:15,54579,54672.85,54502.95,54645.25
9/30/2025 11:15,54645.5,54690.95,54562.55,54670.3
9/30/2025 12:15,54670.65,54771.15,54667.5,54732.25
9/30/2025 13:15,54732.2,54761.15,54560.65,54610.1
9/30/2025 14:15,54614.05,54717.1,54538.5,54665.45
9/30/2025 15:15,54665.45,54686.4,54625.8,54679.75
10/1/2025 9:15,54653.9,54968.1,54582.55,54940.65
10/1/2025 10:15,54937.25,55080.55,54855.95,55079.1
10/1/2025 11:15,55078.1,55394.35,55077.6,55290.4
10/1/2025 12:15,55289.9,55317.8,55179.75,55267.05
10/1/2025 13:15,55266.5,55391.2,55226.4,55337.95
10/1/2025 14:15,55341.7,55406.75,55294.3,55312.2
10/1/2025 15:15,55312.2,55390.45,55307.05,55386.65
10/3/2025 9:15,55182.6,55536.25,55177,55466.9
10/3/2025 10:15,55466.05,55478.05,55331.4,55460.9
10/3/2025 11:15,55463.4,55579.85,55413,55531.65
10/3/2025 12:15,55529.65,55567.95,55452.85,55559.5
10/3/2025 13:15,55555,55557.95,55463.1,55488.8
10/3/2025 14:15,55490.65,55616.45,55489,55582.8
10/3/2025 15:15,55582.8,55608.4,55543.25,55596.95
10/6/2025 9:15,55834.7,55975.15,55727.25,55967.65
10/6/2025 10:15,55971.15,56052.7,55920.9,56041.8
10/6/2025 11:15,56041.8,56066.85,55953.1,56065.8
10/6/2025 12:15,56065.35,56164.2,56046.65,56147.3
10/6/2025 13:15,56144.35,56159.05,55980.9,56063.1
10/6/2025 14:15,56064.55,56130.65,56008.7,56113.15
10/6/2025 15:15,56113.15,56113.85,56052.2,56087.6
10/7/2025 9:15,56126.4,56384.25,56025.05,56331
10/7/2025 10:15,56333.85,56373.8,56290.55,56308.3
10/7/2025 11:15,56311.35,56431.35,56171.15,56391.75
10/7/2025 12:15,56392.35,56444.45,56346.6,56417.55
10/7/2025 13:15,56415.85,56502.45,56358,56450.55
10/7/2025 14:15,56447.55,56463.55,56197.55,56214.35
10/7/2025 15:15,56214.35,56248.35,56159.85,56215.6
10/8/2025 9:15,56098.5,56303.6,56038.75,56103.45
10/8/2025 10:15,56101.65,56119.7,55855.8,55857.55
10/8/2025 11:15,55859.2,55985,55821,55947.75
10/8/2025 12:15,55944.8,56144.8,55858.2,56110.15
10/8/2025 13:15,56109,56225.8,56019.85,56079.25
10/8/2025 14:15,56085.85,56112.25,55988.75,55990.5
10/8/2025 15:15,55990.5,56025.4,55927,55938.35
10/9/2025 9:15,55979,56076.25,55843.9,55913.5
10/9/2025 10:15,55912.9,56175.1,55901.25,56159.55
10/9/2025 11:15,56157.85,56286.25,56133,56167.35
10/9/2025 12:15,56165.5,56222.25,56035.85,56086.3
10/9/2025 13:15,56088.65,56276.5,56084.45,56173.35
10/9/2025 14:15,56174.9,56243.2,56079.55,56170.55
10/9/2025 15:15,56170.55,56210.1,56121,56124.35
10/10/2025 9:15,56168.6,56555.9,56152.45,56534.1
10/10/2025 10:15,56533.2,56661.35,56533.2,56641.9
10/10/2025 11:15,56641,56655.85,56567.6,56617.15
10/10/2025 12:15,56617.9,56736.65,56589.6,56670.5
10/10/2025 13:15,56672.05,56760.25,56648.5,56706.4
10/10/2025 14:15,56703.25,56735.05,56560.25,56603.25
10/10/2025 15:15,56603.25,56649.75,56588,56620.95
10/13/2025 9:15,56337.05,56565.8,56327.4,56518.45
10/13/2025 10:15,56514.3,56683.3,56480.85,56614.15
10/13/2025 11:15,56611.35,56675.05,56538.9,56600.25
10/13/2025 12:15,56593.35,56652.85,56540.5,56646.35
10/13/2025 13:15,56643.7,56667.05,56537.15,56612.25
10/13/2025 14:15,56627.25,56770.9,56589.3,56609.15
10/13/2025 15:15,56609.15,56649.85,56605.25,56633.1
10/14/2025 9:15,56598.65,56721.3,56473.65,56536.3
10/14/2025 10:15,56536.5,56604.8,56405.1,56428.6
10/14/2025 11:15,56426.2,56426.8,56268.95,56294.05
10/14/2025 12:15,56293.2,56357.5,56230.15,56280.05
10/14/2025 13:15,56280.3,56416.2,56255.7,56400.85
10/14/2025 14:15,56399.55,56552.15,56334.3,56502.45
10/14/2025 15:15,56502.45,56527,56429.35,56478.55
10/15/2025 9:15,56528.95,56702.85,56491.85,56665.95
10/15/2025 10:15,56662.6,56845.75,56662.6,56758.75
10/15/2025 11:15,56759,56805.05,56716.85,56726.5
10/15/2025 12:15,56727.2,56880.3,56695.35,56828.35
10/15/2025 13:15,56828.45,56922.7,56746.65,56788.2
10/15/2025 14:15,56790.4,56836.9,56703.1,56812.2
10/15/2025 15:15,56812.2,56850.5,56793.7,56818.5
10/16/2025 9:15,57139.95,57225.35,56994.7,57005.5
10/16/2025 10:15,57008.9,57148.05,57004.1,57116.2
10/16/2025 11:15,57115.85,57141.9,57078.7,57134.25
10/16/2025 12:15,57131.8,57314.1,57129.95,57311
10/16/2025 13:15,57310.15,57483.9,57275.35,57426.6
10/16/2025 14:15,57426.3,57525.8,57376.65,57405.45
10/16/2025 15:15,57401.05,57448.45,57373.25,57373.25
10/17/2025 9:15,57362.9,57568.55,57238.65,57536.75
10/17/2025 10:15,57536.55,57828.3,57503.55,57809.35
10/17/2025 11:15,57807.75,57826.5,57644.6,57763.4
10/17/2025 12:15,57765.85,57830.2,57465.3,57534.1
10/17/2025 13:15,57534.2,57652.05,57396.8,57570.15
10/17/2025 14:15,57565.45,57763.75,57488.3,57698.6
10/17/2025 15:15,57698.6,57751.3,57682.35,57724
10/20/2025 9:15,57872.85,58233.65,57872.85,58059.15
10/20/2025 10:15,58059.6,58242.5,58020.45,58199.05
10/20/2025 11:15,58199.8,58216.95,58118.5,58192.6
10/20/2025 12:15,58193.75,58232.35,58118.65,58221.85
10/20/2025 13:15,58219.85,58261.55,58116.8,58160.55
10/20/2025 14:15,58158.95,58211.45,57948.85,58045.65
10/20/2025 15:15,58045.65,58075.6,58017.25,58051
10/21/2025 13:45,58063.4,58155.55,57887.2,57908.5
10/23/2025 9:15,58314.55,58542.85,58157.6,58533.15
10/23/2025 10:15,58534,58555.15,58414.65,58513
10/23/2025 11:15,58512.6,58560.6,58463.8,58532.5
10/23/2025 12:15,58526.75,58577.5,58378.15,58461.35
10/23/2025 13:15,58454.2,58529.05,58205.95,58238.7
10/23/2025 14:15,58237.65,58297.2,58020.15,58020.15
10/23/2025 15:15,58032.15,58091.8,57951.45,57981.1
10/24/2025 9:15,58172.75,58232.9,57985.35,58002
10/24/2025 10:15,57996.75,57999.65,57777.05,57855.05
10/24/2025 11:15,57853.65,57888.75,57735,57861.6
10/24/2025 12:15,57861.6,57915.15,57669.35,57737.95
10/24/2025 13:15,57733.9,57752.25,57482.05,57613.4
10/24/2025 14:15,57612.45,57718.25,57565.95,57709
10/24/2025 15:15,57707.55,57750.45,57691,57741.5
10/27/2025 9:15,57796.45,58077.65,57652.75,58054.75
10/27/2025 10:15,58052.25,58173.55,58049.5,58130.55
10/27/2025 11:15,58125.65,58195.95,58035.6,58161.3
10/27/2025 12:15,58163.1,58179.6,58039.15,58077.4
10/27/2025 13:15,58080.85,58083.3,57951.2,58013.95
10/27/2025 14:15,58013.4,58123.35,57978,58053.9
10/27/2025 15:15,58053.9,58224.55,58046,58198.6
10/28/2025 9:15,58006.55,58313.8,57862.9,57928.95
10/28/2025 10:15,57934.95,57964.35,57770.35,57818.1
10/28/2025 11:15,57817.55,57966.75,57797.25,57914.55
10/28/2025 12:15,57915.7,58186.85,57870.2,58141.2
10/28/2025 13:15,58138.2,58212.2,57998.2,58078
10/28/2025 14:15,58072.55,58253.6,57937.85,58244.35
10/28/2025 15:15,58242.6,58305,58216.4,58271.55
10/29/2025 9:15,58316.25,58372.55,58091.8,58148.35
10/29/2025 10:15,58149.75,58280.35,58087.05,58160.85
10/29/2025 11:15,58158.6,58335.25,58156.1,58307.4
10/29/2025 12:15,58310.1,58368.35,58269.05,58363.35
10/29/2025 13:15,58361.95,58469.9,58321.9,58404.85
10/29/2025 14:15,58404.05,58458.2,58322.45,58367
10/29/2025 15:15,58367,58419.65,58367,58399.05
10/30/2025 9:15,58152.05,58331.2,58075.55,58264.05
10/30/2025 10:15,58262.75,58307.7,58158.85,58243.65
10/30/2025 11:15,58242.45,58263.85,58131.55,58159.85
10/30/2025 12:15,58159.9,58253.9,58121.85,58242.6
10/30/2025 13:15,58240.55,58282.55,58081.15,58132.6
10/30/2025 14:15,58131.85,58187.15,57999.2,58024.55
10/30/2025 15:15,58024.55,58067.1,58007.85,58067.1
10/31/2025 9:15,57942.45,58254.95,57928.4,58031.4
10/31/2025 10:15,58033.85,58033.85,57656.95,57758.3
10/31/2025 11:15,57759.35,58046.2,57726.4,57955.65
10/31/2025 12:15,57954.4,58002.5,57898.9,57937
10/31/2025 13:15,57933.35,57961.5,57801.65,57858.1
10/31/2025 14:15,57857.2,57946.65,57751.3,57765.45
10/31/2025 15:15,57764,57808.35,57743.15,57778.75
11/3/2025 9:15,57726.85,58064.75,57718.4,57995.6
11/3/2025 10:15,57995.05,58125.95,57942.3,58075.65
11/3/2025 11:15,58075.5,58080.2,57939.6,58042.3
11/3/2025 12:15,58040.4,58155.1,57984.45,58142.9
11/3/2025 13:15,58142.1,58211.6,58054.35,58191.85
11/3/2025 14:15,58191.25,58247.55,58058.45,58104.7
11/3/2025 15:15,58102.8,58147.25,58092.5,58116.25
11/4/2025 9:15,57966.65,58119.65,57868.6,57919.45
11/4/2025 10:15,57919.6,58051.95,57852,57946.3
11/4/2025 11:15,57950.35,57972.85,57803.1,57897.25
11/4/2025 12:15,57900.2,57924.35,57819.75,57846.4
11/4/2025 13:15,57841.05,57983.7,57812.05,57854
11/4/2025 14:15,57856.55,57911.9,57801.6,57843.65
11/4/2025 15:15,57839.55,57851.9,57732.95,57778.95
11/6/2025 9:15,57714.8,57945.05,57609.2,57618.5
11/6/2025 10:15,57616.85,57702.95,57598.8,57628.3
11/6/2025 11:15,57628.7,57669.15,57521.95,57596.05
11/6/2025 12:15,57597.3,57762.55,57536.75,57687.65
11/6/2025 13:15,57684.25,57743.3,57573.4,57687.75
11/6/2025 14:15,57686.25,57692.15,57527.95,57545.45
11/6/2025 15:15,57545.45,57594.5,57521,57573.95
11/7/2025 9:15,57391.4,57433.05,57157.85,57285.55
11/7/2025 10:15,57283.95,57572.9,57266.75,57560.95
11/7/2025 11:15,57564.2,57816.15,57553.55,57692.7
11/7/2025 12:15,57695.95,57931.45,57679.3,57873.4
11/7/2025 13:15,57874.85,58001.35,57768.2,57828.25
11/7/2025 14:15,57830.8,57982.1,57815,57869.2
11/7/2025 15:15,57869.2,57940.95,57869.2,57907.7
11/10/2025 9:15,57846.2,58070,57846.2,57977.75
11/10/2025 10:15,57976.65,58065,57919.8,58014.9
11/10/2025 11:15,58019.6,58077.8,57981.9,57986.05
11/10/2025 12:15,57991.45,58085.8,57982.1,58016.8
11/10/2025 13:15,58019.6,58057.25,57930.4,58004.45
11/10/2025 14:15,58008.55,58097.2,57924.05,57938.75
11/10/2025 15:15,57938.75,57966.75,57877.45,57893
11/11/2025 9:15,57962.3,58082.45,57708,57716.9
11/11/2025 10:15,57717.5,57773.65,57594.25,57733.95
11/11/2025 11:15,57731.2,57869.9,57691.8,57850.95
11/11/2025 12:15,57851.25,57964.2,57832.3,57954.25
11/11/2025 13:15,57959.35,58146.35,57956.7,58007.35
11/11/2025 14:15,58007.8,58167.4,58001.55,58142.9
11/11/2025 15:15,58142.9,58187.35,58121.65,58148.05
11/12/2025 9:15,58505.35,58507.7,58274.25,58307.6
11/12/2025 10:15,58307.7,58370.1,58223,58333
11/12/2025 11:15,58330.75,58398.25,58293.15,58322.3
11/12/2025 12:15,58322.2,58471.5,58322.2,58428.3
11/12/2025 13:15,58429.15,58471.6,58303.55,58349.5
11/12/2025 14:15,58349.1,58418.55,58286.55,58297.3
11/12/2025 15:15,58297.3,58298.9,58171.85,58211.45
11/13/2025 9:15,58158.75,58487.2,58127.1,58456.9
11/13/2025 10:15,58456.25,58609.2,58456.25,58552.15
11/13/2025 11:15,58553.55,58615.45,58510.75,58595.45
11/13/2025 12:15,58598.4,58615.95,58477.85,58569.9
11/13/2025 13:15,58574.75,58605.6,58336,58380.1
11/13/2025 14:15,58380.75,58471.4,58343.95,58374.1
11/13/2025 15:15,58371.2,58439.85,58360.5,58387.5
11/14/2025 9:15,58050,58467.9,58050,58229.65
11/14/2025 10:15,58230.7,58413.4,58170.35,58368.25
11/14/2025 11:15,58373.65,58402.65,58232.65,58341.5
11/14/2025 12:15,58342.25,58387.55,58246.3,58272.15
11/14/2025 13:15,58270.6,58323.05,58152.95,58218.65
11/14/2025 14:15,58211.2,58578.5,58166.4,58552.95
11/14/2025 15:15,58552.95,58590.15,58493.3,58535.9
11/17/2025 9:15,58696.3,58977.5,58605.3,58888.2
11/17/2025 10:15,58889.2,58979.85,58862.15,58929.1
11/17/2025 11:15,58929.2,58943.4,58836.15,58921.95
11/17/2025 12:15,58928.75,58996.2,58904.5,58961.6
11/17/2025 13:15,58962.3,59000.5,58911.1,58967
11/17/2025 14:15,58968.95,58973.2,58899.55,58957.35
11/17/2025 15:15,58957.35,59001.55,58948.95,58969.2
11/18/2025 9:15,58990.5,59026.85,58850.7,58885.15
11/18/2025 10:15,58884.65,59007.95,58878.45,59001.8
11/18/2025 11:15,58995.5,59049.1,58950,58985.6
11/18/2025 12:15,58985.8,59030.1,58947.3,58990.3
11/18/2025 13:15,58988,59103.65,58988,59072
11/18/2025 14:15,59071.7,59086.45,58877.1,58880.4
11/18/2025 15:15,58880.4,58912.25,58798.9,58835.85
11/19/2025 9:15,58908.15,58952.75,58688.55,58871.75
11/19/2025 10:15,58872.3,58909.6,58783.35,58783.9
11/19/2025 11:15,58783.95,58940.05,58767.05,58925.9
11/19/2025 12:15,58926.7,59082.1,58913.5,59060.05
11/19/2025 13:15,59059,59128.65,58930.8,59119.95
11/19/2025 14:15,59117.6,59264.25,59115.25,59225.65
11/19/2025 15:15,59228.15,59232.6,59173.65,59207.95
11/20/2025 9:15,59308.2,59326.65,59125.25,59170.6
11/20/2025 10:15,59171.3,59249.85,59128.8,59206.9
11/20/2025 11:15,59208.2,59265.2,59199.15,59231.1
11/20/2025 12:15,59230.75,59380.1,59186.6,59322.45
11/20/2025 13:15,59322.45,59411.7,59314.35,59381.75
11/20/2025 14:15,59384.1,59440.1,59313.8,59350.9
11/20/2025 15:15,59350.9,59376.05,59310.8,59343.9
11/21/2025 9:15,59116.7,59232.15,58958.5,58991.55
11/21/2025 10:15,58994.4,58994.4,58833.15,58944.45
11/21/2025 11:15,58945,59032.6,58898.9,59027.5
11/21/2025 12:15,59032,59149.95,59008,59050.45
11/21/2025 13:15,59056.35,59113.5,58970.95,59109.45
11/21/2025 14:15,59109.5,59126.5,58861.5,58887.25
11/21/2025 15:15,58884.15,58912.35,58823.65,58851.85
11/24/2025 9:15,58996.9,59133.25,58891.8,59128.55
11/24/2025 10:15,59129.3,59239.7,59112.65,59186.85
11/24/2025 11:15,59186.5,59309.9,59164.65,59206.45
11/24/2025 12:15,59204.35,59267.95,59141.9,59247.45
11/24/2025 13:15,59252.7,59279.25,59141.7,59191.6
11/24/2025 14:15,59193.5,59193.5,58829.45,58836.65
11/24/2025 15:15,58836.65,58857.8,58649.5,58731.05
11/25/2025 9:15,58925.65,59051.4,58746.2,59026.6
11/25/2025 10:15,59030.8,59063.5,58755.85,58814.55
11/25/2025 11:15,58815.15,59008.35,58810.7,58958.3
11/25/2025 12:15,58962.95,58982.6,58836.9,58931.9
11/25/2025 13:15,58933.6,59140.55,58927.2,59127.85
11/25/2025 14:15,59129.1,59166.15,58747.25,58825.35
11/25/2025 15:15,58825.45,58851.6,58790.35,58810.8
11/26/2025 9:15,58783.05,59497.75,58783.05,59453.2
11/26/2025 10:15,59454.55,59515.3,59367.75,59442.4
11/26/2025 11:15,59442.55,59484.65,59373.65,59465.5
11/26/2025 12:15,59465.95,59524.05,59426,59506.6
11/26/2025 13:15,59506.5,59552.95,59432.1,59505.6
11/26/2025 14:15,59506.5,59541.5,59434.9,59538
11/26/2025 15:15,59538,59554.95,59508.35,59527.15
11/27/2025 9:15,59605.3,59804.65,59549.45,59765.9
11/27/2025 10:15,59771.9,59866.6,59684.6,59850.1
11/27/2025 11:15,59852.6,59861.15,59714.85,59758.2
11/27/2025 12:15,59758.2,59850.15,59649.3,59656.3
11/27/2025 13:15,59658.7,59698.45,59523,59665.4
11/27/2025 14:15,59668.8,59768.15,59616.85,59722.35
11/27/2025 15:15,59722.35,59782.2,59701.7,59764.15
11/28/2025 9:15,59758.7,59784.9,59598.95,59689.45
11/28/2025 10:15,59687.25,59871.5,59630.5,59860.8
11/28/2025 11:15,59863.3,59897.5,59764.85,59794.6
11/28/2025 12:15,59794.05,59836.85,59752.6,59774.35
11/28/2025 13:15,59775.15,59822.25,59712.15,59743.5
11/28/2025 14:15,59742.75,59826.9,59723.15,59739.6
11/28/2025 15:15,59739.6,59776.95,59722.8,59730.3
12/1/2025 9:15,60102.05,60114.05,59888.35,60067
12/1/2025 10:15,60064.3,60114.3,59968.85,60012.8
12/1/2025 11:15,60010,60020.75,59674.9,59702.45
12/1/2025 12:15,59700.55,59784.4,59633.05,59773.8
12/1/2025 13:15,59773.45,59815.95,59658.4,59776.25
12/1/2025 14:15,59776.8,59779.95,59527.6,59715
12/1/2025 15:15,59714,59715.4,59632.4,59697.15
12/2/2025 9:15,59354.2,59576.5,59304.25,59472.45
12/2/2025 10:15,59471.45,59656.55,59436.9,59565.45
12/2/2025 11:15,59567.3,59604.75,59469.2,59504.25
12/2/2025 12:15,59505.85,59586.8,59469.7,59490.3
12/2/2025 13:15,59491.55,59500.45,59428.9,59448.95
12/2/2025 14:15,59450.65,59476.2,59251.95,59294.15
12/2/2025 15:15,59294.15,59347.1,59256.2,59347.1
12/3/2025 9:15,59158.7,59356.75,59004.2,59043.1
12/3/2025 10:15,59043.1,59048.7,58931.05,58977.4
12/3/2025 11:15,58977.75,59190,58925.7,59158.5
12/3/2025 12:15,59156.55,59162.85,59062.55,59083.45
12/3/2025 13:15,59082.45,59145.5,59007.55,59114
12/3/2025 14:15,59113.3,59414.9,59077.55,59378.45
12/3/2025 15:15,59378.45,59398.25,59333.15,59333.15
12/4/2025 9:15,59287.1,59414.55,59180.35,59395.35
12/4/2025 10:15,59395.2,59548.7,59390.05,59408.8
12/4/2025 11:15,59410.35,59412.1,59225.45,59250.25
12/4/2025 12:15,59252.55,59290.5,59133.4,59180.1
12/4/2025 13:15,59179.4,59242.7,59062.15,59154.8
12/4/2025 14:15,59158.15,59314.5,59123.75,59283.45
12/4/2025 15:15,59283.45,59335.55,59251.75,59272.7
12/5/2025 9:15,59133.2,59658.65,59106.55,59557.15
12/5/2025 10:15,59558.65,59679.35,59345.05,59601.55
12/5/2025 11:15,59604,59643.65,59517.05,59520.15
12/5/2025 12:15,59518.35,59762.75,59505,59723.15
12/5/2025 13:15,59727.7,59777.35,59629.7,59711.35
12/5/2025 14:15,59711.6,59799.15,59599.55,59778.95
12/5/2025 15:15,59778.95,59806.6,59711.3,59735.8
12/8/2025 9:15,59672.05,59713.15,59462.45,59547.25
12/8/2025 10:15,59549.4,59620.65,59395.5,59436.85
12/8/2025 11:15,59435.65,59445.3,59346.4,59363.25
12/8/2025 12:15,59371.5,59406,59231.5,59342.25
12/8/2025 13:15,59342.35,59344.85,59068.45,59105.1
12/8/2025 14:15,59103.7,59310.5,59030.6,59249.55
12/8/2025 15:15,59248.7,59258.35,59110.8,59147.3
12/9/2025 9:15,58918.85,59103.45,58878.45,59055.1
12/9/2025 10:15,59056,59265.2,59022.05,59246.55
12/9/2025 11:15,59246.5,59284.85,59102.55,59249.7
12/9/2025 12:15,59249.7,59317.65,59158.9,59227.4
12/9/2025 13:15,59231.85,59358.25,59213.65,59275.85
12/9/2025 14:15,59273.8,59282.85,59170.6,59217.35
12/9/2025 15:15,59217.35,59230.95,59187,59212.1
12/10/2025 9:15,59281.55,59440.9,59185.55,59375.45
12/10/2025 10:15,59379.25,59427.7,59146,59212.9
12/10/2025 11:15,59214.55,59226.1,58973.75,59046.5
12/10/2025 12:15,59048.85,59062.55,58893.35,58964.8
12/10/2025 13:15,58963.9,59091.9,58869.85,58892.75
12/10/2025 14:15,58891.5,59009.55,58853.9,58963.7
12/10/2025 15:15,58964.95,58979.5,58910.3,58938.3
12/11/2025 9:15,58966.2,59117.25,58799.9,59082.2
12/11/2025 10:15,59083.85,59247.35,59077.95,59143.25
12/11/2025 11:15,59140.05,59417.4,59130.8,59345.5
12/11/2025 12:15,59352.1,59423.35,59139.9,59181.8
12/11/2025 13:15,59177.8,59302.25,59157.9,59209.3
12/11/2025 14:15,59209.3,59326.05,59135.65,59201.1
12/11/2025 15:15,59201.1,59225.3,59177.5,59204.6
12/12/2025 9:15,59401.5,59545.7,59337.8,59441.7
12/12/2025 10:15,59448.7,59482.55,59224.85,59285.4
12/12/2025 11:15,59285.4,59443.9,59282.6,59382.25
12/12/2025 12:15,59382.25,59418.4,59315.9,59378.7
12/12/2025 13:15,59378.4,59439.95,59310.6,59389.15
12/12/2025 14:15,59388.1,59418.75,59335.65,59408.1
12/12/2025 15:15,59405.45,59426.15,59367.15,59396.8
12/15/2025 9:15,59053.7,59357.3,59052.3,59212.25
12/15/2025 10:15,59213.85,59299,59138.2,59257.55
12/15/2025 11:15,59259.6,59516.85,59223.8,59459.75
12/15/2025 12:15,59462.6,59533,59413.5,59527.1
12/15/2025 13:15,59527.75,59528.35,59405.9,59436.8
12/15/2025 14:15,59437.4,59524.75,59430.9,59469.9
12/15/2025 15:15,59458.55,59469.25,59414.55,59444.7
12/16/2025 9:15,59288.75,59335.25,59041.1,59122.7
12/16/2025 10:15,59130.7,59165.9,59068.3,59084.35
12/16/2025 11:15,59081.8,59119.75,58983.05,59072.85
12/16/2025 12:15,59072.1,59138.25,59025.55,59053.6
12/16/2025 13:15,59053.5,59169,59018.5,59034.6
12/16/2025 14:15,59036.05,59117.25,58991.65,59018.8
12/16/2025 15:15,59018.8,59030.5,58966.35,59010.6
12/17/2025 9:15,59072.8,59127.2,58893.95,58956
12/17/2025 10:15,58959.1,58989.35,58864.4,58970.85
12/17/2025 11:15,58969.8,59020.5,58889.95,58899.55
12/17/2025 12:15,58901,58951.7,58840.1,58847.85
12/17/2025 13:15,58847,58945.8,58801.4,58863.9
12/17/2025 14:15,58865.6,58954.3,58855.85,58921.05
12/17/2025 15:15,58921.05,58988.85,58892.95,58961.5
12/18/2025 9:15,58712.7,59003.8,58712.7,58989.8
12/18/2025 10:15,58992.45,59174.95,58980.1,59096.75
12/18/2025 11:15,59099.55,59176.2,59049.25,59166.65
12/18/2025 12:15,59166.3,59211,59103.05,59112.2
12/18/2025 13:15,59114.75,59126.4,58950.75,58961.95
12/18/2025 14:15,58962.95,59001.9,58882.15,58933.9
12/18/2025 15:15,58933.9,58938.7,58877.55,58905.25
12/19/2025 9:15,59047.4,59134.75,58947,59018.05
12/19/2025 10:15,59018.15,59121.15,58977.95,59009.6
12/19/2025 11:15,59009.5,59042.35,58897.5,59007.5
12/19/2025 12:15,59010.15,59035.65,58924.5,58952.15
12/19/2025 13:15,58949.75,59125.25,58935.85,59070.25
12/19/2025 14:15,59069.55,59140.55,59047.45,59080
12/19/2025 15:15,59080.8,59083,59026.7,59046.8
12/22/2025 9:15,59224.75,59371.2,59155.5,59307.85
12/22/2025 10:15,59307.4,59318.85,59226.8,59239.45
12/22/2025 11:15,59238.2,59312.9,59232.75,59281.2
12/22/2025 12:15,59280.2,59312.45,59183.6,59265.6
12/22/2025 13:15,59273.8,59324.5,59249.95,59283.15
12/22/2025 14:15,59284.2,59339.45,59245.45,59313.5
12/22/2025 15:15,59314.05,59316.05,59274.25,59284.1
12/23/2025 9:15,59334.35,59402.35,59216.75,59361.5
12/23/2025 10:15,59361.5,59368.05,59278.85,59319.9
12/23/2025 11:15,59321.9,59338.25,59230.8,59275
12/23/2025 12:15,59278.2,59325.55,59230.4,59303.15
12/23/2025 13:15,59303.45,59346,59290.3,59330.85
12/23/2025 14:15,59332.95,59370.15,59255.2,59328.7
12/23/2025 15:15,59328.7,59331.25,59255.4,59276.55
12/24/2025 9:15,59322.95,59478.15,59251.65,59416.7
12/24/2025 10:15,59413.15,59452.7,59359.25,59398.55
12/24/2025 11:15,59396.9,59411.95,59319.1,59343.35
12/24/2025 12:15,59336.8,59364.5,59239.5,59251.45
12/24/2025 13:15,59252.75,59254,59158.55,59201.55
12/24/2025 14:15,59207.8,59253.6,59161.75,59201.75
12/24/2025 15:15,59201.75,59211,59118.25,59135.4
12/26/2025 9:15,59092.85,59180.65,59072.45,59115.3
12/26/2025 10:15,59110.7,59165.3,59070.8,59078.75
12/26/2025 11:15,59078.7,59086.3,58994.05,59045.85
12/26/2025 12:15,59043.8,59073.3,58976.35,59034.15
12/26/2025 13:15,59033.25,59065.05,58998.65,59011.85
12/26/2025 14:15,59009.5,59039.5,58947.05,59011.55
12/26/2025 15:15,59011.55,59033,58970.45,58994.45
12/29/2025 9:15,59007.05,59140.4,58916.65,58979.55
12/29/2025 10:15,58971.65,58986.65,58856.3,58869.6
12/29/2025 11:15,58871.05,58880.4,58810.35,58841.95
12/29/2025 12:15,58838.1,58893.8,58813.6,58855.5
12/29/2025 13:15,58858.1,58968.1,58809.55,58909.9
12/29/2025 14:15,58913.75,58997.1,58872.2,58928.5
12/29/2025 15:15,58928.5,58963.4,58916.75,58953.95
12/30/2025 9:15,58885.95,58964.35,58737.6,58944.65
12/30/2025 10:15,58943.05,59076.1,58883.35,58924.4
12/30/2025 11:15,58925.15,58993.6,58860.55,58872.05
12/30/2025 12:15,58875.45,58976.15,58864.8,58922.9
12/30/2025 13:15,58923.95,59116.2,58914.75,59087.75
12/30/2025 14:15,59087.35,59251.45,59018.55,59196
12/30/2025 15:15,59196,59272.7,59156.4,59253.95
12/31/2025 9:15,59194.6,59414.05,59187.1,59349.4
12/31/2025 10:15,59355.25,59496.65,59313.7,59453.2
12/31/2025 11:15,59450.85,59527.1,59400.35,59514.6
12/31/2025 12:15,59514.1,59742.35,59511.1,59705.5
12/31/2025 13:15,59705.55,59748.6,59616.7,59729.95
12/31/2025 14:15,59727.25,59766.2,59541.85,59584.55
12/31/2025 15:15,59584.55,59637.2,59557.8,59619.35
1/1/2026 9:15,59674.8,59720,59569.65,59658.2
1/1/2026 10:15,59661.05,59743.2,59573.1,59714.85
1/1/2026 11:15,59714.9,59738.3,59624.45,59628
1/1/2026 12:15,59629.4,59699.6,59600.9,59680.4
1/1/2026 13:15,59680.8,59727.1,59628.35,59712.8
1/1/2026 14:15,59711.95,59735.8,59668.5,59691.1
1/1/2026 15:15,59686.6,59721.75,59670.2,59707.55
1/2/2026 9:15,59757.4,60062.75,59738.25,60015.65
1/2/2026 10:15,60013.85,60033.7,59978.05,60015.05
1/2/2026 11:15,60011.05,60147.2,59994.85,60145.4
1/2/2026 12:15,60143.9,60152.35,60066.75,60106.25
1/2/2026 13:15,60106.3,60150.6,60078.85,60104.9
1/2/2026 14:15,60105.95,60133.15,59978.15,60110.85
1/2/2026 15:15,60107.35,60203.75,60102.35,60174.75
1/5/2026 9:15,60360.4,60437.35,60122.35,60345.6
1/5/2026 10:15,60341.95,60357,60270.8,60314.55
1/5/2026 11:15,60314.65,60319.75,60184.5,60250.55
1/5/2026 12:15,60253.25,60272.2,60127.15,60131.95
1/5/2026 13:15,60127.6,60151.6,59859.8,59907.2
1/5/2026 14:15,59908.4,60125.1,59887.2,60051.25
1/5/2026 15:15,60051.25,60056.05,59988.45,60055.5
1/6/2026 9:15,59957.8,60303.15,59834.3,60276.75
1/6/2026 10:15,60274.85,60305,60193.65,60226.7
1/6/2026 11:15,60225.3,60260.6,60090.4,60230
1/6/2026 12:15,60228.3,60251.8,60121.1,60197.15
1/6/2026 13:15,60193.7,60198.05,60053.8,60076.6
1/6/2026 14:15,60076.45,60143,60006.15,60136.8
1/6/2026 15:15,60136.8,60141.35,60095.8,60095.8
1/7/2026 9:15,60039.7,60052.85,59861.35,59912.45
1/7/2026 10:15,59910.4,60027.9,59864.6,59987.05
1/7/2026 11:15,59989.3,60065.4,59896.1,59906.8
1/7/2026 12:15,59908.1,59938.6,59841.05,59895.05
1/7/2026 13:15,59894.85,59900.4,59760.65,59833.8
1/7/2026 14:15,59837.05,60026,59822.2,60017.5
1/7/2026 15:15,60017.9,60026,59959.8,59976.85
1/8/2026 9:15,59893.15,60112.85,59777.6,59959.55
1/8/2026 10:15,59961.75,60022.6,59749.5,59786.3
1/8/2026 11:15,59785.85,59805.15,59564.8,59701.15
1/8/2026 12:15,59697.45,59745.65,59608.3,59716.75
1/8/2026 13:15,59713.65,59781.75,59635.45,59779.25
1/8/2026 14:15,59777.95,59827.6,59670.1,59688.3
1/8/2026 15:15,59688.3,59691.6,59621.9,59676.7
1/9/2026 9:15,59558.15,59739.65,59409.05,59542.75
1/9/2026 10:15,59544.6,59625.15,59420.15,59428.5
1/9/2026 11:15,59427.1,59486.25,59343.55,59352.5
1/9/2026 12:15,59353.05,59388.4,59229,59273.95
1/9/2026 13:15,59272.8,59329.1,59197.25,59205.6
1/9/2026 14:15,59208.75,59309.7,59154.2,59268.45
1/9/2026 15:15,59268.45,59273.15,59215.45,59269.35
1/12/2026 9:15,59217.25,59322.15,58982.75,59043.25
1/12/2026 10:15,59043.05,59177.7,59009.85,59013.45
1/12/2026 11:15,59014.65,59072.85,58864.2,59072
1/12/2026 12:15,59074.55,59540.95,59046.75,59498.35
1/12/2026 13:15,59494.3,59521.6,59394.15,59409.2
1/12/2026 14:15,59410.75,59507,59303.75,59424.05
1/12/2026 15:15,59424.05,59541.1,59422.9,59534.05
1/13/2026 9:15,59767.55,59767.55,59463.75,59552.85
1/13/2026 10:15,59552.85,59697.75,59530.15,59663.1
1/13/2026 11:15,59663.25,59728.65,59537.45,59541.85
1/13/2026 12:15,59538.9,59606.85,59324.55,59403.4
1/13/2026 13:15,59404.6,59495.2,59313,59343.3
1/13/2026 14:15,59343.2,59652.8,59312.05,59575.9
1/13/2026 15:15,59574.4,59607.75,59535.7,59542.35
1/14/2026 9:15,59330.35,59667.3,59324.2,59483.85
1/14/2026 10:15,59483.3,59595.95,59364.95,59575
1/14/2026 11:15,59577.1,59708.6,59553.5,59577
1/14/2026 12:15,59578.2,59752.25,59549.05,59730.75
1/14/2026 13:15,59732.9,59796.65,59543.85,59627.3
1/14/2026 14:15,59629.9,59717,59457,59564.7
1/14/2026 15:15,59564.7,59586.25,59546.3,59575.8
1/16/2026 9:15,59590.35,60026.7,59510.5,60008.45
1/16/2026 10:15,60006.85,60160.85,59993,60022.9
1/16/2026 11:15,60021.15,60118.7,59998.45,60084.35
1/16/2026 12:15,60085.1,60094.85,59899.1,59980.5
1/16/2026 13:15,59981,60083.4,59916.75,60035.75
1/16/2026 14:15,60035.75,60120.5,59999.7,60074.7
1/16/2026 15:15,60074.7,60235.15,60058.5,60110.5
1/19/2026 9:15,60093.3,60107.5,59594.6,59668.85
1/19/2026 10:15,59664.5,59809.3,59655.85,59726.75
1/19/2026 11:15,59727.1,59802.3,59681.15,59769.65
1/19/2026 12:15,59770.1,59903.45,59766.15,59857.65
1/19/2026 13:15,59852.7,59989.25,59774.1,59849.1
1/19/2026 14:15,59848.55,59974.8,59834.25,59910.5
1/19/2026 15:15,59910.5,59919.4,59798.45,59829.9
1/20/2026 9:15,59851.4,59993.5,59621.95,59666.65
1/20/2026 10:15,59672.6,59760.95,59630.5,59697.9
1/20/2026 11:15,59696.6,59840.1,59667.25,59702.1
1/20/2026 12:15,59706.2,59727.1,59623.1,59674.95
1/20/2026 13:15,59674.8,59721.25,59482.6,59488.1
1/20/2026 14:15,59488.65,59600.85,59382.6,59387.2
1/20/2026 15:15,59385.7,59452,59283.95,59372.3
1/21/2026 9:15,59142,59447.35,58970.3,58983.25
1/21/2026 10:15,58976.6,58992.3,58278.6,58627.1
1/21/2026 11:15,58629.4,58778.2,58514.45,58773.75
1/21/2026 12:15,58773.65,59270.2,58671,59019.9
1/21/2026 13:15,59027.3,59065.9,58735.2,58764.05
1/21/2026 14:15,58768.35,58922.55,58732.3,58778.45
1/21/2026 15:15,58778.45,58821,58728.1,58741.2
1/22/2026 9:15,59194.25,59573.1,59087.3,59333.3
1/22/2026 10:15,59332.75,59353.2,58862.45,58904.15
1/22/2026 11:15,58900.2,59067.25,58823.05,58989.65
1/22/2026 12:15,58990.7,59151.55,58899,58957.2
1/22/2026 13:15,58956.4,59132.65,58927.25,59015.65
1/22/2026 14:15,59015.05,59238.05,58979.65,59215
1/22/2026 15:15,59215,59310.35,59207.55,59257.55
1/23/2026 9:15,59305.15,59400.15,59027.1,59082
1/23/2026 10:15,59086.45,59242.8,59032.8,59209.2
1/23/2026 11:15,59207.9,59215.35,58895.5,58931.65
1/23/2026 12:15,58927.85,59124.65,58927.85,58986.7
1/23/2026 13:15,58987.35,58993.95,58515.6,58537.2
1/23/2026 14:15,58539.9,58655.4,58445.9,58517.05
1/23/2026 15:15,58517.05,58554.1,58346.25,58501.1
1/27/2026 9:15,58366.05,58701.1,58121.6,58680.95
1/27/2026 10:15,58683.8,58780.05,58375.55,58561.35
1/27/2026 11:15,58562.05,58859.2,58534.65,58741.05
1/27/2026 12:15,58743.4,58793.25,58589.25,58723.95
1/27/2026 13:15,58719.6,58824.15,58620.75,58724.45
1/27/2026 14:15,58724.8,59220.3,58683.55,59153.45
1/27/2026 15:15,59153.45,59436.8,59148.25,59348.25
1/28/2026 9:15,59575.65,59659.15,59401.9,59447.45
1/28/2026 10:15,59444.45,59626.6,59390.3,59568.85
1/28/2026 11:15,59570.25,59699.9,59532.2,59554.85
1/28/2026 12:15,59554.85,59570.35,59438.4,59512.7
1/28/2026 13:15,59514.5,59563.15,59245.75,59304.4
1/28/2026 14:15,59304.25,59624.25,59240.1,59574.35
1/28/2026 15:15,59574.35,59619.75,59551.7,59574.8
1/29/2026 9:15,59416.25,59604.8,59339,59560
1/29/2026 10:15,59560.45,59717.55,59493.75,59697.65
1/29/2026 11:15,59696.4,59765.7,59611.4,59718.1
1/29/2026 12:15,59718.75,59921.1,59705.85,59864.4
1/29/2026 13:15,59870.05,59977.35,59778.55,59942.3
1/29/2026 14:15,59943,60060.7,59884,59909.05
1/29/2026 15:15,59903.9,60017.2,59883.45,59980.4
1/30/2026 9:15,59542.25,59895.5,59535.4,59894.6
1/30/2026 10:15,59894,59906.9,59731.85,59752.75
1/30/2026 11:15,59752.75,59853.25,59685.7,59815.2
1/30/2026 12:15,59814.65,59864.5,59602.7,59604.25
1/30/2026 13:15,59603.2,59804.6,59501.8,59777.75
1/30/2026 14:15,59777.9,59782.55,59579.05,59614.05
1/30/2026 15:15,59614.05,59687.9,59557.65,59577.6
2/1/2026 9:15,59607.65,59638.7,59390.5,59606.1
2/1/2026 10:15,59603.95,59838.1,59591.95,59727.35
2/1/2026 11:15,59721.6,59865.7,59197.1,59261.15
2/1/2026 12:15,59265.15,59273.95,57783.2,58958.6
2/1/2026 13:15,58960.55,59053.8,58696.1,58758.8
2/1/2026 14:15,58754.45,58919.55,58465.75,58482.4
2/1/2026 15:15,58482.4,58485.7,58248.75,58353.75
2/2/2026 9:15,58239.3,58519.95,57916.2,58254.05
2/2/2026 10:15,58251.3,58320.65,57829.85,57974.45
2/2/2026 11:15,57971.9,58261.25,57848.5,58250.1
2/2/2026 12:15,58250.1,58343.25,58115.85,58207.65
2/2/2026 13:15,58206.4,58438,58004.5,58317.15
2/2/2026 14:15,58317.9,58635.9,58232.2,58604.6
2/2/2026 15:15,58604.6,58687.05,58552.7,58602.5
2/3/2026 9:15,61411.2,61764.85,59793.2,59891.8
2/3/2026 10:15,59896.3,60228.8,59896.3,60131.45
2/3/2026 11:15,60129.9,60264.15,60116.15,60165.15
2/3/2026 12:15,60164.85,60185.55,60049.65,60136.55
2/3/2026 13:15,60134.15,60191.85,60030.85,60165.7
2/3/2026 14:15,60168.8,60184.75,59973.95,60035.2
2/3/2026 15:15,60035.2,60107.95,59972.4,59986.7
2/4/2026 9:15,60163.35,60327.1,59891.75,60264.4
2/4/2026 10:15,60265.85,60283.5,60137.55,60200.7
2/4/2026 11:15,60201.4,60247.85,60136.3,60235.9
2/4/2026 12:15,60235.35,60254.4,60102,60196.3
2/4/2026 13:15,60197.2,60330.3,60176.95,60330.3
2/4/2026 14:15,60325.45,60389.4,60242.6,60265.2
2/4/2026 15:15,60271.35,60288.5,60135.3,60148.1
2/5/2026 9:15,60315.35,60328.3,60064,60170.55
2/5/2026 10:15,60170.05,60250.9,59990.8,60072.95
2/5/2026 11:15,60070.05,60107.75,60006.35,60013.4
2/5/2026 12:15,60015.75,60049.15,59963.35,60005.4
2/5/2026 13:15,60005.8,60069.15,59912.05,59950.7
2/5/2026 14:15,59951.15,60121.55,59881.05,60082.45
2/5/2026 15:15,60082.45,60087.15,60007,60055.25
2/6/2026 9:15,59967.1,60119.95,59873.45,59915.85
2/6/2026 10:15,59916.95,60002.1,59644.55,59818.9
2/6/2026 11:15,59817.85,60011.7,59769.95,59887.55
2/6/2026 12:15,59890.55,59897.95,59717.9,59795.95
2/6/2026 13:15,59796.65,60004.5,59768.25,59946.15
2/6/2026 14:15,59946.6,60143.3,59927.65,60132.4
2/6/2026 15:15,60132.4,60149.9,60078.5,60112.8
2/9/2026 9:15,60805.2,60876.2,60495.7,60643.85
2/9/2026 10:15,60638.9,60712.7,60572.65,60654
2/9/2026 11:15,60654,60677.8,60604.75,60629.7
2/9/2026 12:15,60630.85,60650.15,60516.2,60587.85
2/9/2026 13:15,60588.75,60616.65,60543.9,60593.5
2/9/2026 14:15,60593.8,60685.2,60581.7,60665.75
2/9/2026 15:15,60665.75,60692.3,60638.25,60666.8
2/10/2026 9:15,60740.8,60760.6,60597.95,60682.45
2/10/2026 10:15,60682.8,60787.95,60673.7,60753.15
2/10/2026 11:15,60752.35,60763.4,60701.7,60732.4
2/10/2026 12:15,60732.3,60797.55,60712.8,60771.5
2/10/2026 13:15,60769.75,60781.9,60531.55,60645.1
2/10/2026 14:15,60647.05,60709.45,60607.2,60634.4
2/10/2026 15:15,60634.4,60655.15,60550.85,60571.45
2/11/2026 9:15,60670.25,60727.1,60444.65,60504.6
2/11/2026 10:15,60503.05,60695.65,60493.35,60671.1
2/11/2026 11:15,60673.75,60751,60637,60651
2/11/2026 12:15,60650.95,60704.55,60613.8,60660.75
2/11/2026 13:15,60663.35,60752.2,60655.35,60736.35
2/11/2026 14:15,60736.35,60779.95,60679.95,60773.65
2/11/2026 15:15,60773.65,60777.3,60717.4,60743.95
2/12/2026 9:15,60786.15,60856.75,60678.75,60843.05
2/12/2026 10:15,60852.35,60864.4,60772.1,60819.15
2/12/2026 11:15,60816.7,60819.8,60685.9,60711.05
2/12/2026 12:15,60711.8,60827.5,60703.65,60782.45
2/12/2026 13:15,60784.65,60844.25,60728.6,60779.4
2/12/2026 14:15,60784.75,60818.55,60597.65,60750.6
2/12/2026 15:15,60749.55,60761.95,60696.35,60707.8
2/13/2026 9:15,60504.4,60621.9,60415.95,60421
2/13/2026 10:15,60420.7,60462.1,60271.85,60314.6
2/13/2026 11:15,60315,60324.85,60253.35,60301.95
2/13/2026 12:15,60301.3,60409.4,60271.15,60352.05
2/13/2026 13:15,60351.15,60360.5,60233.75,60297.15
2/13/2026 14:15,60300.95,60311.95,60242.85,60247.85
2/13/2026 15:15,60247.85,60263.25,60073.55,60169.7
2/16/2026 9:15,59947.8,60440.15,59861.1,60440.15
2/16/2026 10:15,60439.45,60475.5,60353.75,60431.35
2/16/2026 11:15,60429.4,60498.5,60374,60477.3
2/16/2026 12:15,60478.35,60751.1,60457.9,60703.5
2/16/2026 13:15,60705.4,60807.55,60668.4,60782.8
2/16/2026 14:15,60777.65,60990.75,60771.65,60931.5
2/16/2026 15:15,60931.5,61011.3,60913.65,60993.2
2/17/2026 9:15,60821.15,60886.1,60560,60878.2
2/17/2026 10:15,60878.65,61177.2,60863.6,61029.9
2/17/2026 11:15,61029.55,61162.85,61000.85,61137.5
2/17/2026 12:15,61138.1,61196.35,61080.05,61151.45
2/17/2026 13:15,61151.85,61241.6,61044.4,61054.25
2/17/2026 14:15,61052.3,61206.75,61034.75,61158.15
2/17/2026 15:15,61158.15,61200.35,61133.05,61144.15
2/18/2026 9:15,61255.35,61309.3,61100.9,61222.35
2/18/2026 10:15,61228.35,61278.4,61177.25,61229.3
2/18/2026 11:15,61230.6,61295.9,61174.65,61285.2
2/18/2026 12:15,61284.6,61356.8,61253.45,61342.5
2/18/2026 13:15,61343.45,61382,61246.3,61374.95
2/18/2026 14:15,61375.1,61596.85,61361.65,61554.3
2/18/2026 15:15,61554.3,61571.85,61520.4,61520.4
2/19/2026 9:15,61660.85,61678.8,61369.8,61378.35
2/19/2026 10:15,61378.9,61403.65,61255.25,61322.15
2/19/2026 11:15,61321.6,61341.1,61066.55,61069.8
2/19/2026 12:15,61066.5,61156.6,60959.6,61098.65
2/19/2026 13:15,61096.65,61116.5,60911.05,60986.3
2/19/2026 14:15,60988.3,61061,60710.6,60723.65
2/19/2026 15:15,60729.1,60741.15,60592.9,60660.75
2/20/2026 9:15,60627.85,61112.75,60562.35,61006.6
2/20/2026 10:15,61006.45,61214.5,61003.1,61106.85
2/20/2026 11:15,61116.35,61224.8,61116.35,61176.55
2/20/2026 12:15,61178.05,61360.5,60961.25,61030.3
2/20/2026 13:15,61029.55,61263.4,60987.55,61245.45
2/20/2026 14:15,61248.15,61320.65,61136.15,61176.35
2/20/2026 15:15,61176.35,61204.45,61097.65,61147.45
2/23/2026 9:15,61145.55,61517.8,61067.7,61300.4
2/23/2026 10:15,61301.4,61360.75,61116.15,61284.1
2/23/2026 11:15,61278.25,61287.5,61101.65,61152.6
2/23/2026 12:15,61152.7,61208.9,61052.85,61075.9
2/23/2026 13:15,61080.2,61194.55,61029.15,61081.8
2/23/2026 14:15,61078.9,61291.35,61060.75,61269.25
2/23/2026 15:15,61269.25,61305.85,61242.5,61275
2/24/2026 9:15,61392.1,61392.1,61109.15,61211.2
2/24/2026 10:15,61204.85,61316.85,61175.35,61286.45
2/24/2026 11:15,61288.65,61435.65,61184.45,61222.7
2/24/2026 12:15,61225.35,61225.45,60925.05,61047.05
2/24/2026 13:15,61047.15,61120.1,60801.85,61118.85
2/24/2026 14:15,61118.8,61156.65,60939.1,61024.45
2/24/2026 15:15,61024.45,61117.65,61018.45,61072.45
2/25/2026 9:15,61175.05,61317.55,61145.2,61231.45
2/25/2026 10:15,61231.85,61300.25,61083.55,61130.9
2/25/2026 11:15,61129.8,61160.1,61067.05,61085.3
2/25/2026 12:15,61086.35,61151.7,60834.15,60891.45
2/25/2026 13:15,60894.7,60977.45,60816.75,60897.5
2/25/2026 14:15,60897.5,61103.75,60886.6,61039.4
2/25/2026 15:15,61039.4,61067.6,60997.1,61012.35
2/26/2026 9:15,61193.9,61249.7,61061.3,61159.3
2/26/2026 10:15,61160,61170.4,61027.15,61088.75
2/26/2026 11:15,61088.95,61146.6,60954.85,60954.85
2/26/2026 12:15,60966.2,60985,60813.3,60888.8
2/26/2026 13:15,60889.5,60989.2,60862.75,60958.1
2/26/2026 14:15,60964.25,61284.75,60932.1,61187.3
2/26/2026 15:15,61187.3,61219.95,61064.3,61097
2/27/2026 9:15,61057.45,61086.45,60684.7,60717.45
2/27/2026 10:15,60714.05,60837.9,60664.45,60773
2/27/2026 11:15,60776.7,60818,60633.6,60719.15
2/27/2026 12:15,60716.95,60776.3,60675.6,60715.65
2/27/2026 13:15,60715.65,60864.7,60663.5,60780.55
2/27/2026 14:15,60777.85,60820.35,60439,60526.1
2/27/2026 15:15,60526.1,60558.6,60438.95,60482.45
3/2/2026 9:15,59204.3,60177.5,59148,59907.2
3/2/2026 10:15,59906.35,59922.8,59723.35,59836.25
3/2/2026 11:15,59839.85,59887,59721.9,59723.65
3/2/2026 12:15,59719.6,59786.2,59594.95,59625.85
3/2/2026 13:15,59628.2,59764.5,59345.3,59723.25
3/2/2026 14:15,59724.8,59909.7,59615.95,59909.25
3/2/2026 15:15,59910.5,59956.35,59838.7,59856.05
3/4/2026 9:15,58447.15,58996.95,58393.55,58717.45
3/4/2026 10:15,58720.3,58753.9,58452.95,58633.4
3/4/2026 11:15,58631.9,58641.35,58479.25,58482
3/4/2026 12:15,58484.65,58754,58468.25,58739.4
3/4/2026 13:15,58737.35,58971.2,58609,58965.45
3/4/2026 14:15,58965.8,59058.4,58679.1,58723.95
3/4/2026 15:15,58723.95,58777,58657.6,58759.65
3/5/2026 9:15,59008.25,59088.7,58809.7,58957.25
3/5/2026 10:15,58954.85,59141,58846.1,59093.05
3/5/2026 11:15,59087.85,59120.15,58686.3,58781
3/5/2026 12:15,58781.4,58915,58716.95,58850.95
3/5/2026 13:15,58854.25,58897.05,58544.75,58559.5
3/5/2026 14:15,58561.4,59274.35,58506.4,58926.55
3/5/2026 15:15,58926.55,59040.25,58885.1,58970.25
3/6/2026 9:15,58629.6,58807.15,58406.85,58445.65
3/6/2026 10:15,58441.55,58480.9,58332.7,58368.75
3/6/2026 11:15,58369.15,58456.1,58289.5,58331.75
3/6/2026 12:15,58336.05,58364.2,58235.35,58264.85
3/6/2026 13:15,58262.95,58346.75,58156.25,58240
3/6/2026 14:15,58241.25,58295.4,57727.8,57747.55
3/6/2026 15:15,57755.5,57798.8,57696.4,57782.4
3/9/2026 9:15,56121.4,56274.15,55270.6,55522.4
3/9/2026 10:15,55518.05,55832.15,55276.4,55605.45
3/9/2026 11:15,55607,55952.75,55542.7,55687.85
3/9/2026 12:15,55686.65,55837.25,55627.85,55690.65
3/9/2026 13:15,55688.05,55894.9,55642.1,55647.65
3/9/2026 14:15,55662,56093.6,55596.15,56082.8
3/9/2026 15:15,56084.5,56096.1,55987.95,55998.6
3/10/2026 9:15,56583.85,56745.65,56387.2,56659
3/10/2026 10:15,56658.75,56941.5,56655.15,56870.05
3/10/2026 11:15,56872.6,56990.9,56776.7,56780.05
3/10/2026 12:15,56778.1,56932.6,56658.65,56824.35
3/10/2026 13:15,56828.5,57086.45,56745.95,57082.9
3/10/2026 14:15,57082.9,57097.05,56790.95,56925.55
3/10/2026 15:15,56923.2,57071.35,56921.9,57002.1
3/11/2026 9:15,56790.4,56938.4,56517,56541.7
3/11/2026 10:15,56541.85,56584.45,56306.9,56335.65
3/11/2026 11:15,56337.4,56337.55,56015.4,56110.45
3/11/2026 12:15,56113.2,56165.7,55943.5,55952.25
3/11/2026 13:15,55958.3,56125.05,55897.9,55950.7
3/11/2026 14:15,55950.85,56076.85,55712.15,55741.8
3/11/2026 15:15,55741.8,55797.7,55631.95,55666.4
3/12/2026 9:15,55008.2,55239.1,54760.55,55013.25
3/12/2026 10:15,55013.15,55372.65,54975.25,55267.7
3/12/2026 11:15,55267,55295.95,55047.5,55232.95
3/12/2026 12:15,55236.25,55335.15,55065.35,55196.25
3/12/2026 13:15,55204.45,55636.95,55168.05,55368.3
3/12/2026 14:15,55369.8,55429.95,54997,55064.75
3/12/2026 15:15,55064.75,55151.95,55062.15,55133.6
3/13/2026 9:15,54592.05,54713.75,54115.2,54148.15
3/13/2026 10:15,54154.3,54178.95,53962.35,54057.35
3/13/2026 11:15,54053.1,54270.2,54014.05,54079.45
3/13/2026 12:15,54084.35,54090.75,53765.85,53820.8
3/13/2026 13:15,53826.15,53915.1,53675.7,53909.6
3/13/2026 14:15,53913.85,54107,53730.45,53781.3
3/13/2026 15:15,53781.3,53788.15,53684.05,53770.9
3/16/2026 9:15,53721.5,54170.5,53630.6,53829.55
3/16/2026 10:15,53824.55,53827.05,53258.15,53593.55
3/16/2026 11:15,53595,53923.65,53583.6,53692.3
3/16/2026 12:15,53693,53778.9,53518.55,53579.6
3/16/2026 13:15,53578.1,53783.25,53563.3,53716.35
3/16/2026 14:15,53714.9,54664.15,53670,54492.55
3/16/2026 15:15,54492.55,54496.1,54228.85,54287.75
3/17/2026 9:15,54649.1,54651,54113.15,54482.2
3/17/2026 10:15,54483.45,54695.4,54292.6,54368.8
3/17/2026 11:15,54369.7,54419.9,54182.8,54392.55
3/17/2026 12:15,54393.8,54594.65,54260.65,54592.6
3/17/2026 13:15,54596.75,54799.95,54518.75,54779.05
3/17/2026 14:15,54780,54996,54568.4,54961.65
3/17/2026 15:15,54961.65,54961.65,54816,54838.75
3/18/2026 9:15,54927.05,55109.3,54689.1,54787.25
3/18/2026 10:15,54790.5,55062,54769.45,55040.1
3/18/2026 11:15,55041,55332.55,54985.75,55226.1
3/18/2026 12:15,55226.7,55293.6,55123.15,55233.95
3/18/2026 13:15,55232.4,55467.15,55219.95,55377.15
3/18/2026 14:15,55375.7,55554.15,55298.6,55342.8
3/18/2026 15:15,55342.8,55348.05,55229.75,55324.5
3/19/2026 9:15,53474.55,54110.55,53437.25,53639.9
3/19/2026 10:15,53635.25,53959.15,53551.85,53760.6
3/19/2026 11:15,53761.5,54054.7,53675.85,54040.7
3/19/2026 12:15,54042.2,54150.3,53923.95,53933.15
3/19/2026 13:15,53932.2,53985.85,53660.15,53700.3
3/19/2026 14:15,53701.95,53793.35,53240.6,53382.25
3/19/2026 15:15,53382.25,53699.85,53366.2,53693
3/20/2026 9:15,53548.2,54382.45,53548.2,54015.45
3/20/2026 10:15,54017.1,54154.2,53911.8,54092.4
3/20/2026 11:15,54092.3,54249.3,53770.5,53833.85
3/20/2026 12:15,53834.3,53929.8,53509.2,53850.15
3/20/2026 13:15,53847.05,53966.15,53647.6,53715.45
3/20/2026 14:15,53711.8,53726.75,53356.4,53383.85
3/20/2026 15:15,53383.85,53457.65,53297.55,53453.85
3/23/2026 9:15,52576.1,52665.3,51796.3,51826.6
3/23/2026 10:15,51825.15,51896.05,51568.4,51746.5
3/23/2026 11:15,51748.75,51817.8,51632.05,51708
3/23/2026 12:15,51706.65,51806.8,51556.45,51607.4
3/23/2026 13:15,51608,52041.35,51597.35,51942.1
3/23/2026 14:15,51941.75,51992.25,51401.2,51410.75
3/23/2026 15:15,51407.05,51491.4,51323.6,51446.15
3/24/2026 9:15,52384.8,52495.7,51997.2,52075.25
3/24/2026 10:15,52077.3,52248,51827.5,51976.35
3/24/2026 11:15,51983.7,52185.65,51924.65,51993.4
3/24/2026 12:15,51994.8,52859.55,51972.15,52768.75
3/24/2026 13:15,52765.2,52949.15,52676.3,52809.45
3/24/2026 14:15,52814.45,52917.75,52530.75,52548
3/24/2026 15:15,52548,52753.1,52493.15,52745.65
3/25/2026 9:15,53024.75,53754.2,53024.75,53718.75
3/25/2026 10:15,53713.25,53990.15,53628.05,53987.2
3/25/2026 11:15,53985.65,54096.95,53683,54090.05
3/25/2026 12:15,54095.3,54146.15,53827.05,53900.8
3/25/2026 13:15,53899.45,54119.5,53830.85,53907.65
3/25/2026 14:15,53915.7,53927.2,53623.85,53676.15
3/25/2026 15:15,53676.1,53735.95,53653.35,53689.95
3/27/2026 9:15,53244.25,53292.5,52615.2,52629.1
3/27/2026 10:15,52632.4,52761.15,52531.15,52591.95
3/27/2026 11:15,52591.75,52616.55,52434.75,52492.15
3/27/2026 12:15,52487.35,52668.5,52427.65,52615.65
3/27/2026 13:15,52617.15,52707.9,52421.95,52504.6
3/27/2026 14:15,52502.95,52511.35,52235.5,52309.4
3/27/2026 15:15,52309.4,52364.35,52211.2,52364.35
3/30/2026 9:15,51527.9,51624.5,50888.15,51104.4
3/30/2026 10:15,51101.4,51117.45,50767,50808.45
3/30/2026 11:15,50804.85,50973.5,50744.6,50931.4
3/30/2026 12:15,50926.3,51008.95,50733.2,50774.95
3/30/2026 13:15,50772.55,50811.2,50596.25,50612.25
3/30/2026 14:15,50608.7,50625.45,50105.25,50297
3/30/2026 15:15,50297,50443.6,50262.4,50403.35
4/1/2026 9:15,51433.9,51806.25,51420.2,51451.95
4/1/2026 10:15,51452.55,51474.2,51133.55,51225.2
4/1/2026 11:15,51224.3,51662.25,51181.7,51644.55
4/1/2026 12:15,51644.45,51979.3,51600.15,51975.7
4/1/2026 13:15,51977.6,52025.85,51418.75,51732.9
4/1/2026 14:15,51738.6,51740.3,51369.8,51418.4
4/1/2026 15:15,51418.4,51532.75,51411.5,51526.1
4/2/2026 9:15,50625.65,50646.15,50004.3,50172.3
4/2/2026 10:15,50173.25,50173.25,49954.85,50111.15
4/2/2026 11:15,50115.85,50254.6,50054.85,50133.3
4/2/2026 12:15,50137.3,50529.15,50030.85,50398.25
4/2/2026 13:15,50398.4,51174.85,50392.4,51174.85
4/2/2026 14:15,51170.45,51730.4,50989.85,51674.35
4/2/2026 15:15,51674.35,51731.95,51487.45,51556.2
4/6/2026 9:15,51747.6,51879.65,51111.1,51474.25
4/6/2026 10:15,51490.65,51664.55,51352.55,51417.45
4/6/2026 11:15,51418.6,51773.95,51400.7,51659.2
4/6/2026 12:15,51659.45,52241.2,51617.75,52224.25
4/6/2026 13:15,52224.2,52397.2,52158.45,52394.55
4/6/2026 14:15,52395.45,52693.9,52311.85,52676.45
4/6/2026 15:15,52676.45,52704.55,52555.95,52585.35
4/7/2026 9:15,52258.7,52290.5,51868.45,52183.4
4/7/2026 10:15,52181.75,52349.1,51950.95,51986.7
4/7/2026 11:15,51986.6,52304.25,51962.35,52174.95
4/7/2026 12:15,52175.1,52213.05,52057,52158.45
4/7/2026 13:15,52162.15,52596.3,52162.15,52455.1
4/7/2026 14:15,52464.9,52778.2,52351.45,52684.75
4/7/2026 15:15,52684.75,52756,52660.55,52706.15
4/8/2026 9:15,54904.45,55315.5,54797.5,55181.05
4/8/2026 10:15,55184.65,55535.3,55151.5,55489.45
4/8/2026 11:15,55488.15,55552.25,55279.55,55419.3
4/8/2026 12:15,55422.05,55491.45,55266.3,55426.75
4/8/2026 13:15,55426.4,55533.2,55393.95,55422.05
4/8/2026 14:15,55422.9,55754.25,55416.5,55678.9
4/8/2026 15:15,55678.9,55778.25,55660.95,55757.75
4/9/2026 9:15,55505.95,55583.1,55078.85,55349.35
4/9/2026 10:15,55349,55567.8,55284.8,55372
4/9/2026 11:15,55372,55385.8,55182.35,55230.85
4/9/2026 12:15,55230.5,55244.15,54937.65,54961.6
4/9/2026 13:15,54959.45,54962.3,54769.7,54826.4
4/9/2026 14:15,54823.45,54932.85,54626.85,54884.25
4/9/2026 15:15,54884.25,54887.45,54790.3,54820
4/10/2026 9:15,55182.25,55861.65,55145.25,55849.15
4/10/2026 10:15,55859.85,55930.45,55720.4,55849.4
4/10/2026 11:15,55848.35,55851.55,55682.1,55767.35
4/10/2026 12:15,55763.25,55855.1,55710.05,55808.1
4/10/2026 13:15,55807.45,55969,55787.15,55881.65
4/10/2026 14:15,55885.5,55978.5,55649.95,55921.9
4/10/2026 15:15,55921.9,55957.2,55900.1,55929.6
4/13/2026 9:15,54646,54848.1,54356.2,54741
4/13/2026 10:15,54743.75,55019.8,54669.55,54954.05
4/13/2026 11:15,54953.2,55213.35,54882.55,55209.8
4/13/2026 12:15,55208.85,55444.35,55201.05,55391.3
4/13/2026 13:15,55394.85,55752.65,55365,55575
4/13/2026 14:15,55583.15,55737.05,55524.95,55639.4
4/13/2026 15:15,55639.4,55644.75,55540.75,55571.85
4/15/2026 9:15,56343.45,56786.25,56311.55,56503.1
4/15/2026 10:15,56502.7,56622,56139.9,56143.3
4/15/2026 11:15,56143.65,56357,56109.2,56326.5
4/15/2026 12:15,56326.05,56345.9,56172,56288.55
4/15/2026 13:15,56291.6,56349.9,56210.05,56293.85
4/15/2026 14:15,56291.85,56430.9,56249.9,56297.35
4/15/2026 15:15,56297.35,56300.95,56223.6,56258.85
4/16/2026 9:15,56657.25,56834.25,56443.65,56603.35
4/16/2026 10:15,56604.95,56636.2,56491.35,56535.9
4/16/2026 11:15,56536.4,56574.4,56052.75,56146.2
4/16/2026 12:15,56140.85,56162.1,55898.25,55936.7
4/16/2026 13:15,55939.2,56172.3,55912.25,56100.45
4/16/2026 14:15,56101.9,56324,56018.65,56069
4/16/2026 15:15,56069,56089.15,55998.55,56036.4
4/17/2026 9:15,56072.4,56267.25,55841.65,56207.85
4/17/2026 10:15,56211.2,56309.15,56106.4,56165.9
4/17/2026 11:15,56167.8,56375.5,56165.6,56311.3
4/17/2026 12:15,56313.15,56392.8,56308.95,56376.3
4/17/2026 13:15,56376.3,56469.6,56328.75,56422.5
4/17/2026 14:15,56419.15,56628.7,56413.45,56570.3
4/17/2026 15:15,56570.3,56625.6,56541.55,56625.6
4/20/2026 9:15,56704.05,56909.5,56356.55,56823.65
4/20/2026 10:15,56820.95,57055.25,56799.95,56913.25
4/20/2026 11:15,56917.55,57085.1,56849.2,56868.1
4/20/2026 12:15,56868.15,57011,56692.4,56749.2
4/20/2026 13:15,56750.25,56774.65,56505.75,56649.35
4/20/2026 14:15,56649.85,56763.9,56603.75,56625.15
4/20/2026 15:15,56625.15,56625.15,56491.9,56551.3
4/21/2026 9:15,56823.6,57238.85,56696.3,57174.05
4/21/2026 10:15,57174.4,57321.7,57120.65,57287.9
4/21/2026 11:15,57284.3,57309.5,57160.05,57280.55
4/21/2026 12:15,57282.5,57357.65,57203.1,57330.45
4/21/2026 13:15,57332.4,57428.25,57288.95,57362.75
4/21/2026 14:15,57360.75,57456.3,57271.7,57399.6
4/21/2026 15:15,57399.6,57429.35,57311.65,57351.8
4/22/2026 9:15,57163.35,57400.25,57002.15,57121.65
4/22/2026 10:15,57117.25,57409.1,57071,57345.6
4/22/2026 11:15,57346.1,57438.2,57286.55,57320.85
4/22/2026 12:15,57316.7,57373.5,57263.5,57334.45
4/22/2026 13:15,57333.35,57397.5,57230.9,57278
4/22/2026 14:15,57274.15,57315.25,57103.35,57108
4/22/2026 15:15,57108,57127.4,57078.45,57114.9
4/23/2026 9:15,56608.95,56868.7,56491.25,56767.7
4/23/2026 10:15,56770.5,56808.55,56522.2,56557.55
4/23/2026 11:15,56561.75,56611.15,56494.2,56570.8
4/23/2026 12:15,56568.65,56590.5,56241.4,56396.95
4/23/2026 13:15,56397.4,56510.2,56253.45,56263.35
4/23/2026 14:15,56268.95,56424.15,56217.15,56272.45
4/23/2026 15:15,56272.45,56318.5,56248.7,56314.15
4/24/2026 9:15,56170.2,56460.5,55850.2,56042.1
4/24/2026 10:15,56036.15,56037.45,55896.95,55925.55
4/24/2026 11:15,55922.6,56127.25,55910.2,56115.5
4/24/2026 12:15,56115.25,56139.5,55880.45,55917.45
4/24/2026 13:15,55917.4,55945.65,55750.4,55833.5
4/24/2026 14:15,55832.75,56172.75,55830.85,56074.55
4/24/2026 15:15,56074.55,56191.45,56064,56097
4/27/2026 9:15,56162.6,56474.95,56138.4,56234
4/27/2026 10:15,56231.55,56327.1,55968.4,56112
4/27/2026 11:15,56113.35,56163.95,55911.1,56065.4
4/27/2026 12:15,56064.45,56271.45,56036.15,56269.95
4/27/2026 13:15,56272.7,56412.6,56222.85,56349.55
4/27/2026 14:15,56347.3,56374.35,56226.75,56294.55
4/27/2026 15:15,56294.55,56307.7,56241,56302.1
4/28/2026 9:15,55862.5,56138.05,55851.8,56036.4
4/28/2026 10:15,56035.8,56099.25,55901.35,55932.6
4/28/2026 11:15,55932.6,55934.4,55614,55666.5
4/28/2026 12:15,55667.95,55739.9,55589.6,55610.2
4/28/2026 13:15,55609.45,55696.25,55478.9,55482.95
4/28/2026 14:15,55486.6,55589.7,55364.9,55385.6
4/28/2026 15:15,55385.6,55450.35,55263.75,55415.35
4/29/2026 9:15,55634.5,55819.3,55332.2,55812.6
4/29/2026 10:15,55818.35,55931.2,55772.2,55855.4
4/29/2026 11:15,55863.3,55998.35,55856.1,55992.5
4/29/2026 12:15,55995.7,56178.75,55988.25,56069
4/29/2026 13:15,56071.6,56086.9,55590.65,55663.4
4/29/2026 14:15,55662.55,55671.1,55391.65,55395.95
4/29/2026 15:15,55395.95,55402.5,55290.5,55329.85
4/30/2026 9:15,54880.65,54896,54503,54544.5
4/30/2026 10:15,54544.05,54602.05,54440.25,54489.8
4/30/2026 11:15,54489.85,54685.85,54464.85,54685.85
4/30/2026 12:15,54690,54844.6,54620.6,54816.35
4/30/2026 13:15,54814.05,55111.6,54769.4,54942.15
4/30/2026 14:15,54945.2,55068.7,54724.6,54818.85
4/30/2026 15:15,54818.85,55026.7,54809.5,55003.25
5/4/2026 9:15,54937.9,55602.3,54929.6,55307.1
5/4/2026 10:15,55309.25,55418.9,55246.35,55407.05
5/4/2026 11:15,55407.6,55448.7,55070.35,55073.45
5/4/2026 12:15,55077.25,55162.05,54897.45,54946.45
5/4/2026 13:15,54945.85,54949.35,54727.45,54921.4
5/4/2026 14:15,54925.3,55017.6,54723.5,54892.8
5/4/2026 15:15,54892.8,54947.95,54854.95,54896.45
5/5/2026 9:15,54691.3,54718.55,54438.15,54487.6
5/5/2026 10:15,54488.35,54530.1,54333.65,54425.35
5/5/2026 11:15,54423.45,54492.65,54221.65,54316.65
5/5/2026 12:15,54315.05,54812.15,54314.15,54807.1
5/5/2026 13:15,54810.25,54888.55,54614.25,54649.5
5/5/2026 14:15,54652,54827.9,54501.1,54602.2
5/5/2026 15:15,54602.2,54626.95,54521.55,54550.85
5/6/2026 9:15,55113.4,55344.95,55007.55,55087.25
5/6/2026 10:15,55085.3,55190.7,54944.4,54975.5
5/6/2026 11:15,54967.2,55022.45,54833.5,54857.1
5/6/2026 12:15,54854.6,54859.95,54587.2,54709
5/6/2026 13:15,54703.5,55083.45,54703,55083.45
5/6/2026 14:15,55084.6,56020.55,55084.55,55940.8
5/6/2026 15:15,55940.8,56078.8,55933.1,56039.3
5/7/2026 9:15,56114,56148.45,55822.65,55903.8
5/7/2026 10:15,55904.7,56120.35,55898.35,55922.6
5/7/2026 11:15,55922.65,56001,55783.2,55984.35
5/7/2026 12:15,55987.9,56334.15,55949.15,56068.9
5/7/2026 13:15,56068.05,56138.3,55921.45,56086.65
5/7/2026 14:15,56088.95,56152.85,55943.05,55963.85
5/7/2026 15:15,55963.85,56111.25,55959.7,56094.9
5/8/2026 9:15,55783.95,55797.7,55507.45,55654.45
5/8/2026 10:15,55659.55,55694.05,55517.55,55634.15
5/8/2026 11:15,55633.25,55662.35,55478,55503.85
5/8/2026 12:15,55503.75,55559.95,55368.5,55416.3
5/8/2026 13:15,55420.8,55562.55,55076.1,55080.5
5/8/2026 14:15,55074.2,55416.65,55062.5,55322.75
5/8/2026 15:15,55322.75,55369.85,55256.15,55325.4
5/11/2026 9:15,54832.45,54922.55,54392.75,54473
5/11/2026 10:15,54472.9,54649.35,54365.6,54647.45
5/11/2026 11:15,54646.75,54826.95,54643.45,54805.55
5/11/2026 12:15,54803.95,55002.45,54681.25,54958.3
5/11/2026 13:15,54960.55,54968.9,54746.3,54834.55
5/11/2026 14:15,54837.25,54872.9,54360.7,54382.8
5/11/2026 15:15,54382.8,54484.8,54379.5,54478.1
5/12/2026 9:15,54178.4,54365.45,53979.35,54200.55
5/12/2026 10:15,54203.25,54285.65,53853.1,53863.55
5/12/2026 11:15,53861.15,53932.85,53816.65,53857
5/12/2026 12:15,53858.35,53921.65,53628.95,53765.15
5/12/2026 13:15,53764.6,53851.8,53593.25,53617.4
5/12/2026 14:15,53618.85,53753.1,53457.5,53502.65
5/12/2026 15:15,53502.65,53713.4,53502.65,53705.1
5/13/2026 9:15,53600.4,53930,53194.25,53510.2
5/13/2026 10:15,53510.45,53800.45,53492.1,53598.5
5/13/2026 11:15,53596.1,54029.8,53564.6,54027.75
5/13/2026 12:15,54025,54103.9,53697.25,53945.1
5/13/2026 13:15,53944.6,53952.25,53755.2,53872.5
5/13/2026 14:15,53868.3,53888.45,53404.75,53511.4
5/13/2026 15:15,53511.4,53512.45,53385.45,53475.8
5/14/2026 9:15,53639.5,53968.65,53484.6,53593.25
5/14/2026 10:15,53589.4,53669.25,53191.6,53386.4
5/14/2026 11:15,53389.1,54219.9,53386.05,54163.85
5/14/2026 12:15,54163.9,54393.75,54157.35,54302.9
5/14/2026 13:15,54306.5,54388.8,54236.4,54338.15
5/14/2026 14:15,54335.2,54391.55,54025.4,54082.25
5/14/2026 15:15,54082.25,54247.05,54044.35,54217.7
5/15/2026 9:15,54207.75,54313.75,53773.5,54177.3
5/15/2026 10:15,54179.55,54325.45,53989.8,54027.55
5/15/2026 11:15,54027.85,54162.1,53872.05,54098.8
5/15/2026 12:15,54099.15,54265.6,53954,54246.15
5/15/2026 13:15,54248.8,54319.5,54020.15,54088.1
5/15/2026 14:15,54087.3,54099.05,53678.65,53712.35
5/15/2026 15:15,53712.35,53802.5,53628.3,53782.3
5/18/2026 9:15,53282.15,53308.4,52783.45,52884.25
5/18/2026 10:15,52891.05,53108.1,52806.75,53082.8
5/18/2026 11:15,53082.15,53290.8,52956.7,53111.45
5/18/2026 12:15,53113.65,53585.15,53069.5,53440.2
5/18/2026 13:15,53437.25,53619.2,53403.8,53535.45
5/18/2026 14:15,53535.25,53667.55,53358.05,53509.2
5/18/2026 15:15,53509.2,53546.5,53440.6,53527.55
5/19/2026 9:15,53553.75,53770.65,53366,53602.3
5/19/2026 10:15,53600.4,53706.65,53519.75,53523.75
5/19/2026 11:15,53526.45,53656.45,53469.1,53647.95
5/19/2026 12:15,53648.1,53682.55,53558.2,53583.5
5/19/2026 13:15,53583.65,53683.9,53484.35,53603.1
5/19/2026 14:15,53602,53681,53337.05,53430.2
5/19/2026 15:15,53427.9,53455.8,53367.15,53409.15
5/19/2026 16:15,53409.15,53409.15,53409.15,53409.15
5/19/2026 17:15,53409.15,53409.15,53409.15,53409.15
